<?xml version="1.0" encoding="UTF-8"?>
<SHEET>
	<TITLE>iChain License</TITLE>
	<COMMENTS>
		<COMMENT>
			<COMMENT_LABEL>iChain 설치 License 목록입니다.</COMMENT_LABEL>
		</COMMENT>
	</COMMENTS>
	<COLUMNS>
		<COLUMN>
			<COLUMN_NAME>설치사이트</COLUMN_NAME>
			<FIELD_NAME>installSiteNm</FIELD_NAME>
			<COLUMN_WIDTH>20</COLUMN_WIDTH>
		</COLUMN>
		<COLUMN>
			<COLUMN_NAME>라이센스키</COLUMN_NAME>
			<FIELD_NAME>licenseKey</FIELD_NAME>
			<COLUMN_WIDTH>35</COLUMN_WIDTH>
			<COLUMN_LOCKING>true</COLUMN_LOCKING>
		</COLUMN>
		<COLUMN>
			<COLUMN_NAME>MAC주소</COLUMN_NAME>
			<FIELD_NAME>macAddress</FIELD_NAME>
			<COLUMN_WIDTH>15</COLUMN_WIDTH>
		</COLUMN>
		<COLUMN>
			<COLUMN_NAME>Trial여부</COLUMN_NAME>
			<FIELD_NAME>trialYn</FIELD_NAME>
			<COLUMN_WIDTH>8</COLUMN_WIDTH>
		</COLUMN>
		<COLUMN>
			<COLUMN_NAME>설치일자</COLUMN_NAME>
			<FIELD_NAME>installDate</FIELD_NAME>
			<COLUMN_WIDTH>10</COLUMN_WIDTH>
		</COLUMN>
		<COLUMN>
			<COLUMN_NAME>폐기여부</COLUMN_NAME>
			<FIELD_NAME>expireYn</FIELD_NAME>
			<COLUMN_WIDTH>8</COLUMN_WIDTH>
		</COLUMN>
		<COLUMN>
			<COLUMN_NAME>발급자명</COLUMN_NAME>
			<FIELD_NAME>contactUserNm</FIELD_NAME>
			<COLUMN_WIDTH>15</COLUMN_WIDTH>
		</COLUMN>
		<COLUMN>
			<COLUMN_NAME>버전정보</COLUMN_NAME>
			<FIELD_NAME>versionInfo</FIELD_NAME>
			<COLUMN_WIDTH>10</COLUMN_WIDTH>
		</COLUMN>
		<COLUMN>
			<COLUMN_NAME>생성일자</COLUMN_NAME>
			<FIELD_NAME>createDate</FIELD_NAME>
			<COLUMN_WIDTH>10</COLUMN_WIDTH>
		</COLUMN>
	</COLUMNS>
</SHEET>