<?xml version="1.0" encoding="UTF-8"?>
<SHEET>
	<TITLE>nsc.serviceLog.label.serviceLogList</TITLE>
	<COLUMNS>
		<COLUMN>
			<COLUMN_NAME>nsc.service.label.interfaceId</COLUMN_NAME>
			<FIELD_NAME>interfaceId</FIELD_NAME>
			<COLUMN_WIDTH>20</COLUMN_WIDTH>
			<CELL_ALIGN>1</CELL_ALIGN>
		</COLUMN>
		<COLUMN>
			<COLUMN_NAME>nsc.service.label.description</COLUMN_NAME>
			<FIELD_NAME>description</FIELD_NAME>
			<COLUMN_WIDTH>50</COLUMN_WIDTH>
			<CELL_ALIGN>1</CELL_ALIGN>
		</COLUMN>
		<COLUMN>
			<COLUMN_NAME>nsc.service.label.module</COLUMN_NAME>
			<FIELD_NAME>serviceModuleName</FIELD_NAME>
			<COLUMN_WIDTH>15</COLUMN_WIDTH>
		</COLUMN>
		<COLUMN>
			<COLUMN_NAME>nsc.instance.label.serviceLayer</COLUMN_NAME>
			<FIELD_NAME>serviceLayerName</FIELD_NAME>
			<COLUMN_WIDTH>10</COLUMN_WIDTH>
		</COLUMN>
		<COLUMN>
			<COLUMN_NAME>nsc.serviceLog.label.total</COLUMN_NAME>
			<FIELD_NAME>totalCnt</FIELD_NAME>
			<COLUMN_WIDTH>15</COLUMN_WIDTH>
			<CELL_ALIGN>3</CELL_ALIGN>
		</COLUMN>
		<COLUMN>
			<COLUMN_NAME>nsc.serviceLog.label.success</COLUMN_NAME>
			<FIELD_NAME>successCnt</FIELD_NAME>
			<COLUMN_WIDTH>15</COLUMN_WIDTH>
			<CELL_ALIGN>3</CELL_ALIGN>
		</COLUMN>
		<COLUMN>
			<COLUMN_NAME>nsc.serviceLog.label.error</COLUMN_NAME>
			<FIELD_NAME>errorCnt</FIELD_NAME>
			<COLUMN_WIDTH>10</COLUMN_WIDTH>
			<CELL_ALIGN>3</CELL_ALIGN>
		</COLUMN>
		<COLUMN>
			<COLUMN_NAME>nsc.serviceLog.label.warning</COLUMN_NAME>
			<FIELD_NAME>warningCnt</FIELD_NAME>
			<COLUMN_WIDTH>10</COLUMN_WIDTH>
			<CELL_ALIGN>3</CELL_ALIGN>
		</COLUMN>
		<COLUMN>
			<COLUMN_NAME>nsc.serviceLog.label.close</COLUMN_NAME>
			<FIELD_NAME>closedCnt</FIELD_NAME>
			<COLUMN_WIDTH>10</COLUMN_WIDTH>
			<CELL_ALIGN>3</CELL_ALIGN>
		</COLUMN>
		<COLUMN>
			<COLUMN_NAME>nsc.serviceLog.label.errorRate</COLUMN_NAME>
			<FIELD_NAME>errorRate</FIELD_NAME>
			<COLUMN_WIDTH>10</COLUMN_WIDTH>
			<CELL_ALIGN>3</CELL_ALIGN>
		</COLUMN>
		<COLUMN>
			<COLUMN_NAME>nsc.serviceLog.label.latestTime</COLUMN_NAME>
			<FIELD_NAME>lastEndDateTime</FIELD_NAME>
			<COLUMN_WIDTH>25</COLUMN_WIDTH>
		</COLUMN>
		<COLUMN>
			<COLUMN_NAME>nsc.serviceLog.label.elapsedTime</COLUMN_NAME>
			<FIELD_NAME>elapsTime</FIELD_NAME>
			<COLUMN_WIDTH>20</COLUMN_WIDTH>
		</COLUMN>
		<COLUMN>
			<COLUMN_NAME>nsc.serviceLog.label.avgElapsdTime</COLUMN_NAME>
			<FIELD_NAME>avgElapsTime</FIELD_NAME>
			<COLUMN_WIDTH>20</COLUMN_WIDTH>
		</COLUMN>
		<COLUMN>
			<COLUMN_NAME>nsc.serviceLog.label.latestStatus</COLUMN_NAME>
			<FIELD_NAME>lastStatus</FIELD_NAME>
			<COLUMN_WIDTH>15</COLUMN_WIDTH>
		</COLUMN>
	</COLUMNS>
</SHEET>