<?xml version="1.0" encoding="UTF-8"?>
<SHEET>
	<TITLE>nsc.service.label.serviceList</TITLE>
	<COLUMNS>
		<COLUMN>
			<COLUMN_NAME>nsc.service.label.interfaceId</COLUMN_NAME>
			<FIELD_NAME>interfaceId</FIELD_NAME>
			<COLUMN_WIDTH>20</COLUMN_WIDTH>
		</COLUMN>
		<COLUMN>
			<COLUMN_NAME>nsc.service.label.module</COLUMN_NAME>
			<FIELD_NAME>serviceGroupName</FIELD_NAME>
			<COLUMN_WIDTH>20</COLUMN_WIDTH>
		</COLUMN>
		<COLUMN>
			<COLUMN_NAME>nsc.service.label.serviceType</COLUMN_NAME>
			<FIELD_NAME>serviceTypeName</FIELD_NAME>
			<COLUMN_WIDTH>20</COLUMN_WIDTH>
		</COLUMN>
		<COLUMN>
			<COLUMN_NAME>nsc.service.label.description</COLUMN_NAME>
			<FIELD_NAME>description</FIELD_NAME>
			<COLUMN_WIDTH>20</COLUMN_WIDTH>
		</COLUMN>
		<COLUMN>
			<COLUMN_NAME>nsc.service.label.sourceSystem</COLUMN_NAME>
			<FIELD_NAME>sourceSystem</FIELD_NAME>
			<COLUMN_WIDTH>20</COLUMN_WIDTH>
		</COLUMN>
		<COLUMN>
			<COLUMN_NAME>nsc.service.label.targetSystem</COLUMN_NAME>
			<FIELD_NAME>targetSystem</FIELD_NAME>
			<COLUMN_WIDTH>20</COLUMN_WIDTH>
		</COLUMN>
	</COLUMNS>
</SHEET>