<?xml version="1.0" encoding="UTF-8"?>
<SHEET>
	<TITLE>nsc.excel.label.userTitle</TITLE>
	<COMMENTS>
		<COMMENT>
			<COMMENT_LABEL>nsc.excel.label.userTitle</COMMENT_LABEL>
		</COMMENT>
	</COMMENTS>
	<COLUMNS>
		<COLUMN>
			<COLUMN_NAME>nsc.excel.label.userID</COLUMN_NAME>
			<FIELD_NAME>userId</FIELD_NAME>
			<COLUMN_WIDTH>20</COLUMN_WIDTH>
			<COLUMN_LOCKING>true</COLUMN_LOCKING>
		</COLUMN>
		<COLUMN>
			<COLUMN_NAME>nsc.excel.label.userName</COLUMN_NAME>
			<FIELD_NAME>userName</FIELD_NAME>
			<COLUMN_WIDTH>20</COLUMN_WIDTH>
			<COLUMN_LOCKING>true</COLUMN_LOCKING>
		</COLUMN>
		<COLUMN>
			<COLUMN_NAME>nsc.excel.label.grdName</COLUMN_NAME>
			<FIELD_NAME>grdName</FIELD_NAME>
			<COLUMN_WIDTH>20</COLUMN_WIDTH>
		</COLUMN>
		<COLUMN>
			<COLUMN_NAME>nsc.excel.label.deptName</COLUMN_NAME>
			<FIELD_NAME>deptName</FIELD_NAME>
			<COLUMN_WIDTH>30</COLUMN_WIDTH>
		</COLUMN>
		<COLUMN>
			<COLUMN_NAME>nsc.excel.label.mail</COLUMN_NAME>
			<FIELD_NAME>email</FIELD_NAME>
			<COLUMN_WIDTH>50</COLUMN_WIDTH>
		</COLUMN>
	</COLUMNS>
</SHEET>