<?xml version="1.0" encoding="UTF-8" ?>
<!DOCTYPE sqlMap PUBLIC "-//ibatis.apache.org//DTD SQL Map 2.0//EN"
"http://ibatis.apache.org/dtd/sql-map-2.dtd">

<sqlMap namespace="com.nsc.identity.entity.User">

	<!-- Use type aliases to avoid typing the full classname every time. -->
	<typeAlias alias="user" type="com.nsc.identity.entity.User"/>
	
	<resultMap id="userResult" extends="com.nsc.common.markedObjectResult" class="user">
		<result property="userId" column="USER_ID"/>
		<result property="password" column="PASSWORD"/>
		<result property="activeFlag" column="ACTIVE_FLAG"/>
		<result property="userName" column="USER_NAME" />
		<result property="email" column="EMAIL_ADDRESS" />
		<result property="emailNotice" column="EMAIL_NOTICE" />
		<result property="smsNotice" column="SMS_NOTICE" />
		<result property="dbUsedEmail" column="DB_USED_EMAIL" />
		<result property="empNo" column="EMP_NO" />
		<result property="grdName" column="GRD_NAME" />
		<result property="deptName" column="DEPT_NAME" />
		<result property="mobile" column="MOBILE_TEL_NO" />
		<result property="compTel" column="COMP_TEL_NO" />
		<result property="language" column="LANGUAGE_CODE" />
		<result property="userType" column="USER_TYPE" />
		<result property="dashboardType" column="DASHBOARD_TYPE" />
		<result property="timeZone" column="TIME_ZONE_CODE" />
		<result property="recentLoginIp" column="RECENT_LOGIN_IP"/>
		<result property="recentLoginDatetime" column="RECENT_LOGIN_DATETIME" jdbcType="TIMESTAMP"/>
		<result property="lastLoginAddr" column="LAST_LOGIN_IP" />
		<result property="lastLoginDate" column="LAST_LOGIN_DATETIME" jdbcType="TIMESTAMP"/>
		<result property="lastLogoutDate" column="LAST_LOGOUT_DATETIME" jdbcType="TIMESTAMP"/>
		<result property="firstRegDatetime" column="FIRST_REG_DATETIME" jdbcType="TIMESTAMP"/>
		<result property="firstRegrId" column="FIRST_REGR_ID" />
	</resultMap>
	
	<resultMap id="userListResult" class="user">
		<result property="userId" column="USER_ID"/>
		<result property="activeFlag" column="ACTIVE_FLAG"/>
		<result property="userName" column="USER_NAME" />
		<result property="email" column="EMAIL_ADDRESS" />
		<result property="emailNotice" column="EMAIL_NOTICE" />
		<result property="smsNotice" column="SMS_NOTICE" />
		<result property="dbUsedEmail" column="DB_USED_EMAIL" />
		<result property="empNo" column="EMP_NO" />
		<result property="grdName" column="GRD_NAME" />
		<result property="deptName" column="DEPT_NAME" />
		<result property="mobile" column="MOBILE_TEL_NO" />
		<result property="compTel" column="COMP_TEL_NO" />
		<result property="language" column="LANGUAGE_CODE" />
		<result property="userType" column="USER_TYPE" />
		<result property="dashboardType" column="DASHBOARD_TYPE" />
	</resultMap>
	
	<select id="selectUser" resultMap="userResult">
		SELECT USER_ID, PASSWORD, ACTIVE_FLAG, USER_NAME, EMAIL_ADDRESS, EMAIL_NOTICE, SMS_NOTICE, 
			DB_USED_EMAIL, EMP_NO, GRD_NAME, DEPT_NAME, MOBILE_TEL_NO, COMP_TEL_NO,
			LANGUAGE_CODE, USER_TYPE, DASHBOARD_TYPE, TIME_ZONE_CODE,
			RECENT_LOGIN_IP, RECENT_LOGIN_DATETIME, LAST_LOGIN_IP, LAST_LOGIN_DATETIME, LAST_LOGOUT_DATETIME,
			FIRST_REGR_ID, FIRST_REG_DATETIME, LAST_MOD_DATETIME, LAST_MODR_ID
		  FROM ZZT_USER
		<dynamic prepend="WHERE">
			<isPropertyAvailable property="userId">
				<isNotEmpty prepend="AND" property="userId">
					USER_ID = #userId#
				</isNotEmpty>
			</isPropertyAvailable>
			<isPropertyAvailable property="userName">
				<isNotEmpty prepend="AND" property="userName">
					USER_NAME LIKE CONCAT('%', #userName#, '%')
				</isNotEmpty>
			</isPropertyAvailable>
			<isPropertyAvailable property="deptName">
				<isNotEmpty prepend="AND" property="deptName">
					DEPT_NAME LIKE CONCAT('%', #deptName#, '%')
				</isNotEmpty>
			</isPropertyAvailable>
			<isPropertyAvailable property="activeFlag">
				<isNotEmpty prepend="AND" property="activeFlag">
					ACTIVE_FLAG = #activeFlag#
				</isNotEmpty>
			</isPropertyAvailable>
			<isPropertyAvailable property="userType">
				<isNotEmpty prepend="AND" property="userType">
					USER_TYPE IS NULL
				</isNotEmpty>
			</isPropertyAvailable>
			<isPropertyAvailable property="passWord">
				<isNotEmpty prepend="AND" property="passWord">
					PASSWORD = #passWord#
				</isNotEmpty>
			</isPropertyAvailable>
			ORDER BY USER_NAME
		</dynamic>
	</select>
	
	<select id="countUser" resultClass="int">
		SELECT COUNT(1) AS TOTAL
		  FROM ZZT_USER
		<dynamic prepend="WHERE">
			<isPropertyAvailable property="userId">
				<isNotNull prepend="AND" property="userId">
					USER_ID = #userId#
				</isNotNull>
			</isPropertyAvailable>
			<isPropertyAvailable property="userName">
				<isNotNull prepend="AND" property="userName">
					USER_NAME LIKE CONCAT('%', #userName#, '%')
				</isNotNull>
			</isPropertyAvailable>
			<isPropertyAvailable property="deptName">
				<isNotNull prepend="AND" property="deptName">
					DEPT_NAME LIKE CONCAT('%', #deptName#, '%')
				</isNotNull>
			</isPropertyAvailable>
			<isPropertyAvailable property="activeFlag">
				<isNotNull prepend="AND" property="activeFlag">
					ACTIVE_FLAG = #activeFlag#
				</isNotNull>
			</isPropertyAvailable>
			<isPropertyAvailable property="userType">
				<isNotNull prepend="AND" property="userType">
					USER_TYPE <![CDATA[ <> ]]> #userType#
				</isNotNull>
			</isPropertyAvailable>
			<isPropertyAvailable property="passWord">
				<isNotNull prepend="AND" property="passWord">
					PASSWORD = #passWord#
				</isNotNull>
			</isPropertyAvailable>
			ORDER BY USER_NAME
		</dynamic>
	</select>
	
	<insert id="insertUser"  parameterClass="user" >
		INSERT INTO ZZT_USER (USER_ID, PASSWORD, ACTIVE_FLAG, USER_NAME, EMAIL_ADDRESS, EMAIL_NOTICE, SMS_NOTICE, 
			DB_USED_EMAIL, EMP_NO, GRD_NAME, DEPT_NAME, MOBILE_TEL_NO, COMP_TEL_NO, LANGUAGE_CODE, USER_TYPE, TIME_ZONE_CODE,
			FIRST_REGR_ID, FIRST_REG_DATETIME)
		VALUES (#userId#, #password#, #activeFlag#, #userName#, #email#, #emailNotice#, #smsNotice#, 
			#dbUsedEmail#, #empNo#, #grdName#, #deptName#, #mobile#, #compTel#, #language#, #userType#, #timeZone#,
			#firstRegrId#, now())
	</insert>
	
	<update id="updateUser" parameterClass="user" >
		UPDATE ZZT_USER
		   SET ACTIVE_FLAG 			= #activeFlag#,
			<isNotNull property="password">
				PASSWORD 			= #password#,
			</isNotNull>
			USER_NAME 				= #userName#,
			EMAIL_ADDRESS 			= #email#,
			EMAIL_NOTICE 			= #emailNotice#,
			SMS_NOTICE 				= #smsNotice#,
			DB_USED_EMAIL           = #dbUsedEmail#,
			EMP_NO					= #empNo#,
			GRD_NAME				= #grdName#,
			DEPT_NAME				= #deptName#,
			MOBILE_TEL_NO			= #mobile#,
			COMP_TEL_NO				= #compTel#,
			LANGUAGE_CODE			= #language#,
			LAST_MODR_ID			= #lastModrId#,
			LAST_MOD_DATETIME		= now()
		WHERE USER_ID = #userId#
	</update>
	
	<update id="updateUserMyValue">
		UPDATE ZZT_USER
		   SET
			<isNotNull property="newPass">
				PASSWORD 			= #newPass#,
			</isNotNull>
			USER_NAME 				= #userName#,
			EMAIL_ADDRESS 			= #email#,
			EMAIL_NOTICE 			= #emailNotice#,
			SMS_NOTICE 				= #smsNotice#,
			EMP_NO					= #empNo#,
			GRD_NAME				= #grdName#,
			DEPT_NAME				= #deptName#,
			MOBILE_TEL_NO			= #mobile#,
			COMP_TEL_NO				= #compTel#,
			LANGUAGE_CODE			= #language#,
			LAST_MODR_ID			= #lastModrId#,
			LAST_MOD_DATETIME		= now()
		WHERE USER_ID = #userId#
		<isNotNull prepend="AND" property="password">
			PASSWORD 				= #password#
		</isNotNull>
	</update>
	
	<delete id="deleteUser"  >
		DELETE FROM ZZT_USER
		<dynamic prepend="WHERE">
			<isPropertyAvailable property="userId">
				<isNotNull prepend="AND" property="userId">
					USER_ID = #userId#
				</isNotNull>
			</isPropertyAvailable>
		</dynamic>
	</delete>
	
  	<select id="selectListUser"  resultMap="userResult">
		SELECT  USER_ID, PASSWORD, ACTIVE_FLAG, USER_NAME, EMAIL_ADDRESS, EMAIL_NOTICE, SMS_NOTICE, 
				DB_USED_EMAIL, EMP_NO, GRD_NAME, DEPT_NAME, MOBILE_TEL_NO, COMP_TEL_NO,
				LANGUAGE_CODE, USER_TYPE, DASHBOARD_TYPE, TIME_ZONE_CODE,
				RECENT_LOGIN_IP, RECENT_LOGIN_DATETIME, LAST_LOGIN_IP, LAST_LOGIN_DATETIME, LAST_LOGOUT_DATETIME,
				FIRST_REGR_ID, FIRST_REG_DATETIME, LAST_MOD_DATETIME, LAST_MODR_ID
		  FROM ZZT_USER
		 WHERE USER_ID NOT IN ('SYSTEM_USER', 'BATCH_USER', 'Northstar')
		<isNotNull prepend="AND" property="userId">
			USER_ID = #userId#
		</isNotNull>
		<isNotNull prepend="AND" property="userName">
			USER_NAME LIKE CONCAT('%', #userName#, '%')
		</isNotNull>
		<isNotNull prepend="AND" property="deptName">
			DEPT_NAME LIKE CONCAT('%', #deptName#, '%')
		</isNotNull>
		<isNotNull prepend="AND" property="activeFlag">
			ACTIVE_FLAG = #activeFlag#
		</isNotNull>
		<isPropertyAvailable property="passWord">
			<isNotNull prepend="AND" property="passWord">
				PASSWORD = #passWord#
			</isNotNull>
		</isPropertyAvailable>
		ORDER BY USER_NAME
		LIMIT $pageSize$ OFFSET $offset$
	</select>
	
	<select id="countListUser" resultClass="int">
		SELECT  COUNT(1) AS TOTAL
		  FROM ZZT_USER
		 WHERE USER_ID NOT IN ('SYSTEM_USER', 'BATCH_USER', 'Northstar')
		<isNotNull prepend="AND" property="userId">
			USER_ID = #userId#
		</isNotNull>
		<isNotNull prepend="AND" property="userName">
			USER_NAME LIKE CONCAT('%', #userName#, '%')
		</isNotNull>
		<isNotNull prepend="AND" property="deptName">
			DEPT_NAME LIKE CONCAT('%', #deptName#, '%')
		</isNotNull>
		<isNotNull prepend="AND" property="activeFlag">
			ACTIVE_FLAG = #activeFlag#
		</isNotNull>
		<isPropertyAvailable property="passWord">
			<isNotNull prepend="AND" property="passWord">
				PASSWORD = #passWord#
			</isNotNull>
		</isPropertyAvailable>
	</select>
	
	<select id="checkUserId" resultClass="int">
	   SELECT COUNT(1) AS TOTAL
		 FROM ZZT_USER
		WHERE USER_ID  = #userId#
	</select>
	
	<select id="checkUserIdAndPassWord" resultClass="int">
	   SELECT COUNT(1) AS TOTAL
		 FROM ZZT_USER
		WHERE USER_ID = #userId# 
		  AND PASSWORD = #password#
	</select>
	
	<select id="selectExistsEmailCheck" resultClass="int">
	   SELECT COUNT(1) AS TOTAL
		 FROM ZZT_USER
		WHERE EMAIL_ADDRESS = #email#
		  AND USER_ID NOT IN (#userId#)
	</select>
	
	<select id="selectExistsMobileCheck" resultClass="int">
	   SELECT COUNT(1) AS TOTAL
		 FROM ZZT_USER
		WHERE MOBILE_TEL_NO = #mobile#
		  AND USER_ID NOT IN (#userId#)
	</select>
	
	<select id="selectUserDashboardType" resultClass="String">
		SELECT DASHBOARD_TYPE
		  FROM ZZT_USER
		 WHERE USER_ID = #userId#
	</select>
	
	<update id="updateUserDashboardType">
		UPDATE ZZT_USER
		   SET DASHBOARD_TYPE = #dashType#
		 WHERE USER_ID = #userId#
	</update>
	<!-- REQ-190004 : 사용자관리 검색 사용자명, 아이디 모두 like 로처리 -->
	<select id="selectUserSearchList" resultMap="userListResult">
		SELECT  USER_ID, ACTIVE_FLAG, USER_NAME, EMAIL_ADDRESS, EMAIL_NOTICE, SMS_NOTICE, 
				DB_USED_EMAIL, EMP_NO, GRD_NAME, DEPT_NAME, MOBILE_TEL_NO, COMP_TEL_NO,
				LANGUAGE_CODE, USER_TYPE, DASHBOARD_TYPE
		  FROM ZZT_USER
		 WHERE USER_ID NOT IN ('SYSTEM_USER', 'BATCH_USER', 'Northstar')
		<isNotNull prepend="AND" property="userId">
			UPPER(USER_ID) LIKE CONCAT('%', UPPER(#userId#), '%')
		</isNotNull>
		<isNotNull prepend="AND" property="userName">
			USER_NAME LIKE CONCAT('%', #userName#, '%')
		</isNotNull>
		<isNotNull prepend="AND" property="deptName">
			DEPT_NAME LIKE CONCAT('%', #deptName#, '%')
		</isNotNull>
		<isNotNull prepend="AND" property="activeFlag">
			ACTIVE_FLAG = #activeFlag#
		</isNotNull>
		ORDER BY USER_NAME
		LIMIT $pageSize$ OFFSET $offset$
	</select>
	<!-- REQ-190004 : 사용자관리 검색 사용자명, 아이디 모두 like 로처리 -->
	<select id="countUserSearchList" resultClass="int">
		SELECT  COUNT(1) AS TOTAL
		  FROM ZZT_USER
		 WHERE USER_ID NOT IN ('SYSTEM_USER', 'BATCH_USER', 'Northstar')
		<isNotNull prepend="AND" property="userId">
			UPPER(USER_ID) LIKE CONCAT('%', UPPER(#userId#), '%')
		</isNotNull>
		<isNotNull prepend="AND" property="userName">
			USER_NAME LIKE CONCAT('%', #userName#, '%')
		</isNotNull>
		<isNotNull prepend="AND" property="deptName">
			DEPT_NAME LIKE CONCAT('%', #deptName#, '%')
		</isNotNull>
		<isNotNull prepend="AND" property="activeFlag">
			ACTIVE_FLAG = #activeFlag#
		</isNotNull>
	</select>
	
	<select id="selectUserSearchPopup" resultMap="userListResult">
		SELECT  USER_ID, ACTIVE_FLAG, USER_NAME, EMAIL_ADDRESS, EMAIL_NOTICE, SMS_NOTICE, 
				DB_USED_EMAIL, EMP_NO, GRD_NAME, DEPT_NAME, MOBILE_TEL_NO, COMP_TEL_NO,
				LANGUAGE_CODE, USER_TYPE, DASHBOARD_TYPE
		  FROM ZZT_USER
		 WHERE USER_ID NOT IN ('SYSTEM_USER', 'BATCH_USER', 'Northstar')
		<isNotNull prepend="AND" property="userId">
			UPPER(USER_ID) LIKE CONCAT('%', UPPER(#userId#), '%')
		</isNotNull>
		<isNotNull prepend="AND" property="userName">
			USER_NAME LIKE CONCAT('%', #userName#, '%')
		</isNotNull>
		<isNotNull prepend="AND" property="deptName">
			DEPT_NAME LIKE CONCAT('%', #deptName#, '%')
		</isNotNull>
		<isNotNull prepend="AND" property="activeFlag">
			ACTIVE_FLAG = #activeFlag#
		</isNotNull>
		ORDER BY USER_NAME
	</select>
	
	<!-- REQ-190019 -->
	<update id="updateLoginDt" parameterClass="map">
		UPDATE ZZT_USER
		  SET LAST_LOGIN_DATETIME = NOW()
		WHERE USER_ID = #userId#
	</update>
	
	<update id="updateLogoutDt" parameterClass="map">
		UPDATE ZZT_USER
		  SET LAST_LOGOUT_DATETIME = NOW()
		WHERE USER_ID = #userId#
	</update>
	
	<delete id="deleteUserRelation" parameterClass="user" >
		DELETE FROM ZZT_SERVICE_USER_RELATION
		WHERE USER_ID = #userId#
	</delete>
	
	<delete id="deleteUserRoleData" parameterClass="user" >
		DELETE FROM ZZT_USER_ROLE
		WHERE USER_ID = #userId#
	</delete>
	
	<delete id="deleteUserData" parameterClass="user" >
		DELETE FROM ZZT_USER
		WHERE USER_ID = #userId#
	</delete>
	
</sqlMap>