<?xml version="1.0" encoding="UTF-8" ?>
<!DOCTYPE sqlMap PUBLIC "-//ibatis.apache.org//DTD SQL Map 2.0//EN"
"http://ibatis.apache.org/dtd/sql-map-2.dtd">

<sqlMap namespace="com.nsc.portal.entity.TotalSummary">

	<!-- Use type aliases to avoid typing the full classname every time. -->
	<typeAlias alias="total" type="com.nsc.portal.entity.TotalSummary"/>
	<typeAlias alias="error" type="com.nsc.portal.entity.ErrorService"/>
	<typeAlias alias="instanceStaus" type="com.nsc.portal.entity.InstanceStatusInfo"/>
	
	<resultMap id="totalResult" class="total">
		<result property="eventDate" column="EVENT_DATE"/>
		<result property="successCnt" column="SUCCESS_CNT"/>
		<result property="errorCnt" column="ERROR_CNT"/>
		<result property="totalCnt" column="TOTAL_CNT"/>
	</resultMap>
	
	<resultMap id="moduleResult" class="total">
		<result property="eventDate" column="EVENT_DATE"/>
		<result property="serviceGroup" column="SERVICE_GROUP"/>
		<result property="successCnt" column="SUCCESS_CNT"/>
		<result property="errorCnt" column="ERROR_CNT"/>
		<result property="totalCnt" column="TOTAL_CNT"/>
	</resultMap>
	
	<resultMap id="errorResult" class="error">
		<result property="serviceCode" column="SERVICE_CODE"/>
		<result property="interfaceId" column="INTERFACE_ID"/>
		<result property="eventTime" column="EVENT_TIME"/>
	</resultMap>
	
	<resultMap id="instanceResult" class="instanceStaus">
		<result property="instanceName" column="INSTANCE_NAME"/>
		<result property="hostName" column="HOST_NAME"/>
		<result property="ipAddress" column="IP"/>
		<result property="port" column="PORT"/>
		<result property="activeMode" column="ACTIVE_MODE"/>
		<result property="serverStatus" column="SERVER_STATUS"/>
		<result property="useMemory" column="USED_MEMORY"/>
		<result property="freeMemory" column="FREE_MEMORY"/>
		<result property="serverId" column="SERVER_ID"/>
		<result property="instanceType" column="INSTANCE_TYPE"/>
	</resultMap>
	
	<select id="selectTodayTotal" resultMap="totalResult">
		SELECT EVENT_DATE, 
		       IFNULL(SUCCESS_CNT, 0) SUCCESS_CNT, 
		       IFNULL(ERROR_CNT, 0) ERROR_CNT,
		       IFNULL(TOTAL_CNT, 0) TOTAL_CNT
		  FROM ZZT_LOG_SUM_DAILY
		 WHERE EVENT_DATE = DATE_FORMAT(NOW(), '%Y%m%d')
		   AND SERVICE_LAYER = #serviceLayer#
	</select>
	
	<select id="selectMonthTotal" resultMap="totalResult">
		SELECT LOG_MM AS EVENT_DATE, 
		       IFNULL(SUCCESS_CNT, 0) SUCCESS_CNT, 
		       IFNULL(ERROR_CNT, 0) ERROR_CNT,
		       IFNULL(TOTAL_CNT, 0) TOTAL_CNT
		  FROM ZZT_LOG_SUM_MONTH
		 WHERE LOG_MM = DATE_FORMAT(NOW(), '%Y%m')
		   AND SERVICE_LAYER = #serviceLayer#
	</select>
	
	<select id="selectMainErrorList" resultMap="errorResult">
		SELECT A.SERVICE_CODE, B.INTERFACE_ID, DATE_FORMAT(A.END_DATE_TIME, '%H:%i:%s') AS EVENT_TIME
		  FROM ZZT_LOG_ERROR A, ZZT_SERVICE_MASTER B
		 WHERE A.SERVICE_CODE = B.SERVICE_CODE
		   AND B.JOB_MONITOR = 'Y'
		   and A.SERVICE_LAYER = #serviceLayer#
		 ORDER BY A.END_DATE_TIME DESC
		LIMIT 5
	</select>
	
	<select id="selectMainHangList" resultMap="errorResult">
		SELECT A.SERVICE_CODE, A.INTERFACE_ID, A.HANG_TIME AS EVENT_TIME
		  FROM ZZT_RUNNING_SERVICE A LEFT OUTER JOIN ZZT_INSTANCE_SERVER B
		                               ON A.INSTANCE_ID = B.INSTANCE_ID
		                              AND A.INSTANCE_SEQ = B.INSTANCE_SEQ
		 WHERE A.HANG_YN = 'Y'
		   AND A.SERVICE_LAYER = #serviceLayer#
		   AND B.MONITOR = 'Y'
		ORDER BY A.SERVICE_START_TIME
		LIMIT 5
	</select>
	
	<select id="selectMainHourChart" resultMap="totalResult">
		SELECT A.DAT AS EVENT_DATE, IFNULL(B.SUCCESS_CNT, 0) SUCCESS_CNT, IFNULL(B.ERROR_CNT, 0) ERROR_CNT, IFNULL(B.TOTAL_CNT, 0) TOTAL_CNT
		  FROM (
		  		SELECT DISTINCT CONCAT(LEFT(DATE_FORMAT(a.Date, '%Y-%m-%d %H:%i'), 15), '0') DAT
				  FROM (
				    select NOW() - INTERVAL (a.a + (10 * b.a) + (100 * c.a))*10 MINUTE as Date
				    from (select 0 as a union all select 1 union all select 2 union all select 3 union all select 4 union all select 5 union all select 6 union all select 7 union all select 8 union all select 9) as a
				    cross join (select 0 as a union all select 1 union all select 2 union all select 3 union all select 4 union all select 5 union all select 6 union all select 7 union all select 8 union all select 9) as b
				    cross join (select 0 as a union all select 1 union all select 2 union all select 3 union all select 4 union all select 5 union all select 6 union all select 7 union all select 8 union all select 9) as c
				     ) a
				 WHERE a.Date <![CDATA[>]]> curDate()
				) A LEFT OUTER JOIN (
									SELECT DATE_FORMAT(CONCAT(EVENT_HH, ':00'), '%Y-%m-%d %H:%i') EVENT_DATE,
									       SUCCESS_CNT,
									       ERROR_CNT,
									       TOTAL_CNT
									  FROM ZZT_LOG_SUM_TIME
									 WHERE EVENT_DATE = DATE_FORMAT(NOW(), '%Y%m%d')
									   AND SERVICE_LAYER = #serviceLayer#
									) B
						ON A.DAT = B.EVENT_DATE
		ORDER BY A.DAT
	</select>
	
	<select id="selectChartPeriodDay" resultClass="HashMap">
		SELECT DATE_FORMAT(DATE_ADD(now(), interval -1 month), '%Y%m%d') MIN_DAY,
		       DATE_FORMAT(now(), '%Y%m%d') MAX_DAY
		  FROM DUAL
	</select>
	
	<select id="selectMainDailyChart" resultMap="totalResult">
		SELECT A.DAT AS EVENT_DATE, IFNULL(B.SUCCESS_CNT, 0) SUCCESS_CNT, IFNULL(B.ERROR_CNT, 0) ERROR_CNT, IFNULL(B.TOTAL_CNT, 0) TOTAL_CNT
		  FROM (
		        SELECT DISTINCT DATE_FORMAT(a.Date, '%Y-%m-%d') DAT
				 FROM (
				    select curDate() - INTERVAL (a.a + (10 * b.a) + (100 * c.a)) DAY as Date
				    from (select 0 as a union all select 1 union all select 2 union all select 3 union all select 4 union all select 5 union all select 6 union all select 7 union all select 8 union all select 9) as a
				    cross join (select 0 as a union all select 1 union all select 2 union all select 3 union all select 4 union all select 5 union all select 6 union all select 7 union all select 8 union all select 9) as b
				    cross join (select 0 as a union all select 1 union all select 2 union all select 3 union all select 4 union all select 5 union all select 6 union all select 7 union all select 8 union all select 9) as c
				      ) a
				 WHERE a.Date BETWEEN DATE_ADD(curDate(), interval -31 DAY) AND curDate()
				) A LEFT OUTER JOIN (
									SELECT DATE_FORMAT(EVENT_DATE, '%Y-%m-%d') EVENT_DATE,
									       SUCCESS_CNT,
									       ERROR_CNT,
									       TOTAL_CNT
									  FROM ZZT_LOG_SUM_DAILY
									 WHERE EVENT_DATE <![CDATA[>=]]> DATE_FORMAT(DATE_ADD(now(), interval -1 month), '%Y%m%d')
							           AND EVENT_DATE <![CDATA[<=]]> DATE_FORMAT(now(), '%Y%m%d')
							           AND SERVICE_LAYER = #serviceLayer#
							         ) B
					 ON A.DAT = B.EVENT_DATE
		ORDER BY A.DAT
	</select>
	
	<select id="selectMainMonthlyChart" resultMap="totalResult">
		SELECT T1.MONTH AS EVENT_DATE, IFNULL(T2.SUCCESS_CNT, 0) AS SUCCESS_CNT, IFNULL(T2.ERROR_CNT, 0) AS ERROR_CNT, IFNULL(T2.TOTAL_CNT, 0) AS TOTAL_CNT
		  FROM (
		        SELECT DISTINCT DATE_FORMAT(a.Date, '%Y-%m') MONTH
		        FROM (
		            select curdate() - INTERVAL (a.a + (10 * b.a) + (100 * c.a)) DAY as Date
		            from (select 0 as a union all select 1 union all select 2 union all select 3 union all select 4 union all select 5 union all select 6 union all select 7 union all select 8 union all select 9) as a
		            cross join (select 0 as a union all select 1 union all select 2 union all select 3 union all select 4 union all select 5 union all select 6 union all select 7 union all select 8 union all select 9) as b
		            cross join (select 0 as a union all select 1 union all select 2 union all select 3 union all select 4 union all select 5 union all select 6 union all select 7 union all select 8 union all select 9) as c
		        ) a
		        WHERE a.Date BETWEEN DATE_ADD(now(), interval -12 month) AND now()
		        ORDER BY MONTH DESC
		        LIMIT 12
		        ) T1 LEFT OUTER JOIN (
		                            SELECT DATE_FORMAT(CONCAT(LOG_MM, '01'), '%Y-%m') EVENT_DATE,
		                    		       SUCCESS_CNT,
		                    		       ERROR_CNT,
		                    		       TOTAL_CNT
		                    		  FROM ZZT_LOG_SUM_MONTH
		                    		 WHERE LOG_MM <![CDATA[>]]> DATE_FORMAT(DATE_ADD(now(), interval -1 year), '%Y%m')
		                    		   AND LOG_MM <![CDATA[<=]]> DATE_FORMAT(now(), '%Y%m')
		                    		   AND SERVICE_LAYER = #serviceLayer#
		                    		) T2
		               ON T1.MONTH = T2.EVENT_DATE
		ORDER BY T1.MONTH
	</select>
	
	<select id="selectMainInstanceStatus" resultMap="instanceResult">
		SELECT T1.INSTANCE_NAME, T1.HOST_NAME, T1.IP, T1.PORT, T1.SERVER_ID, T1.ACTIVE_MODE,
		       IFNULL((SELECT CASE WHEN #lang# = 'ko' THEN CODE_NAME_KO ELSE CODE_NAME_EN END 
               FROM ZZT_TCM_CODE WHERE CODE_GROUP = 'ISTTYPE' AND CODE = T1.INSTANCE_TYPE), 'N/A') AS INSTANCE_TYPE,
		       IFNULL(T2.SERVER_STATUS, 0) AS SERVER_STATUS, 
		       ROUND(IFNULL(T2.USED_MEMORY, 0)/1024, 0) AS USED_MEMORY, 
		       ROUND(IFNULL(T2.FREE_MEMORY, 0)/1024, 0) AS FREE_MEMORY
		  FROM ZZT_INSTANCE_SERVER T1 LEFT OUTER JOIN ZZT_INSTANCE_STATUS T2
		                                ON T2.INSTANCE_ID = T1.INSTANCE_ID
		                               AND T2.INSTANCE_SEQ = T1.INSTANCE_SEQ
		 WHERE T1.SERVICE_LAYER = #serviceLayer#
	</select>
	
	<select id="countSertviceMaster" resultClass="String">
		SELECT COUNT(1) FROM ZZT_SERVICE_MASTER
	</select>
	
	<select id="selectMainModuleTotal" resultMap="moduleResult">
		SELECT A.EVENT_DATE,
		       IFNULL((SELECT IF(#lang# = 'ko', CODE_NAME_KO, CODE_NAME_EN) 
		          FROM ZZT_TCM_CODE WHERE CODE_GROUP = 'SVCMODL' AND CODE = A.SERVICE_GROUP), 'N/A') AS SERVICE_GROUP,
		       IFNULL(A.SUCCESS_CNT, 0) SUCCESS_CNT, 
		       IFNULL(A.ERROR_CNT, 0) ERROR_CNT,
		       IFNULL(A.TOTAL_CNT, 0) TOTAL_CNT
		  FROM ZZT_LOG_MODULE_SUM A
		 WHERE A.EVENT_DATE = DATE_FORMAT(NOW(), '%Y%m%d')
		   AND A.SERVICE_LAYER = #serviceLayer#
	</select>
	
</sqlMap>