<?xml version="1.0" encoding="UTF-8" ?>
<!DOCTYPE sqlMap PUBLIC "-//ibatis.apache.org//DTD SQL Map 2.0//EN"
"http://ibatis.apache.org/dtd/sql-map-2.dtd">

<sqlMap namespace="com.nsc.batchLogger.entity.BatchLogMng">

	<!-- Use type aliases to avoid typing the full classname every time. -->
	<typeAlias alias="batchLogMng" type="com.nsc.batchLogger.entity.BatchLogMng"/>
	
	<resultMap id="batchLogMngResult" class="batchLogMng">
		<result property="logId" column="LOG_ID" />
		<result property="batchId" column="BATCH_ID" />
		<result property="logDate" column="LOG_DATE" />
		<result property="startDateTime" column="START_DATETIME" />
		<result property="endDateTime" column="END_DATETIME" />
		<result property="elapsTime" column="ELAPS_TIME" />
		<result property="batchResult" column="BATCH_RESULT" />
		<result property="batchStatus" column="BATCH_STATUS" />
		<result property="createDate" column="CREATE_DATE" />
	</resultMap> 
	
	<sql id="tableBatchLogMng">ZZT_BATCH_LOG</sql>
	<sql id="columnsBatchLogMng">
		LOG_ID, BATCH_ID, LOG_DATE, START_DATETIME, END_DATETIME, ELAPS_TIME, BATCH_RESULT, BATCH_STATUS, CREATE_DATE
	</sql> 
	 
	<sql id="conditionBatchLogMng">
		<dynamic prepend="WHERE">
			<isNotEmpty prepend="AND" property="startDate">
         		LOG_DATE <![CDATA[>=]]> #startDate#
         	</isNotEmpty>
         	<isNotEmpty prepend="AND" property="endDate">
         		LOG_DATE <![CDATA[<=]]> #endDate#
         	</isNotEmpty>
         	<isNotEmpty prepend="AND" property="batchId">
         		BATCH_ID LIKE CONCAT('%', #batchId#, '%')
         	</isNotEmpty>
		</dynamic>
	</sql>

	<select id="selectBatchLogListPaging"  resultMap="batchLogMngResult">
		SELECT LOG_ID, BATCH_ID, LOG_DATE, START_DATETIME, END_DATETIME, ELAPS_TIME,
			   BATCH_RESULT, BATCH_STATUS, CREATE_DATE
		FROM <include refid="tableBatchLogMng"/>
		<include refid="conditionBatchLogMng"/>
		ORDER BY CREATE_DATE DESC
		LIMIT $pageSize$ OFFSET $offset$
	</select>
	
	<select id="countBatchLogList" resultClass="int">
		SELECT COUNT(1) AS TOTAL
		FROM <include refid="tableBatchLogMng"/> 
		<include refid="conditionBatchLogMng"/> 
	</select>
	
	<insert id="insertBatchLog" parameterClass="batchLogMng">
	    INSERT INTO ZZT_BATCH_LOG(LOG_ID, BATCH_ID, LOG_DATE, START_DATETIME, BATCH_RESULT, BATCH_STATUS, CREATE_DATE)
	    VALUES(#logId#, #batchId#, #logDate#, #startDateTime#, #batchResult#, #batchStatus#, now())
	</insert>
	
	<update id="updateBatchLog" parameterClass="batchLogMng">
		UPDATE ZZT_BATCH_LOG
		   SET LOG_DATE = #logDate#,
			   END_DATETIME = #endDateTime#,
			   ELAPS_TIME = LEFT(TIME_FORMAT(STR_TO_DATE(#endDateTime#, '%Y-%m-%d %H:%i:%s.%f') - STR_TO_DATE(START_DATETIME, '%Y-%m-%d %H:%i:%s.%f'),'%H:%i:%s.%f'),12),
			   BATCH_RESULT = #batchResult#,
			   BATCH_STATUS = #batchStatus#
	     WHERE LOG_ID = #logId#
	</update>
		
</sqlMap>