<?xml version="1.0" encoding="UTF-8" ?>
<!DOCTYPE sqlMap PUBLIC "-//ibatis.apache.org//DTD SQL Map 2.0//EN"
"http://ibatis.apache.org/dtd/sql-map-2.dtd">

<sqlMap namespace="com.nsc.common.entity.SysResource">

	<!-- Use type aliases to avoid typing the full classname every time. -->
	<typeAlias alias="sysResource" type="com.nsc.common.entity.SysResource"/>
	
	<resultMap id="sysResourceResult"  extends="com.nsc.common.markedObjectResult" class="sysResource" >
		<result property="sysResourceId" column="SYS_RESOURCE_ID"/>
		<result property="sysResourceTypeCodeId" column="SYS_RESOURCE_TYPE_CODE_ID" />
		<result property="sysResourceName" column="SYS_RESOURCE_NAME"/>
		<result property="description" column="DESCRIPTION"/>
		<result property="upperSysResourceId" column="UPPER_SYS_RESOURCE_ID"/>
		<result property="deleted" column="DELETE_YN"/>
	</resultMap>

	<sql id="tableSysResource">ZZT_SYS_RESOURCE</sql>
	<sql id="columnsSysResource">
		<include refid="tableSysResource"/>.SYS_RESOURCE_ID, 
		<include refid="tableSysResource"/>.UPPER_SYS_RESOURCE_ID, 
		<include refid="tableSysResource"/>.SYS_RESOURCE_TYPE_CODE_ID,
		<include refid="tableSysResource"/>.SYS_RESOURCE_NAME,
		<include refid="tableSysResource"/>.DESCRIPTION,
		<include refid="tableSysResource"/>.DELETE_YN,
		<include refid="tableSysResource"/>.FIRST_REG_DATETIME,
		<include refid="tableSysResource"/>.FIRST_REGR_ID,
		<include refid="tableSysResource"/>.LAST_MOD_DATETIME,
		<include refid="tableSysResource"/>.LAST_MODR_ID
	</sql> 
	
	<sql id="conditionSysResource">
		<dynamic prepend="WHERE">
			<isNotNull prepend="AND" property="sysResourceId">
				SYS_RESOURCE_ID = #sysResourceId#
			</isNotNull>
			<isNotNull prepend="AND" property="sysResourceName">
				SYS_RESOURCE_NAME = #sysResourceName#
			</isNotNull>
	        <isNotEmpty prepend="AND" property="sysResourceTypeCodeId">
				SYS_RESOURCE_TYPE_CODE_ID = #sysResourceTypeCodeId#
			</isNotEmpty>
			<isNotNull prepend="AND" property="deleted">
				<include refid="tableSysResource"/>.DELETE_YN = #deleted#
			</isNotNull>
			<isNotNull prepend="AND" property="sysResourceIds">
				SYS_RESOURCE_ID IN
				<iterate open="(" close=")" conjunction = "," property="sysResourceIds">
					 #sysResourceIds[]#
				</iterate>
			</isNotNull>
			<isPropertyAvailable property="sysResourceTypeCodeIds">
				<isNotEmpty prepend="AND" property="sysResourceTypeCodeIds">
					SYS_RESOURCE_TYPE_CODE_ID IN
					<iterate open="(" close=")" conjunction = "," property="sysResourceTypeCodeIds">
						 #sysResourceTypeCodeIds[]#
					</iterate>
				</isNotEmpty>
				<isEmpty prepend="AND" property="sysResourceTypeCodeIds">
					1=0
				</isEmpty>
			</isPropertyAvailable>
		</dynamic>
	</sql> 
	
	<select id="selectSysResource"  resultMap="sysResourceResult">
		SELECT 
		<include refid="columnsSysResource"/>
		FROM <include refid="tableSysResource"/>
		<include refid="conditionSysResource"/>
		<dynamic>
			<isNotEmpty prepend="ORDER BY" property="orderBy">
				$orderBy$
			</isNotEmpty>
		</dynamic>
	</select>
	<select id="countSysResource" resultClass="int">
		SELECT COUNT(1) AS TOTAL
		FROM <include refid="tableSysResource"/>
		<include refid="conditionSysResource"/> 
	</select>
	<select id="selectResourceName"  resultMap="sysResourceResult">
		SELECT R.SYS_RESOURCE_ID, R.SYS_RESOURCE_TYPE_CODE_ID,
			    M.LABEL SYS_RESOURCE_NAME, R.DESCRIPTION, R.UPPER_SYS_RESOURCE_ID, R.DELETE_YN,
			    R.FIRST_REGR_ID, R.FIRST_REG_DATETIME, R.LAST_MODR_ID, R.LAST_MOD_DATETIME
		   FROM (SELECT <![CDATA[@r]]> AS _ID,
			            (SELECT  <![CDATA[@r :=]]> UPPER_SYS_RESOURCE_ID FROM ZZT_SYS_RESOURCE WHERE SYS_RESOURCE_ID = _ID  AND DELETE_YN  <![CDATA[<>]]> '1') AS _PARENT_ID,
			             <![CDATA[@l :=]]>  <![CDATA[@l]]>+1 as LV
			       FROM ( SELECT  <![CDATA[@r :=]]> #sysResourceId#) AS vars, (SELECT * FROM ZZT_SYS_RESOURCE WHERE DELETE_YN <![CDATA[<>]]> '1') AS h
			      WHERE  <![CDATA[@r]]> is not null) C INNER JOIN ZZT_SYS_RESOURCE R 
			                                    ON _ID = R.SYS_RESOURCE_ID
			                              INNER JOIN ZZT_MENU M 
						                        ON R.SYS_RESOURCE_ID = M.MENU_ID
			WHERE _PARENT_ID IS NOT NULL
			ORDER BY LV DESC
	</select>
	<insert id="insertSysResource"  parameterClass="sysResource" >
		INSERT INTO ZZT_SYS_RESOURCE (SYS_RESOURCE_ID, UPPER_SYS_RESOURCE_ID, SYS_RESOURCE_TYPE_CODE_ID, SYS_RESOURCE_NAME, 
			DESCRIPTION, DELETE_YN, FIRST_REGR_ID, FIRST_REG_DATETIME)
		VALUES( #sysResourceId#, #upperSysResourceId#, #sysResourceTypeCodeId#, #sysResourceName#, 
			#description#, #deleted#, #firstRegrId#, #firstRegDatetime,jdbcType=TIMESTAMP#)
	</insert>
	<update id="updateSysResource"  parameterClass="sysResource">
		UPDATE ZZT_SYS_RESOURCE SET
			SYS_RESOURCE_TYPE_CODE_ID = #sysResourceTypeCodeId#,
			SYS_RESOURCE_NAME		  = #sysResourceName#,
			DESCRIPTION				  = #description#,
			DELETE_YN				  = #deleted#,
			LAST_MODR_ID			  = #lastModrId#,
			LAST_MOD_DATETIME		  = #lastModDatetime,jdbcType=TIMESTAMP#
		WHERE SYS_RESOURCE_ID = #sysResourceId#
	</update>
	<delete id="deleteSysResource"  >
		DELETE FROM ZZT_SYS_RESOURCE
		<include refid="conditionSysResource"/>
	</delete>
</sqlMap> 
