<?xml version="1.0" encoding="UTF-8" ?>
<!DOCTYPE sqlMap PUBLIC "-//ibatis.apache.org//DTD SQL Map 2.0//EN"
"http://ibatis.apache.org/dtd/sql-map-2.dtd">

<sqlMap namespace="com.nsc.common.entity.Sys">
	<typeAlias alias="sys" type="com.nsc.common.entity.Sys"/>
	<typeAlias alias="partition" type="com.nsc.common.entity.PartitionTable"/>
	
	<resultMap id="sysResult" class="sys">
		<result property="sysId" column="SYS_ID"/>
		<result property="sysName" column="SYS_NAME"/>
		<result property="sysEmail" column="SYS_EMAIL"/>
		<result property="sysPhoneNo" column="SYS_PHONENO"/>
		<result property="smtpUseYn" column="SMTP_USE_YN"/>
		<result property="smtpHost" column="SMTP_HOST"/>
		<result property="smtpPort" column="SMTP_PORT"/>
		<result property="smtpAuthYn" column="SMTP_AUTH_YN"/>
		<result property="smtpTlsYn" column="SMTP_TLS_YN"/>
		<result property="smtpUserId" column="SMTP_USER_ID"/>
		<result property="smtpPwd" column="SMTP_PWD"/>
		<result property="partitionCnt" column="LOG_PARTITION_CNT"/>
		<result property="userdataSysYn" column="USERDATA_SYS_YN"/>
		<result property="userdataPeriodCnt" column="USERDATA_PERIOD_CNT"/>
	</resultMap>
	
	<resultMap id="partitionResult" class="partition">
		<result property="tableName" column="TABLE_NAME"/>
		<result property="tableRows" column="TABLE_ROWS"/>
	</resultMap>
	
	<select id="selectSysId" resultMap="sysResult">
		SELECT SYS_ID, SYS_NAME, SYS_EMAIL, SYS_PHONENO, SMTP_USE_YN, SMTP_HOST, SMTP_PORT, SMTP_AUTH_YN, SMTP_TLS_YN, SMTP_USER_ID, SMTP_PWD,
		       LOG_PARTITION_CNT, USERDATA_SYS_YN, USERDATA_PERIOD_CNT
		 FROM ZZT_SYS
		 WHERE SYS_ID = #sysId#
	</select>
	
	<update id="updateSystemInfo" parameterClass="sys">
		UPDATE ZZT_SYS
		   SET SYS_EMAIL = #sysEmail#,
		       SYS_PHONENO = #sysPhoneNo#,
		       SMTP_USE_YN = #smtpUseYn#,
		       SMTP_HOST = #smtpHost#,
		       SMTP_PORT = #smtpPort#,
		       SMTP_AUTH_YN = #smtpAuthYn#,
		       SMTP_TLS_YN = #smtpTlsYn#,
		       SMTP_USER_ID = #smtpUserId#,
		       SMTP_PWD = #smtpPwd#,
		       LOG_PARTITION_CNT = #partitionCnt#,
		       USERDATA_SYS_YN = #userdataSysYn#,
		       <isNotEmpty property="userdataPeriodCnt">
					USERDATA_PERIOD_CNT = #userdataPeriodCnt#,
			   </isNotEmpty>
			   <isEmpty property="userdataPeriodCnt">
			   		USERDATA_PERIOD_CNT = null,
			   </isEmpty>
		       LAST_MODR_ID = #lastModrId#,
		       LAST_MOD_DATETIME = now()
		 WHERE SYS_ID = #sysId#
	</update>
	
	<select id="selectPartitionTable" resultMap="partitionResult">
		SELECT TABLE_NAME, TABLE_ROWS
		  FROM INFORMATION_SCHEMA.tables
		WHERE TABLE_NAME IN ('ZZT_LOG_SUMMARY', 'ZZT_LOG_HEADER', 'ZZT_LOG_DETAIL', 
		 'ZZT_LOG_ELAPS_AVG', 'ZZT_LOG_SUM_TIME', 'ZZT_LOG_SUM_DAILY', 'ZZT_LOG_MODULE_SUM')
		ORDER BY TABLE_NAME
	</select>
	
	<select id="selectMinSummaryDate" resultClass="String">
		SELECT MIN(EVENT_DATE) FROM ZZT_LOG_SUMMARY
	</select>
	
	<select id="selectMinEventDate" resultClass="String">
		SELECT MIN(EVENT_DATE) FROM ZZT_LOG_HEADER
	</select>
	
	<parameterMap id="removeDate" class="java.util.Map">
		<parameter property="removeDate" javaType="java.lang.String" jdbcType="VARCHAR" mode="IN" />
	</parameterMap>
	
	<update id="excuteDeleteSummary" parameterMap="removeDate" timeout="3600">
		{ call ZZP_REMOVE_SUMMARY(?) }
	</update>
	
	<update id="excuteDeletePartition" parameterMap="removeDate" timeout="4800">
		{ call ZZP_REMOVE_PARTITION(?) }
	</update>
	
</sqlMap>