<?xml version="1.0" encoding="UTF-8" ?>
<!DOCTYPE sqlMap PUBLIC "-//ibatis.apache.org//DTD SQL Map 2.0//EN"
"http://ibatis.apache.org/dtd/sql-map-2.dtd">

<sqlMap namespace="com.nsc.commonCode.entity.TcmCode">

	<!-- Use type aliases to avoid typing the full classname every time. -->
	<typeAlias alias="tcmCode" type="com.nsc.commonCode.entity.TcmCode"/> 
		
	<resultMap id="tcmCodeResult" extends="com.nsc.common.markedObjectResult" class="tcmCode">
		<result property="codeGroup" column="CODE_GROUP"/>
		<result property="code" column="CODE"/>
		<result property="codeNameKo" column="CODE_NAME_KO"/>
		<result property="codeNameEn" column="CODE_NAME_EN"/>
		<result property="codeValue" column="CODE_VALUE"/>
		<result property="useYn" column="USE_YN"/>
		<result property="sortSeq" column="SORT_SEQ"/>
		<result property="codelevel" column="CODE_LEVEL"/>
		<result property="refCode1" column="REF_CODE1" />
		<result property="refCodeName1" column="REF_CODE_NAME1"/>
		<result property="refCode2" column="REF_CODE2" />
		<result property="refCodeName2" column="REF_CODE_NAME2"/>
		<result property="refCode3" column="REF_CODE3" />
		<result property="refCodeName3" column="REF_CODE_NAME3"/>
	</resultMap>
	
	<resultMap id="tcmCodeGroupResult" extends="com.nsc.common.markedObjectResult" class="tcmCode">
		<result property="codeGroup" column="CODE_GROUP"/>
		<result property="code" column="CODE"/>
		<result property="codeNameKo" column="CODE_NAME_KO"/>
		<result property="codeNameEn" column="CODE_NAME_EN"/>
		<result property="codeValue" column="CODE_VALUE"/>
		<result property="useYn" column="USE_YN"/>
	</resultMap>
	
	<select id="selectTcmCode" resultMap="tcmCodeResult">
		SELECT CODE_GROUP, CODE, CODE_NAME_KO, CODE_NAME_EN, CODE_VALUE, USE_YN, SORT_SEQ, CODE_LEVEL,
		       REF_CODE1, REF_CODE_NAME1, REF_CODE2, REF_CODE_NAME2, REF_CODE3, REF_CODE_NAME3,
		       FIRST_REGR_ID, FIRST_REG_DATETIME, LAST_MODR_ID, LAST_MOD_DATETIME
		  FROM ZZT_TCM_CODE
		 WHERE CODE_GROUP = #codeGroup#
		<isNotEmpty prepend="AND" property="codeValue">
		    CODE_VALUE = #codeValue#
		</isNotEmpty>
		<isNotEmpty prepend="AND" property="codeLevel">
		    CODE_LEVEL = $codeLevel$
		</isNotEmpty>
		<isNotEmpty prepend="AND" property="code">
		    CODE = #code#
		</isNotEmpty>
		<isNotEmpty prepend="AND" property="useYn">
		    USE_YN = #useYn#
		</isNotEmpty>
		ORDER BY CODE_VALUE, SORT_SEQ
	</select>
	
	<select id="selectTcmCodeGroup" resultMap="tcmCodeGroupResult">
		SELECT CODE_GROUP, CODE, CODE_NAME_KO, CODE_NAME_EN, CODE_VALUE, USE_YN,
		       FIRST_REGR_ID, FIRST_REG_DATETIME, LAST_MODR_ID, LAST_MOD_DATETIME
		  FROM ZZT_TCM_CODE
		 WHERE CODE_LEVEL = 1
		<isNotEmpty prepend="AND" property="codeGroup">
		    CODE_GROUP LIKE  CONCAT('%', #codeGroup#, '%')
		</isNotEmpty>
		<isNotEmpty prepend="AND" property="codeNameKo">
		    CODE_NAME_KO LIKE  CONCAT('%', #codeNameKo#, '%')
		</isNotEmpty>
		<isNotEmpty prepend="AND" property="codeNameEn">
		    CODE_NAME_EN LIKE CONCAT('%', #codeNameEn#, '%')
		</isNotEmpty>
		<isNotEmpty prepend="AND" property="codeGroupName">
		    ( CODE_NAME_KO LIKE  CONCAT('%', #codeGroupName#, '%') OR CODE_NAME_EN LIKE CONCAT('%', #codeGroupName#, '%'))
		</isNotEmpty>
		<isNotEmpty prepend="AND" property="ALL">
			( UPPER(CODE_GROUP) like UPPER(CONCAT('%', #ALL#, '%'))
			or UPPER(CODE_NAME_KO) like UPPER(CONCAT('%', #ALL#, '%'))
			or UPPER(CODE_NAME_EN) like UPPER(CONCAT('%', #ALL#, '%')) )
		</isNotEmpty>
		ORDER BY CODE_GROUP
		LIMIT $pageSize$ OFFSET $offset$
	</select>
	
	<select id="countTcmCodeGroup" resultClass="int">
		SELECT COUNT(1) AS TOTAL
		  FROM ZZT_TCM_CODE
		 WHERE CODE_LEVEL = 1
	 	<isNotEmpty prepend="AND" property="codeGroup">
		    CODE_GROUP = #codeGroup#
		</isNotEmpty>
		<isNotEmpty prepend="AND" property="codeNameKo">
		    CODE_NAME_KO LIKE CONCAT('%', #codeNameKo#, '%')
		</isNotEmpty>
		<isNotEmpty prepend="AND" property="codeNameEn">
		    CODE_NAME_EN LIKE CONCAT('%', #codeNameEn#, '%')
		</isNotEmpty>
	</select>
	
	<insert id="insertTcmCodeGroup" parameterClass="tcmCode">
		INSERT INTO ZZT_TCM_CODE(CODE_GROUP, CODE, CODE_NAME_KO, CODE_NAME_EN, CODE_VALUE, 
			USE_YN, CODE_LEVEL, FIRST_REGR_ID, FIRST_REG_DATETIME)
		VALUES (#codeGroup#, #codeGroup#, #codeNameKo#, #codeNameEn#, #codeValue#, 
			'Y', 1, #firstRegrId#, #firstRegDatetime,jdbcType=TIMESTAMP#)
	</insert>
	
	<update id="updateTcmCodeGroup" parameterClass="tcmCode">
		UPDATE ZZT_TCM_CODE
		   SET CODE_NAME_KO = #codeNameKo#,
		       CODE_NAME_EN = #codeNameEn#,
		       CODE_VALUE   = #codeValue#,
		       USE_YN       = #useYn#,
		       LAST_MODR_ID = #lastModrId#,
		       LAST_MOD_DATETIME = #lastModDatetime,jdbcType=TIMESTAMP#
		 WHERE CODE_GROUP = #codeGroup#
		   AND CODE_LEVEL = 1
	</update>
	
	<delete id="deleteModuleCodes" parameterClass="tcmCode">
		DELETE FROM ZZT_TCM_CODE
		 WHERE CODE_GROUP = 'SVCMODL'
		   AND CODE = #code#
	</delete>
	
	<insert id="insertTcmCode" parameterClass="tcmCode">
		INSERT INTO ZZT_TCM_CODE (CODE_GROUP, CODE, CODE_NAME_KO, CODE_NAME_EN, CODE_VALUE, 
			USE_YN, SORT_SEQ, CODE_LEVEL, FIRST_REGR_ID, FIRST_REG_DATETIME)
		SELECT #codeGroup# AS CODE_GROUP,
		       #code# AS CODE,
		       #codeNameKo# AS CODE_NAME_KO,
		       #codeNameEn# AS CODE_NAME_EN,
		       #codeValue# AS CODE_VALUE,
		       #useYn# AS USE_YN,
		       <isNotEmpty property="sortSeq">
		       MAX($sortSeq$) AS SORT_SEQ,
		       </isNotEmpty>
		       <isEmpty property="sortSeq">
		       MAX(IFNULL(SORT_SEQ, 0))+1 AS SORT_SEQ,
		       </isEmpty>
		       2 AS CODE_LEVEL,
		       #firstRegrId# AS FIRST_REGR_ID,
		       #firstRegDatetime,jdbcType=TIMESTAMP# AS FIRST_REG_DATETIME
		  FROM ZZT_TCM_CODE
		 WHERE CODE_GROUP = #codeGroup#
	</insert>
	
	<update id="updateTcmCode" parameterClass="tcmCode">
		UPDATE ZZT_TCM_CODE
		   SET CODE_NAME_KO = #codeNameKo#,
		       CODE_NAME_EN = #codeNameEn#,
		       CODE_VALUE = #codeValue#,
		       USE_YN = #useYn#,
		       <isNotEmpty property="sortSeq">
		       SORT_SEQ = $sortSeq$,
		       </isNotEmpty>
		       <isEmpty property="sortSeq">
		       SORT_SEQ = (SELECT MAX(IFNULL(SORT_SEQ, 0))+1 FROM ZZT_TCM_CODE WHERE CODE_GROUP = #codeGroup#),
		       </isEmpty>
		       LAST_MODR_ID = #lastModrId#,
		       LAST_MOD_DATETIME = now()
		 WHERE CODE_GROUP = #codeGroup#
		   AND CODE = #code#
	</update>
	
	<select id="selectModuleList" resultMap="tcmCodeResult">
		SELECT CODE_GROUP, CODE, CODE_NAME_KO, CODE_NAME_EN, CODE_VALUE, USE_YN, SORT_SEQ, CODE_LEVEL,
		       REF_CODE1, REF_CODE_NAME1, REF_CODE2, REF_CODE_NAME2, REF_CODE3, REF_CODE_NAME3,
		       FIRST_REGR_ID, FIRST_REG_DATETIME, LAST_MODR_ID, LAST_MOD_DATETIME
		  FROM ZZT_TCM_CODE
		 WHERE CODE_GROUP = 'SVCMODL'
		   AND CODE_LEVEL = 2
		ORDER BY SORT_SEQ
	</select>
		
</sqlMap>