<?xml version="1.0" encoding="UTF-8" ?>
<!DOCTYPE sqlMap PUBLIC "-//ibatis.apache.org//DTD SQL Map 2.0//EN"
"http://ibatis.apache.org/dtd/sql-map-2.dtd">

<sqlMap namespace="com.nsc.service.entity.ServiceMaster">

	<!-- Use type aliases to avoid typing the full classname every time. -->
	<typeAlias alias="logSummary" type="com.nsc.serviceLog.entity.LogSummary"/>
	<typeAlias alias="logHistory" type="com.nsc.serviceLog.entity.LogHeader"/>
	<typeAlias alias="logDetail" type="com.nsc.serviceLog.entity.LogDetail"/>
	<typeAlias alias="runService" type="com.nsc.batch.entity.RunService"/>
	
	<resultMap id="logSummaryResult" class="logSummary">
		<result property="serviceCode" column="SERVICE_CODE"/>
		<result property="serviceLayer" column="SERVICE_LAYER"/>
		<result property="successCnt" column="SUCCESS_CNT"/>
		<result property="errorCnt" column="ERROR_CNT"/>
		<result property="closedCnt" column="CLOSE_CNT"/>
		<result property="warningCnt" column="WARNING_CNT"/>
		<result property="totalCnt" column="TOTAL_CNT"/>
		<result property="errorRate" column="ERROR_RATE"/>
		<result property="lastStartDateTime" column="LAST_START_DATE_TIME"/>
		<result property="lastEndDateTime" column="LAST_END_DATE_TIME"/>
		<result property="elapsTime" column="ELAPS_TIME"/>
		<result property="avgElapsTime" column="AVG_ELAPS_TIME"/>
		<result property="interfaceId" column="INTERFACE_ID"/>
		<result property="description" column="SERVICE_DESCRIPTION"/>
		<result property="serviceModule" column="SERVICE_GROUP"/>
		<result property="serviceLayerName" column="SERVICE_LAYER_NAME"/>
		<result property="serviceModuleName" column="SERVICE_GROUP_NAME"/>
		<result property="lastStatus" column="LAST_STATUS"/>
		<!-- <result property="searchElapsTime" column="SEARCH_ELAPS_TIME"/> -->
	</resultMap>
	
	<resultMap id="logHistoryResult" class="logHistory">
		<result property="rootContextId" column="ROOT_CONTEXT_ID"/>
		<result property="eventDate" column="EVENT_DATE"/>
		<result property="serviceCode" column="SERVICE_CODE"/>
		<result property="serviceLayer" column="SERVICE_LAYER"/>
		<result property="serviceLayerName" column="SERVICE_LAYER_NAME"/>
		<result property="instanceId" column="INSTANCE_ID"/>
		<result property="serviceGroup" column="SERVICE_GROUP"/>
		<result property="startDateTime" column="START_DATE_TIME"/>
		<result property="endDateTime" column="END_DATE_TIME"/>
		<result property="status" column="STATUS"/>
		<result property="statusName" column="STATUS_NAME"/>
		<result property="recordCnt" column="RECORD_CNT"/>
		<result property="dataSize" column="DATA_SIZE"/>
		<result property="successCnt" column="SUCCESS_CNT"/>
		<result property="errorCnt" column="ERROR_CNT"/>
		<result property="closeCnt" column="CLOSE_CNT"/>
	</resultMap>
	
	<resultMap id="logDetailResult" class="logDetail">
		<result property="contextId" column="CONTEXT_ID"/>
		<result property="eventDate" column="EVENT_DATE"/>
		<result property="rootContextId" column="ROOT_CONTEXT_ID"/>
		<result property="servicePathName" column="SERVICE_PATH_NAME"/>
		<result property="recordCnt" column="RECORD_COUNT"/>
		<result property="dataSize" column="DATA_SIZE"/>
		<result property="status" column="STATUS"/>
		<result property="startDateTime" column="START_DATE_TIME"/>
		<result property="endDateTime" column="END_DATE_TIME"/>
		<result property="elapsTime" column="ELAPS_TIME"/>
		<result property="statusName" column="STATUS_NAME"/>
		<result property="sourceSystem" column="SOURCE_SYSTEM"/>
		<result property="targetSystem" column="TARGET_SYSTEM"/>
	</resultMap>
	
	<resultMap id="logSearchResult" class="logHistory">
		<result property="rootContextId" column="ROOT_CONTEXT_ID"/>
		<result property="eventDate" column="EVENT_DATE"/>
		<result property="serviceCode" column="SERVICE_CODE"/>
		<result property="interfaceId" column="INTERFACE_ID"/>
		<result property="serviceLayer" column="SERVICE_LAYER"/>
		<result property="serviceLayerName" column="SERVICE_LAYER_NAME"/>
		<result property="instanceId" column="INSTANCE_ID"/>
		<result property="endDateTime" column="END_DATE_TIME"/>
		<result property="status" column="STATUS"/>
		<result property="statusName" column="STATUS_NAME"/>
	</resultMap>
	
	<resultMap id="hangServiceResult" class="runService">
		<result property="serviceCode" column="SERVICE_CODE"/>
		<result property="interfaceId" column="INTERFACE_ID"/>
		<result property="serviceDescription" column="SERVICE_DESCRIPTION"/>
		<result property="serviceLayer" column="SERVICE_LAYER"/>
		<result property="serviceLayerName" column="SERVICE_LAYER_NAME"/>
		<result property="servicePathName" column="SERVICE_PATH_NAME"/>
		<result property="instanceGroup" column="GROUP_NAME"/>
		<result property="startDateTime" column="SERVICE_START_TIME"/>
		<result property="hangTime" column="HANG_TIME"/>
	</resultMap>
	
	<resultMap id="logMsgResult" class="logHistory">
		<result property="rootContextId" column="ROOT_CONTEXT_ID"/>
	</resultMap>
	
	<select id="selectServiceLogSummary" resultMap="logSummaryResult">
		SELECT A.SERVICE_CODE,
		       A.SERVICE_LAYER,
		       A.SUCCESS_CNT,
		       A.ERROR_CNT,
		       A.WARNING_CNT,
		       A.CLOSE_CNT,
		       (A.SUCCESS_CNT + A.ERROR_CNT + A.WARNING_CNT + A.CLOSE_CNT) AS TOTAL_CNT,
		       ROUND(((A.ERROR_CNT + A.CLOSE_CNT)/(A.SUCCESS_CNT + A.ERROR_CNT + A.WARNING_CNT + A.CLOSE_CNT) * 100), 2) AS ERROR_RATE,
		       TO_CHAR(TO_TIMESTAMP(A.LAST_START_DATE_TIME, 'YYYYMMDDHH24MISS.FF4'), 'YYYY-MM-DD HH24:MI:SSXFF4') LAST_START_DATE_TIME,
		       TO_CHAR(TO_TIMESTAMP(A.LAST_END_DATE_TIME, 'YYYYMMDDHH24MISS.FF4'), 'YYYY-MM-DD HH24:MI:SSXFF4') LAST_END_DATE_TIME,
		       A.ELAPS_TIME,
		       NVL(A.AVG_ELAPS_TIME, A.ELAPS_TIME) AVG_ELAPS_TIME,
		       B.INTERFACE_ID,
		       B.SERVICE_DESCRIPTION,
		       B.SERVICE_GROUP,
		       (SELECT DECODE(#lang#, 'ko', CODE_NAME_KO, CODE_NAME_EN) 
		          FROM ZZT_TCM_CODE WHERE CODE_GROUP = 'SVRGROUP' AND CODE = A.SERVICE_LAYER) AS SERVICE_LAYER_NAME,
		       (SELECT DECODE(#lang#, 'ko', CODE_NAME_KO, CODE_NAME_EN) 
		          FROM ZZT_TCM_CODE WHERE CODE_GROUP = 'SVCMODL' AND CODE = B.SERVICE_GROUP) AS SERVICE_GROUP_NAME,
		       (SELECT DECODE(#lang#, 'ko', CODE_NAME_KO, CODE_NAME_EN) 
		          FROM ZZT_TCM_CODE WHERE CODE_GROUP = 'STSTYPE' AND CODE = CAST(A.LAST_STATUS AS VARCHAR2(1))) AS LAST_STATUS
		       <!-- ,(SELECT LPAD(ELAPS_H, 2, 0) || ':' || LPAD(ELAPS_M, 2, 0) || ':' || LPAD(TO_CHAR(ELAPS_S, 'FM00.0000'),7,0) AS AVG_ELAPS_TIME
	  			  FROM (SELECT SERVICE_CODE, SERVICE_LAYER, INSTANCE_ID, ROUND(AVG(EXTRACT(HOUR FROM ELAPS_TIME)),0) ELAPS_H,
				   		ROUND(AVG(EXTRACT(MINUTE FROM ELAPS_TIME)),0) ELAPS_M, ROUND(AVG(EXTRACT(SECOND FROM ELAPS_TIME)),4) ELAPS_S
			  				FROM (SELECT SERVICE_CODE, SERVICE_LAYER, INSTANCE_ID, TO_TIMESTAMP(REPLACE(END_DATE_TIME,'.', ''), 'YYYYMMDDHH24MISSFF4') - TO_TIMESTAMP(REPLACE(START_DATE_TIME,'.', ''), 'YYYYMMDDHH24MISSFF4') ELAPS_TIME
					  				FROM ZZT_LOG_HEADER
					  					WHERE SERVICE_CODE = B.SERVICE_CODE
					  						AND SERVICE_CODE IS NOT NULL
					  					<isNotEmpty property="startDate">
					  						<isNotEmpty prepend="AND" property="startHour">
					  							EVENT_DATE <![CDATA[>=]]> #startDate#
					  							AND END_DATE_TIME <![CDATA[>=]]> #startDate#||#startHour#||'0000.0000'
					  						</isNotEmpty>
					  						<isEmpty prepend="AND" property="startHour">
					  							EVENT_DATE <![CDATA[>=]]> #startDate#
					  						</isEmpty>
					  					</isNotEmpty>
					  					<isNotEmpty property="endDate">
					  						<isNotEmpty prepend="AND" property="startHour">
					  							EVENT_DATE <![CDATA[<=]]> #endDate#
					  							AND END_DATE_TIME <![CDATA[<=]]> #endDate#||#endHour#||'5959.9999' 
					  						</isNotEmpty>
					  						<isEmpty prepend="AND" property="startHour">
					  							EVENT_DATE <![CDATA[<=]]> #endDate#
					  						</isEmpty>	
								        </isNotEmpty>
				   					) T
			 	GROUP BY SERVICE_CODE, SERVICE_LAYER, INSTANCE_ID)) AS SEARCH_ELAPS_TIME -->
		  FROM (
		  		SELECT SERVICE_CODE, SERVICE_LAYER, SUCCESS_CNT, ERROR_CNT, WARNING_CNT, CLOSE_CNT,
					   LAST_START_DATE_TIME, LAST_END_DATE_TIME, ELAPS_TIME, AVG_ELAPS_TIME, LAST_STATUS
		  		  FROM (
			  		SELECT ROWNUM AS RNUM, Z.*
			  		  FROM (
							SELECT T1.SERVICE_CODE, T1.SERVICE_LAYER, T1.SUCCESS_CNT, T1.ERROR_CNT, T1.WARNING_CNT, T1.CLOSE_CNT,
					               T2.LAST_START_DATE_TIME, T2.LAST_END_DATE_TIME, T2.ELAPS_TIME, T2.AVG_ELAPS_TIME, T2.LAST_STATUS
							  FROM (
									SELECT A.SERVICE_CODE,
									       A.SERVICE_LAYER,
									       SUM(NVL(A.SUCCESS_CNT, 0)) SUCCESS_CNT,
									       SUM(NVL(A.ERROR_CNT,0)) ERROR_CNT,
									       SUM(NVL(A.WARNING_CNT,0)) WARNING_CNT,
									       SUM(NVL(A.CLOSE_CNT,0)) CLOSE_CNT
									FROM ZZT_LOG_SUMMARY A INNER JOIN ZZT_SERVICE_MASTER B
									                          ON B.SERVICE_CODE = A.SERVICE_CODE
									<dynamic prepend="WHERE">
									 	<isNotEmpty prepend="AND" property="startDate">
											A.EVENT_DATE <![CDATA[>=]]> #startDate# 
										</isNotEmpty>	
										<isNotEmpty prepend="AND" property="endDate">
											A.EVENT_DATE <![CDATA[<=]]> #endDate#
										</isNotEmpty>
										<isNotEmpty prepend="AND" property="serviceLayer">
											A.SERVICE_LAYER = #serviceLayer#
										</isNotEmpty>
										<isNotEmpty prepend="AND" property="instanceId">
											A.INSTANCE_ID = #instanceId#
										</isNotEmpty>
										<isNotEmpty prepend="AND" property="serviceUserId">
											A.SERVICE_CODE IN (SELECT SERVICE_CODE FROM ZZT_SERVICE_USER_RELATION WHERE USER_ID = #serviceUserId#)
										</isNotEmpty>
										<isPropertyAvailable property="resultType">
											<isNotEmpty prepend="AND" property="resultType">
												<isEqual property="resultType" compareValue="0">
													A.SUCCESS_CNT <![CDATA[>]]> 0
												</isEqual>
												<isEqual property="resultType" compareValue="1">
													A.ERROR_CNT <![CDATA[>]]> 0
												</isEqual>
												<isEqual property="resultType" compareValue="2">
													A.WARNING_CNT <![CDATA[>]]> 0
												</isEqual>
												<isEqual property="resultType" compareValue="3">
													A.CLOSE_CNT <![CDATA[>]]> 0
												</isEqual>
											</isNotEmpty>
										</isPropertyAvailable>
										<isNotEmpty prepend="AND" property="sourceSystem">
											A.SERVICE_CODE IN (SELECT SERVICE_CODE FROM ZZT_SUB_SERVICE_MASTER WHERE DIRECTION_CODE = 'S' AND PHYSICAL_CODE = #sourceSystem#)
										</isNotEmpty>
										<isNotEmpty prepend="AND" property="targetSystem">
											A.SERVICE_CODE IN (SELECT SERVICE_CODE FROM ZZT_SUB_SERVICE_MASTER WHERE DIRECTION_CODE = 'T' AND PHYSICAL_CODE = #targetSystem#)
										</isNotEmpty>
										<isNotEmpty prepend="AND" property="interfaceId">
											UPPER(B.INTERFACE_ID) LIKE '%' || UPPER(#interfaceId#) || '%'
										</isNotEmpty>
										<isNotEmpty prepend="AND" property="serviceGroup">
											B.SERVICE_GROUP = #serviceGroup#
										</isNotEmpty>
										<isNotEmpty prepend="AND" property="serviceNote">
											UPPER(B.SERVICE_NOTE) LIKE '%' || UPPER(#serviceNote#) || '%'
										</isNotEmpty>
										<isNotEmpty prepend="AND" property="description">
											UPPER(B.SERVICE_DESCRIPTION) LIKE '%' || UPPER(#description#) || '%'
										</isNotEmpty>
										<isNotEmpty prepend="AND" property="startHour">
											A.SERVICE_CODE IN (
											                   SELECT DISTINCT SERVICE_CODE
								                                 FROM ZZT_LOG_HEADER
								                                WHERE EVENT_DATE <![CDATA[>=]]> #startDate#
								                                  AND EVENT_DATE <![CDATA[<=]]> #endDate#
								                                  AND END_DATE_TIME <![CDATA[>=]]> #startDate#||#startHour#||'0000.0000'
								                                  AND END_DATE_TIME <![CDATA[<=]]> #endDate#||#endHour#||'5959.9999'
								                                  AND SERVICE_CODE IS NOT NULL
								                                <isNotEmpty prepend="AND" property="serviceUserId">
																	SERVICE_CODE IN (SELECT SERVICE_CODE FROM ZZT_SERVICE_USER_RELATION WHERE USER_ID = #serviceUserId#)
																</isNotEmpty>
																<isNotEmpty prepend="AND" property="sourceSystem">
																	SERVICE_CODE IN (SELECT SERVICE_CODE FROM ZZT_SUB_SERVICE_MASTER WHERE DIRECTION_CODE = 'S' AND PHYSICAL_CODE = #sourceSystem#)
																</isNotEmpty>
																<isNotEmpty prepend="AND" property="targetSystem">
																	SERVICE_CODE IN (SELECT SERVICE_CODE FROM ZZT_SUB_SERVICE_MASTER WHERE DIRECTION_CODE = 'T' AND PHYSICAL_CODE = #targetSystem#)
																</isNotEmpty>
																<isNotEmpty prepend="AND" property="serviceLayer">
																	SERVICE_LAYER = #serviceLayer#
																</isNotEmpty>
																<isNotEmpty prepend="AND" property="instanceId">
																	INSTANCE_ID = #instanceId#
																</isNotEmpty>
																<isNotEmpty prepend="AND" property="resultType">
																	STATUS = $resultType$
																</isNotEmpty>
								                               )
										</isNotEmpty>
									 </dynamic>
									GROUP BY A.SERVICE_CODE, A.SERVICE_LAYER
									) T1 INNER JOIN (
									                SELECT A.SERVICE_CODE, A.SERVICE_LAYER, A.LAST_START_DATE_TIME, A.LAST_END_DATE_TIME, 
									                       A.LAST_STATUS, A.ELAPS_TIME, A.AVG_ELAPS_TIME
													  FROM ZZT_LOG_SNAPSHOT A, (
													                           SELECT SERVICE_CODE, SERVICE_LAYER,
													                                  MAX(LAST_END_DATE_TIME) LAST_END_DATE_TIME
													                             FROM ZZT_LOG_SNAPSHOT
													                            GROUP BY SERVICE_CODE, SERVICE_LAYER
													                           ) B
													 WHERE A.SERVICE_CODE = B.SERVICE_CODE
													   AND A.SERVICE_LAYER = B.SERVICE_LAYER
													   AND A.LAST_END_DATE_TIME = B.LAST_END_DATE_TIME
													) T2
											ON T1.SERVICE_CODE = T2.SERVICE_CODE
										   AND T1.SERVICE_LAYER = T2.SERVICE_LAYER
							ORDER BY T2.LAST_END_DATE_TIME DESC
							) Z
						WHERE ROWNUM <![CDATA[<=]]> ($pageSize$*$pageIndex$)
					   ) T
				 WHERE RNUM <![CDATA[>]]> ($pageSize$*$pageIndex$) - $pageSize$
			 ) A LEFT OUTER JOIN ZZT_SERVICE_MASTER B
			       ON A.SERVICE_CODE = B.SERVICE_CODE
		  ORDER BY A.LAST_END_DATE_TIME DESC 
	</select>
	
	<select id="countServiceLogSummary" resultClass="int">
		SELECT COUNT(T1.SERVICE_CODE) AS TOTAL
		  FROM (
				SELECT A.SERVICE_CODE, A.SERVICE_LAYER
				FROM ZZT_LOG_SUMMARY A INNER JOIN ZZT_SERVICE_MASTER B
				                          ON B.SERVICE_CODE = A.SERVICE_CODE
				<dynamic prepend="WHERE">
				 	<isNotEmpty prepend="AND" property="startDate">
						A.EVENT_DATE <![CDATA[>=]]> #startDate# 
					</isNotEmpty>	
					<isNotEmpty prepend="AND" property="endDate">
						A.EVENT_DATE <![CDATA[<=]]> #endDate#
					</isNotEmpty>
					<isNotEmpty prepend="AND" property="serviceLayer">
						A.SERVICE_LAYER = #serviceLayer#
					</isNotEmpty>
					<isNotEmpty prepend="AND" property="instanceId">
						A.INSTANCE_ID = #instanceId#
					</isNotEmpty>
					<isNotEmpty prepend="AND" property="serviceUserId">
						A.SERVICE_CODE IN (SELECT SERVICE_CODE FROM ZZT_SERVICE_USER_RELATION WHERE USER_ID = #serviceUserId#)
					</isNotEmpty>
					<isPropertyAvailable property="resultType">
						<isNotEmpty prepend="AND" property="resultType">
							<isEqual property="resultType" compareValue="0">
								A.SUCCESS_CNT <![CDATA[>]]> 0
							</isEqual>
							<isEqual property="resultType" compareValue="1">
								A.ERROR_CNT <![CDATA[>]]> 0
							</isEqual>
							<isEqual property="resultType" compareValue="2">
								A.WARNING_CNT <![CDATA[>]]> 0
							</isEqual>
							<isEqual property="resultType" compareValue="3">
								A.CLOSE_CNT <![CDATA[>]]> 0
							</isEqual>
						</isNotEmpty>
					</isPropertyAvailable>
					<isNotEmpty prepend="AND" property="sourceSystem">
						A.SERVICE_CODE IN (SELECT SERVICE_CODE FROM ZZT_SUB_SERVICE_MASTER WHERE DIRECTION_CODE = 'S' AND PHYSICAL_CODE = #sourceSystem#)
					</isNotEmpty>
					<isNotEmpty prepend="AND" property="targetSystem">
						A.SERVICE_CODE IN (SELECT SERVICE_CODE FROM ZZT_SUB_SERVICE_MASTER WHERE DIRECTION_CODE = 'T' AND PHYSICAL_CODE = #targetSystem#)
					</isNotEmpty>
					<isNotEmpty prepend="AND" property="interfaceId">
						UPPER(B.INTERFACE_ID) LIKE '%' || UPPER(#interfaceId#) || '%'
					</isNotEmpty>
					<isNotEmpty prepend="AND" property="serviceGroup">
						B.SERVICE_GROUP = #serviceGroup#
					</isNotEmpty>
					<isNotEmpty prepend="AND" property="serviceNote">
						UPPER(B.SERVICE_NOTE) LIKE '%' || UPPER(#serviceNote#) || '%'
					</isNotEmpty>
					<isNotEmpty prepend="AND" property="description">
						UPPER(B.SERVICE_DESCRIPTION) LIKE '%' || UPPER(#description#) || '%'
					</isNotEmpty>
					<isNotEmpty prepend="AND" property="startHour">
						A.SERVICE_CODE IN (
						                   SELECT DISTINCT SERVICE_CODE
			                                 FROM ZZT_LOG_HEADER
			                                WHERE EVENT_DATE <![CDATA[>=]]> #startDate#
			                                  AND EVENT_DATE <![CDATA[<=]]> #endDate#
			                                  AND END_DATE_TIME <![CDATA[>=]]> #startDate#||#startHour#||'0000.0000'
			                                  AND END_DATE_TIME <![CDATA[<=]]> #endDate#||#endHour#||'5959.9999'
			                                  AND SERVICE_CODE IS NOT NULL
			                                <isNotEmpty prepend="AND" property="serviceUserId">
												SERVICE_CODE IN (SELECT SERVICE_CODE FROM ZZT_SERVICE_USER_RELATION WHERE USER_ID = #serviceUserId#)
											</isNotEmpty>
											<isNotEmpty prepend="AND" property="sourceSystem">
												SERVICE_CODE IN (SELECT SERVICE_CODE FROM ZZT_SUB_SERVICE_MASTER WHERE DIRECTION_CODE = 'S' AND PHYSICAL_CODE = #sourceSystem#)
											</isNotEmpty>
											<isNotEmpty prepend="AND" property="targetSystem">
												SERVICE_CODE IN (SELECT SERVICE_CODE FROM ZZT_SUB_SERVICE_MASTER WHERE DIRECTION_CODE = 'T' AND PHYSICAL_CODE = #targetSystem#)
											</isNotEmpty>
											<isNotEmpty prepend="AND" property="serviceLayer">
												SERVICE_LAYER = #serviceLayer#
											</isNotEmpty>
											<isNotEmpty prepend="AND" property="instanceId">
												INSTANCE_ID = #instanceId#
											</isNotEmpty>
											<isNotEmpty prepend="AND" property="resultType">
												STATUS = $resultType$
											</isNotEmpty>
			                               )
					</isNotEmpty>
				 </dynamic>
				GROUP BY A.SERVICE_CODE, A.SERVICE_LAYER
				) T1 INNER JOIN (
				                SELECT A.SERVICE_CODE, A.SERVICE_LAYER, A.LAST_START_DATE_TIME, A.LAST_END_DATE_TIME, 
				                       A.LAST_STATUS, A.ELAPS_TIME, A.AVG_ELAPS_TIME
								  FROM ZZT_LOG_SNAPSHOT A, (
								                           SELECT SERVICE_CODE, SERVICE_LAYER,
								                                  MAX(LAST_END_DATE_TIME) LAST_END_DATE_TIME
								                             FROM ZZT_LOG_SNAPSHOT
								                            GROUP BY SERVICE_CODE, SERVICE_LAYER
								                           ) B
								 WHERE A.SERVICE_CODE = B.SERVICE_CODE
								   AND A.SERVICE_LAYER = B.SERVICE_LAYER
								   AND A.LAST_END_DATE_TIME = B.LAST_END_DATE_TIME
								) T2
						ON T1.SERVICE_CODE = T2.SERVICE_CODE
					   AND T1.SERVICE_LAYER = T2.SERVICE_LAYER
	</select>
		
	<select id="selectServiceLogHistory" resultMap="logHistoryResult">
	SELECT ROOT_CONTEXT_ID, EVENT_DATE, SERVICE_CODE,  SERVICE_LAYER, SERVICE_LAYER_NAME,
	       INSTANCE_ID,  SERVICE_GROUP, START_DATE_TIME, END_DATE_TIME, STATUS,
	       STATUS_NAME, RECORD_CNT, DATA_SIZE, SUCCESS_CNT, ERROR_CNT, CLOSE_CNT
	  FROM (
			SELECT ROWNUM AS RNUM, Z.*
			  FROM (
					SELECT ROOT_CONTEXT_ID, EVENT_DATE, SERVICE_CODE, 
					       SERVICE_LAYER,
					       (SELECT DECODE(#lang#, 'ko', CODE_NAME_KO, CODE_NAME_EN) 
					          FROM ZZT_TCM_CODE WHERE CODE_GROUP = 'SVRGROUP' AND CODE = SERVICE_LAYER) AS SERVICE_LAYER_NAME,
					       INSTANCE_ID, 
					       SERVICE_GROUP,
					       TO_CHAR(TO_TIMESTAMP(START_DATE_TIME, 'YYYYMMDDHH24MISS.FF4'), 'YYYY-MM-DD HH24:MI:SSXFF4') START_DATE_TIME,
					       TO_CHAR(TO_TIMESTAMP(END_DATE_TIME, 'YYYYMMDDHH24MISS.FF4'), 'YYYY-MM-DD HH24:MI:SSXFF4') END_DATE_TIME,
					       STATUS,
					       (SELECT DECODE(#lang#, 'ko', CODE_NAME_KO, CODE_NAME_EN) 
					          FROM ZZT_TCM_CODE WHERE CODE_GROUP = 'STSTYPE' AND CODE = CAST(STATUS AS VARCHAR2(1))) AS STATUS_NAME,
					       NVL(RECORD_CNT, 0) AS RECORD_CNT, 
					       NVL(DATA_SIZE, 0) AS DATA_SIZE,
					       NVL(SUCCESS_CNT, 0) AS SUCCESS_CNT, 
					       NVL(ERROR_CNT, 0) AS ERROR_CNT, 
					       NVL(CLOSE_CNT, 0) AS CLOSE_CNT
					  FROM ZZT_LOG_HEADER
					 <dynamic prepend="WHERE">
					 	<isEmpty prepend="AND" property="startHour">
					 		EVENT_DATE <![CDATA[>=]]> #startDate# AND EVENT_DATE <![CDATA[<=]]> #endDate#
					 		AND SERVICE_CODE = #serviceCode#
					 	</isEmpty>
					 	<isNotEmpty prepend="AND" property="startHour">
					 		END_DATE_TIME <![CDATA[>=]]> #startDate#||#startHour#||'0000.0000'
					 		AND END_DATE_TIME <![CDATA[<=]]> #endDate#||#endHour#||'5959.9999'
					 		AND SERVICE_CODE = #serviceCode#
					 	</isNotEmpty>
					 	<isNotEmpty prepend="AND" property="serviceLayer">
							SERVICE_LAYER = #serviceLayer#
						</isNotEmpty>
						<isNotEmpty prepend="AND" property="instanceId">
							INSTANCE_ID = #instanceId#
						</isNotEmpty>
						<isNotEmpty prepend="AND" property="resultType">
							STATUS = #resultType#
						</isNotEmpty>
					 </dynamic>
					ORDER BY END_DATE_TIME DESC
					) Z
			  WHERE ROWNUM <![CDATA[<=]]> ($pageSize$*$pageIndex$)
			 ) T
		WHERE RNUM <![CDATA[>]]> ($pageSize$*$pageIndex$) - $pageSize$
		ORDER BY END_DATE_TIME DESC
	</select>
	
	<select id="countServiceLogHistory" resultClass="int">
		SELECT COUNT(1) AS TOTAL
		  FROM ZZT_LOG_HEADER
		 <dynamic prepend="WHERE">
		 	<isEmpty prepend="AND" property="startHour">
		 		EVENT_DATE <![CDATA[>=]]> #startDate# AND EVENT_DATE <![CDATA[<=]]> #endDate#
		 		AND SERVICE_CODE = #serviceCode#
		 	</isEmpty>
		 	<isNotEmpty prepend="AND" property="startHour">
		 		END_DATE_TIME <![CDATA[>=]]> #startDate#||#startHour#||'0000.0000'
		 		AND END_DATE_TIME <![CDATA[<=]]> #endDate#||#endHour#||'5959.9999'
		 		AND SERVICE_CODE = #serviceCode#
		 	</isNotEmpty>
		 	<isNotEmpty prepend="AND" property="serviceLayer">
				SERVICE_LAYER = #serviceLayer#
			</isNotEmpty>
			<isNotEmpty prepend="AND" property="instanceId">
				INSTANCE_ID = #instanceId#
			</isNotEmpty>
			<isNotEmpty prepend="AND" property="resultType">
				STATUS = #resultType#
			</isNotEmpty>
		 </dynamic>
	</select>
		
	<select id="selectServiceLogDetail" resultMap="logDetailResult">
		SELECT T1.CONTEXT_ID, T1.EVENT_DATE, T1.ROOT_CONTEXT_ID, T1.SERVICE_PATH_NAME, T1.RECORD_COUNT, T1.DATA_SIZE, T1.STATUS,
		       TO_CHAR(TO_TIMESTAMP(T1.START_DATE_TIME, 'YYYYMMDDHH24MISS.FF4'), 'YYYY-MM-DD HH24:MI:SSXFF4') START_DATE_TIME,
		       TO_CHAR(TO_TIMESTAMP(T1.END_DATE_TIME, 'YYYYMMDDHH24MISS.FF4'), 'YYYY-MM-DD HH24:MI:SSXFF4') END_DATE_TIME,
		       SUBSTR(TO_CHAR(TO_TIMESTAMP(REPLACE(T1.END_DATE_TIME,'.', ''), 'YYYYMMDDHH24MISSFF4') - TO_TIMESTAMP(REPLACE(T1.START_DATE_TIME,'.', ''), 'YYYYMMDDHH24MISSFF4')), 11, 14) AS ELAPS_TIME,
		       (SELECT DECODE(#lang#, 'ko', CODE_NAME_KO, CODE_NAME_EN) 
		          FROM ZZT_TCM_CODE WHERE CODE_GROUP = 'STSTYPE' AND CODE = CAST(T1.STATUS AS VARCHAR2(1))) AS STATUS_NAME,
		       DECODE(T1.DIRECTION_CODE, 'S', T2.PHYSICAL_NAME, '') AS SOURCE_SYSTEM,
		       DECODE(T1.DIRECTION_CODE, 'T', T2.PHYSICAL_NAME, '') AS TARGET_SYSTEM
		  FROM (
				SELECT A.CONTEXT_ID, A.EVENT_DATE, A.ROOT_CONTEXT_ID, A.SERVICE_PATH_NAME, A.RECORD_COUNT, A.DATA_SIZE, A.STATUS, 
				       A.START_DATE_TIME, A.END_DATE_TIME, B.PHYSICAL_CODE, B.DIRECTION_CODE, B.SERVICE_SEQ
				  FROM ZZT_LOG_DETAIL A INNER JOIN ZZT_SUB_SERVICE_MASTER B
				                           ON B.SERVICE_PATH_NAME = A.SERVICE_PATH_NAME
				                          AND B.SERVICE_CODE = #serviceCode#
				 WHERE A.EVENT_DATE = #eventDate#
				   AND A.ROOT_CONTEXT_ID = #rootContextId#
			   ) T1 LEFT OUTER JOIN ZZT_PHYSICAL_SYSTEM T2
			          ON T2.PHYSICAL_CODE = T1.PHYSICAL_CODE
		 ORDER BY T1.START_DATE_TIME, T1.SERVICE_SEQ
	</select>
	
	<select id="selectLogUserData" resultClass="String">
		SELECT USER_DATA
		  FROM $tableName$
		 WHERE CONTEXT_ID = #contextId#
	</select>
	
	<select id="selectLogErrorMessage" resultClass="String">
		SELECT ERROR_MESSAGE
		  FROM $tableName$
		 WHERE CONTEXT_ID = #contextId#
	</select>
	<!-- REQ-200012 (selectSearchLogHeader, countSearchLogHeader, selectSearchLogMsg)-->	
	<select id="selectSearchLogHeader" resultMap="logSearchResult">
		SELECT ROOT_CONTEXT_ID, EVENT_DATE, SERVICE_CODE, SERVICE_LAYER, INSTANCE_ID,
			   END_DATE_TIME, STATUS, INTERFACE_ID, SERVICE_LAYER_NAME, STATUS_NAME
		  FROM (
				SELECT ROWNUM AS RNUM, Z.*
				  FROM (
						SELECT T1.ROOT_CONTEXT_ID, T1.EVENT_DATE, T1.SERVICE_CODE, T1.SERVICE_LAYER, T1.INSTANCE_ID,
						       TO_CHAR(TO_TIMESTAMP(T1.END_DATE_TIME, 'YYYYMMDDHH24MISS.FF4'), 'YYYY-MM-DD HH24:MI:SSXFF4') END_DATE_TIME,
						       T1.STATUS,
						       (SELECT INTERFACE_ID FROM ZZT_SERVICE_MASTER WHERE SERVICE_CODE = T1.SERVICE_CODE) INTERFACE_ID,
						       (SELECT DECODE(#lang#, 'ko', CODE_NAME_KO, CODE_NAME_EN) 
						          FROM ZZT_TCM_CODE WHERE CODE_GROUP = 'SVRGROUP' AND CODE = T1.SERVICE_LAYER) AS SERVICE_LAYER_NAME,
						       (SELECT DECODE(#lang#, 'ko', CODE_NAME_KO, CODE_NAME_EN) 
						          FROM ZZT_TCM_CODE WHERE CODE_GROUP = 'STSTYPE' AND CODE = CAST(T1.STATUS AS CHAR)) AS STATUS_NAME
						  FROM ZZT_LOG_HEADER T1 INNER JOIN $logMsgTableId$ M
							ON T1.ROOT_CONTEXT_ID = M.ROOT_CONTEXT_ID
						 WHERE T1.EVENT_DATE = #eventDate#
						<isNotEmpty prepend="AND" property="serviceCode">
							T1.SERVICE_CODE = #serviceCode#
						</isNotEmpty>
						<isNotEmpty prepend="AND" property="serviceLayer">
							T1.SERVICE_LAYER = #serviceLayer#
						</isNotEmpty>
						<isNotEmpty prepend="AND" property="instanceId">
							T1.INSTANCE_ID = #instanceId#
						</isNotEmpty>
						<!--  <isNotEmpty prepend="AND" property="rootContextIds">
						   T1.ROOT_CONTEXT_ID  IN 
							    <iterate open="(" close=")" conjunction = "," property="rootContextIds">
									#rootContextIds[]#
								</iterate>-->
						<isNotEmpty prepend="AND" property="searchWord">
							UPPER(M.USER_DATA) LIKE '%'||UPPER(#searchWord#)||'%'		
						</isNotEmpty>
						ORDER BY T1.END_DATE_TIME DESC
						)Z
						WHERE ROWNUM <![CDATA[<=]]> ($pageSize$*$pageIndex$)
		  		)T
		  		WHERE RNUM <![CDATA[>]]> ($pageSize$*$pageIndex$) - $pageSize$
		ORDER BY END_DATE_TIME DESC				
	</select>
	
	<select id="countSearchLogHeader" resultClass="int">
		SELECT COUNT(*) AS TOTAL
		  FROM ZZT_LOG_HEADER T1 INNER JOIN $logMsgTableId$ M
			ON T1.ROOT_CONTEXT_ID = M.ROOT_CONTEXT_ID
		 WHERE T1.EVENT_DATE = #eventDate#
		<isNotEmpty prepend="AND" property="serviceCode">
			T1.SERVICE_CODE = #serviceCode#
		</isNotEmpty>
		<isNotEmpty prepend="AND" property="serviceLayer">
			T1.SERVICE_LAYER = #serviceLayer#
		</isNotEmpty>
		<isNotEmpty prepend="AND" property="instanceId">
			T1.INSTANCE_ID = #instanceId#
		</isNotEmpty>
		<!--  <isNotEmpty prepend="AND" property="rootContextIds">
		    T1.ROOT_CONTEXT_ID IN 
			    <iterate open="(" close=")" conjunction = "," property="rootContextIds">
					 #rootContextIds[]#
				</iterate>
		</isNotEmpty>-->
		<isNotEmpty prepend="AND" property="searchWord">
			UPPER(M.USER_DATA) LIKE '%'||UPPER(#searchWord#)||'%'		
		</isNotEmpty>
	</select>

	<!-- 
		REQ-190014 : 서비스로그 > 로그 search paging 확인요청, 다른화면과 동일하게 처리함.
		             검색 LIKE로 변경 
		REQ-200011 :  검색 버튼을 누른 후 대략 3분 정도 후에  아래와 같이 timeout 에러가 발생
	-->	
	<select id="selectSearchLogMsg" resultClass="String">
   <!-- SELECT DISTINCT ROOT_CONTEXT_ID
		  FROM $logMsgTableId$
		 WHERE UPPER(USER_DATA) LIKE '%'||UPPER(#searchWord#)||'%' -->
		 
		SELECT T1.ROOT_CONTEXT_ID
		  FROM ZZT_LOG_HEADER T1 INNER JOIN $logMsgTableId$ M
			ON T1.ROOT_CONTEXT_ID = M.ROOT_CONTEXT_ID
		 WHERE T1.EVENT_DATE = #eventDate#
		   AND T1.SERVICE_CODE = #serviceCode#
		   AND UPPER(USER_DATA) LIKE '%'||UPPER(#searchWord#)||'%'
	</select>
	
	<!-- 
		REQ-190014 : 서비스로그 > 로그 search paging 확인요청, 다른화면과 동일하게 처리함. 
	-->	
	<select id="selectHangService" resultMap="hangServiceResult">
		SELECT T1.SERVICE_CODE, T1.INTERFACE_ID, T1.SERVICE_DESCRIPTION, T1.SERVICE_LAYER, 
		       (SELECT DECODE(#lang#, 'ko', CODE_NAME_KO, CODE_NAME_EN) 
				 FROM ZZT_TCM_CODE WHERE CODE_GROUP = 'SVRGROUP' AND CODE = T1.SERVICE_LAYER) AS SERVICE_LAYER_NAME,
		       T1.SERVICE_PATH_NAME, T2.GROUP_NAME,
		       TO_CHAR(TO_TIMESTAMP(T1.SERVICE_START_TIME, 'YYYYMMDDHH24MISS.FF4'), 'YYYY-MM-DD HH24:MI:SSXFF4') SERVICE_START_TIME,
		       T1.HANG_TIME
		  FROM (
		  		SELECT INSTANCE_ID, INTERFACE_ID, SERVICE_CODE, SERVICE_PATH_NAME, SERVICE_LAYER, 
		  		       SERVICE_DESCRIPTION,  SERVICE_START_TIME, HANG_TIME
		  		  FROM (
				  		SELECT ROWNUM AS RNUM, Z.*
				  		  FROM (
						        SELECT A.INSTANCE_ID, A.INTERFACE_ID, A.SERVICE_CODE, A.SERVICE_PATH_NAME, A.SERVICE_LAYER, C.SERVICE_DESCRIPTION, 
						               A.SERVICE_START_TIME, A.HANG_TIME
						          FROM ZZT_RUNNING_SERVICE A LEFT OUTER JOIN ZZT_INSTANCE_SERVER B
						                                       ON A.INSTANCE_ID = B.INSTANCE_ID
						                                      AND A.INSTANCE_SEQ = B.INSTANCE_SEQ
						                                     LEFT OUTER JOIN ZZT_SERVICE_MASTER C
						                                       ON A.SERVICE_CODE = C.SERVICE_CODE
						         WHERE A.HANG_YN = 'Y'
						        <isNotEmpty prepend="AND" property="interfaceId">
									A.INTERFACE_ID LIKE '%' || #interfaceId# || '%'
								</isNotEmpty>
					         	<isNotEmpty prepend="AND" property="serviceLayer">
									A.SERVICE_LAYER = #serviceLayer#
								</isNotEmpty>
								<isNotEmpty prepend="AND" property="instanceId">
									A.INSTANCE_ID = #instanceId#
								</isNotEmpty>
					          	<isNotEmpty prepend="AND" property="monitor">
									B.MONITOR = #monitor#
								</isNotEmpty>
								ORDER BY A.SERVICE_START_TIME
							 ) Z
						WHERE ROWNUM <![CDATA[<=]]> ($pageSize$*$pageIndex$)
						) T
				 WHERE RNUM <![CDATA[>]]> ($pageSize$*$pageIndex$) - $pageSize$	
		       ) T1 LEFT OUTER JOIN ZZT_INSTANCE_GROUP T2
		              ON T1.INSTANCE_ID = T2.INSTANCE_ID
	</select>
	
	<!-- 
		REQ-190014 : 서비스로그 > 로그 search paging 확인요청, 다른화면과 동일하게 처리함. 
	-->	
	<select id="countHangService" resultClass="int">
	SELECT COUNT(A.INSTANCE_ID) AS TOTAL
      FROM ZZT_RUNNING_SERVICE A LEFT OUTER JOIN ZZT_INSTANCE_SERVER B
                                     ON A.INSTANCE_ID = B.INSTANCE_ID
                                    AND A.INSTANCE_SEQ = B.INSTANCE_SEQ
     WHERE A.HANG_YN = 'Y'
     <isNotEmpty prepend="AND" property="interfaceId">
		A.INTERFACE_ID LIKE '%' || #interfaceId# || '%'
	 </isNotEmpty>
	 <isNotEmpty prepend="AND" property="serviceLayer">
		A.SERVICE_LAYER = #serviceLayer#
	 </isNotEmpty>
	 <isNotEmpty prepend="AND" property="instanceId">
		A.INSTANCE_ID = #instanceId#
	 </isNotEmpty>
	 <isNotEmpty prepend="AND" property="monitor">
		B.MONITOR = #monitor#
	 </isNotEmpty>
	</select>
	
	<update id="updateLogHeaderStatus">
		UPDATE ZZT_LOG_HEADER
		   SET STATUS = 3, 
		       ERROR_CNT = 0,
		       CLOSE_CNT = 1
		 WHERE ROOT_CONTEXT_ID = #rootContextId#
		   AND EVENT_DATE = #eventDate#
	</update>
	
	<select id="selectLogHeaderStatus" resultClass="String">
		SELECT STATUS
		  FROM ZZT_LOG_HEADER
		 WHERE ROOT_CONTEXT_ID = #rootContextId#
	</select>
	
	<update id="updateLogSummary">
		UPDATE ZZT_LOG_SUMMARY
		   SET ERROR_CNT = ERROR_CNT-1,
		       CLOSE_CNT = CLOSE_CNT+1
		 WHERE EVENT_DATE = #eventDate#
		   AND SERVICE_CODE = #serviceCode#
		   AND SERVICE_LAYER = #serviceLayer#
		   AND INSTANCE_ID = #instanceId#
	</update>
	
	<update id="updateLogSumDaily">
		UPDATE ZZT_LOG_SUM_DAILY
		   SET ERROR_CNT = ERROR_CNT-1,
		       SUCCESS_CNT = SUCCESS_CNT+1
		 WHERE EVENT_DATE = #eventDate#
		   AND SERVICE_LAYER = #serviceLayer#
	</update>
	
	<update id="updateLogSumMonth">
		UPDATE ZZT_LOG_SUM_MONTH
		   SET ERROR_CNT = ERROR_CNT-1,
		       SUCCESS_CNT = SUCCESS_CNT+1
		 WHERE LOG_MM = #logMm#
		   AND SERVICE_LAYER = #serviceLayer#
	</update>
	
	<select id="selectServieLogListExcel" resultMap="logSummaryResult">
		SELECT A.SERVICE_CODE,
		       A.SERVICE_LAYER,
		       A.SUCCESS_CNT,
		       A.ERROR_CNT,
		       A.WARNING_CNT,
		       A.CLOSE_CNT,
		       (A.SUCCESS_CNT + A.ERROR_CNT + A.WARNING_CNT + A.CLOSE_CNT) AS TOTAL_CNT,
		       ROUND(((A.ERROR_CNT + A.CLOSE_CNT)/(A.SUCCESS_CNT + A.ERROR_CNT + A.WARNING_CNT + A.CLOSE_CNT) * 100), 2) AS ERROR_RATE,
		       TO_CHAR(TO_TIMESTAMP(A.LAST_START_DATE_TIME, 'YYYYMMDDHH24MISS.FF4'), 'YYYY-MM-DD HH24:MI:SSXFF4') LAST_START_DATE_TIME,
		       TO_CHAR(TO_TIMESTAMP(A.LAST_END_DATE_TIME, 'YYYYMMDDHH24MISS.FF4'), 'YYYY-MM-DD HH24:MI:SSXFF4') LAST_END_DATE_TIME,
		       A.ELAPS_TIME,
		       NVL(A.AVG_ELAPS_TIME, A.ELAPS_TIME) AVG_ELAPS_TIME,
		       B.INTERFACE_ID,
		       B.SERVICE_DESCRIPTION,
		       B.SERVICE_GROUP,
		       (SELECT DECODE(#lang#, 'ko', CODE_NAME_KO, CODE_NAME_EN) 
		          FROM ZZT_TCM_CODE WHERE CODE_GROUP = 'SVRGROUP' AND CODE = A.SERVICE_LAYER) AS SERVICE_LAYER_NAME,
		       (SELECT DECODE(#lang#, 'ko', CODE_NAME_KO, CODE_NAME_EN) 
		          FROM ZZT_TCM_CODE WHERE CODE_GROUP = 'SVCMODL' AND CODE = B.SERVICE_GROUP) AS SERVICE_GROUP_NAME,
		       (SELECT DECODE(#lang#, 'ko', CODE_NAME_KO, CODE_NAME_EN) 
		          FROM ZZT_TCM_CODE WHERE CODE_GROUP = 'STSTYPE' AND CODE = CAST(A.LAST_STATUS AS VARCHAR2(1))) AS LAST_STATUS
		       <!-- ,(SELECT LPAD(ELAPS_H, 2, 0) || ':' || LPAD(ELAPS_M, 2, 0) || ':' || LPAD(TO_CHAR(ELAPS_S, 'FM00.0000'),7,0) AS AVG_ELAPS_TIME
	  			  FROM (SELECT SERVICE_CODE, SERVICE_LAYER, INSTANCE_ID, ROUND(AVG(EXTRACT(HOUR FROM ELAPS_TIME)),0) ELAPS_H,
				   		ROUND(AVG(EXTRACT(MINUTE FROM ELAPS_TIME)),0) ELAPS_M, ROUND(AVG(EXTRACT(SECOND FROM ELAPS_TIME)),4) ELAPS_S
			  				FROM (SELECT SERVICE_CODE, SERVICE_LAYER, INSTANCE_ID, TO_TIMESTAMP(REPLACE(END_DATE_TIME,'.', ''), 'YYYYMMDDHH24MISSFF4') - TO_TIMESTAMP(REPLACE(START_DATE_TIME,'.', ''), 'YYYYMMDDHH24MISSFF4') ELAPS_TIME
					  				FROM ZZT_LOG_HEADER
					  					WHERE SERVICE_CODE = B.SERVICE_CODE
					  						AND SERVICE_CODE IS NOT NULL
					  					<isNotEmpty property="startDate">
					  						<isNotEmpty prepend="AND" property="startHour">
					  							EVENT_DATE <![CDATA[>=]]> #startDate#
					  							AND END_DATE_TIME <![CDATA[>=]]> #startDate#||#startHour#||'0000.0000'
					  						</isNotEmpty>
					  						<isEmpty prepend="AND" property="startHour">
					  							EVENT_DATE <![CDATA[>=]]> #startDate#
					  						</isEmpty>
					  					</isNotEmpty>
					  					<isNotEmpty property="endDate">
					  						<isNotEmpty prepend="AND" property="startHour">
					  							EVENT_DATE <![CDATA[<=]]> #endDate#
					  							AND END_DATE_TIME <![CDATA[<=]]> #endDate#||#endHour#||'5959.9999' 
					  						</isNotEmpty>
					  						<isEmpty prepend="AND" property="startHour">
					  							EVENT_DATE <![CDATA[<=]]> #endDate#
					  						</isEmpty>	
								        </isNotEmpty>
				   					) T
			 	GROUP BY SERVICE_CODE, SERVICE_LAYER, INSTANCE_ID)) AS SEARCH_ELAPS_TIME   -->
		  FROM (
		  		SELECT SERVICE_CODE, SERVICE_LAYER, SUCCESS_CNT, ERROR_CNT, WARNING_CNT, CLOSE_CNT,
					   LAST_START_DATE_TIME, LAST_END_DATE_TIME, ELAPS_TIME, AVG_ELAPS_TIME, LAST_STATUS
		  		  FROM (
			  		SELECT ROWNUM AS RNUM, Z.*
			  		  FROM (
							SELECT T1.SERVICE_CODE, T1.SERVICE_LAYER, T1.SUCCESS_CNT, T1.ERROR_CNT, T1.WARNING_CNT, T1.CLOSE_CNT,
					               T2.LAST_START_DATE_TIME, T2.LAST_END_DATE_TIME, T2.ELAPS_TIME, T2.AVG_ELAPS_TIME, T2.LAST_STATUS
							  FROM (
									SELECT A.SERVICE_CODE,
									       A.SERVICE_LAYER,
									       SUM(NVL(A.SUCCESS_CNT, 0)) SUCCESS_CNT,
									       SUM(NVL(A.ERROR_CNT,0)) ERROR_CNT,
									       SUM(NVL(A.WARNING_CNT,0)) WARNING_CNT,
									       SUM(NVL(A.CLOSE_CNT,0)) CLOSE_CNT
									FROM ZZT_LOG_SUMMARY A INNER JOIN ZZT_SERVICE_MASTER B
									                          ON B.SERVICE_CODE = A.SERVICE_CODE
									<dynamic prepend="WHERE">
									 	<isNotEmpty prepend="AND" property="startDate">
											A.EVENT_DATE <![CDATA[>=]]> #startDate# 
										</isNotEmpty>	
										<isNotEmpty prepend="AND" property="endDate">
											A.EVENT_DATE <![CDATA[<=]]> #endDate#
										</isNotEmpty>
										<isNotEmpty prepend="AND" property="serviceLayer">
											A.SERVICE_LAYER = #serviceLayer#
										</isNotEmpty>
										<isNotEmpty prepend="AND" property="instanceId">
											A.INSTANCE_ID = #instanceId#
										</isNotEmpty>
										<isNotEmpty prepend="AND" property="serviceUserId">
											A.SERVICE_CODE IN (SELECT SERVICE_CODE FROM ZZT_SERVICE_USER_RELATION WHERE USER_ID = #serviceUserId#)
										</isNotEmpty>
										<isPropertyAvailable property="resultType">
											<isNotEmpty prepend="AND" property="resultType">
												<isEqual property="resultType" compareValue="0">
													A.SUCCESS_CNT <![CDATA[>]]> 0
												</isEqual>
												<isEqual property="resultType" compareValue="1">
													A.ERROR_CNT <![CDATA[>]]> 0
												</isEqual>
												<isEqual property="resultType" compareValue="2">
													A.WARNING_CNT <![CDATA[>]]> 0
												</isEqual>
												<isEqual property="resultType" compareValue="3">
													A.CLOSE_CNT <![CDATA[>]]> 0
												</isEqual>
											</isNotEmpty>
										</isPropertyAvailable>
										<isNotEmpty prepend="AND" property="sourceSystem">
											A.SERVICE_CODE IN (SELECT SERVICE_CODE FROM ZZT_SUB_SERVICE_MASTER WHERE DIRECTION_CODE = 'S' AND PHYSICAL_CODE = #sourceSystem#)
										</isNotEmpty>
										<isNotEmpty prepend="AND" property="targetSystem">
											A.SERVICE_CODE IN (SELECT SERVICE_CODE FROM ZZT_SUB_SERVICE_MASTER WHERE DIRECTION_CODE = 'T' AND PHYSICAL_CODE = #targetSystem#)
										</isNotEmpty>
										<isNotEmpty prepend="AND" property="interfaceId">
											UPPER(B.INTERFACE_ID) LIKE '%' || UPPER(#interfaceId#) || '%'
										</isNotEmpty>
										<isNotEmpty prepend="AND" property="serviceGroup">
											B.SERVICE_GROUP = #serviceGroup#
										</isNotEmpty>
										<isNotEmpty prepend="AND" property="serviceNote">
											UPPER(B.SERVICE_NOTE) LIKE '%' || UPPER(#serviceNote#) || '%'
										</isNotEmpty>
										<isNotEmpty prepend="AND" property="description">
											UPPER(B.SERVICE_DESCRIPTION) LIKE '%' || UPPER(#description#) || '%'
										</isNotEmpty>
										<isNotEmpty prepend="AND" property="startHour">
											A.SERVICE_CODE IN (
											                   SELECT DISTINCT SERVICE_CODE
								                                 FROM ZZT_LOG_HEADER
								                                WHERE EVENT_DATE <![CDATA[>=]]> #startDate#
								                                  AND EVENT_DATE <![CDATA[<=]]> #endDate#
								                                  AND END_DATE_TIME <![CDATA[>=]]> #startDate#||#startHour#||'0000.0000'
								                                  AND END_DATE_TIME <![CDATA[<=]]> #endDate#||#endHour#||'5959.9999'
								                                  AND SERVICE_CODE IS NOT NULL
								                                <isNotEmpty prepend="AND" property="serviceUserId">
																	SERVICE_CODE IN (SELECT SERVICE_CODE FROM ZZT_SERVICE_USER_RELATION WHERE USER_ID = #serviceUserId#)
																</isNotEmpty>
																<isNotEmpty prepend="AND" property="sourceSystem">
																	SERVICE_CODE IN (SELECT SERVICE_CODE FROM ZZT_SUB_SERVICE_MASTER WHERE DIRECTION_CODE = 'S' AND PHYSICAL_CODE = #sourceSystem#)
																</isNotEmpty>
																<isNotEmpty prepend="AND" property="targetSystem">
																	SERVICE_CODE IN (SELECT SERVICE_CODE FROM ZZT_SUB_SERVICE_MASTER WHERE DIRECTION_CODE = 'T' AND PHYSICAL_CODE = #targetSystem#)
																</isNotEmpty>
																<isNotEmpty prepend="AND" property="serviceLayer">
																	SERVICE_LAYER = #serviceLayer#
																</isNotEmpty>
																<isNotEmpty prepend="AND" property="instanceId">
																	INSTANCE_ID = #instanceId#
																</isNotEmpty>
																<isNotEmpty prepend="AND" property="resultType">
																	STATUS = $resultType$
																</isNotEmpty>
								                               )
										</isNotEmpty>
									 </dynamic>
									GROUP BY A.SERVICE_CODE, A.SERVICE_LAYER
									) T1 INNER JOIN (
									                SELECT A.SERVICE_CODE, A.SERVICE_LAYER, A.LAST_START_DATE_TIME, A.LAST_END_DATE_TIME, 
									                       A.LAST_STATUS, A.ELAPS_TIME, A.AVG_ELAPS_TIME
													  FROM ZZT_LOG_SNAPSHOT A, (
													                           SELECT SERVICE_CODE, SERVICE_LAYER,
													                                  MAX(LAST_END_DATE_TIME) LAST_END_DATE_TIME
													                             FROM ZZT_LOG_SNAPSHOT
													                            GROUP BY SERVICE_CODE, SERVICE_LAYER
													                           ) B
													 WHERE A.SERVICE_CODE = B.SERVICE_CODE
													   AND A.SERVICE_LAYER = B.SERVICE_LAYER
													   AND A.LAST_END_DATE_TIME = B.LAST_END_DATE_TIME
													) T2
											ON T1.SERVICE_CODE = T2.SERVICE_CODE
										   AND T1.SERVICE_LAYER = T2.SERVICE_LAYER
							ORDER BY T2.LAST_END_DATE_TIME DESC
							) Z
					   ) T
			 ) A LEFT OUTER JOIN ZZT_SERVICE_MASTER B
			       ON A.SERVICE_CODE = B.SERVICE_CODE
		  ORDER BY A.LAST_END_DATE_TIME DESC 
	</select>
</sqlMap>