<?xml version="1.0" encoding="UTF-8" ?>
<!DOCTYPE sqlMap PUBLIC "-//ibatis.apache.org//DTD SQL Map 2.0//EN"
"http://ibatis.apache.org/dtd/sql-map-2.dtd">

<sqlMap namespace="com.nsc.common.entity.Schedule">

	<!-- Use type aliases to avoid typing the full classname every time. -->
	<typeAlias alias="schedule" type="com.nsc.common.entity.Schedule" />
	<typeAlias alias="instanceServer" type="com.nsc.server.entity.InstanceServer" />
	<typeAlias alias="runService" type="com.nsc.batch.entity.RunService" />
	<typeAlias alias="instanceStatus" type="com.nsc.batch.entity.InstanceStatus" />
	<typeAlias alias="mailContainer" type="com.nsc.batch.entity.MailContainer" />
	
	<resultMap id="adminMailResult" class="mailContainer">
		<result property="receiver" column="EMAIL_ADDRESS"/>
	</resultMap>
	
	<resultMap id="sendMailResult" class="mailContainer">
		<result property="eventDate" column="EVENT_DATE"/>
		<result property="rootContextId" column="ROOT_CONTEXT_ID"/>
		<result property="receiver" column="RECEIVER"/>
		<result property="sender" column="SENDER" />
		<result property="title" column="TITLE" />
		<result property="message" column="MESSAGE" />
	</resultMap>
	
	<resultMap id="scheduleResult" class="schedule">
		<result property="batchId" column="BATCH_ID"/>
		<result property="batchClass" column="BATCH_CLASS"/>
		<result property="batchSchedule" column="BATCH_SCHEDULE"/>
		<result property="batchStatus" column="BATCH_STATUS"/>
		<result property="batchDescription" column="BATCH_DESC" />
		<result property="logEnabled" column="LOG_ENABLED" />
		<result property="sysYn" column="SYS_YN" />
	</resultMap>
	
	<resultMap id="instanceResult" class="instanceServer">
		<result property="instanceId" column="INSTANCE_ID"/>
		<result property="instanceSeq" column="INSTANCE_SEQ"/>
		<result property="hostName" column="HOST_NAME"/>
		<result property="protocol" column="PROTOCOL"/>
		<result property="ipAddress" column="IP"/>
		<result property="port" column="PORT" />
		<result property="instanceUser" column="INSTANCE_USER" />
		<result property="instancePW" column="INSTANCE_PASSWORD" />
		<result property="instanceType" column="INSTANCE_TYPE" />
	</resultMap>
	
	<select id="selectScheduleList" resultMap="scheduleResult">
		/* ==IGNORE_LOG== */
		SELECT BATCH_ID, BATCH_CLASS, BATCH_SCHEDULE, BATCH_STATUS, BATCH_DESC, LOG_ENABLED, SYS_YN
		  FROM ZZT_BATCH_SCHEDULE
		<dynamic prepend="WHERE">
			<isNotEmpty prepend="AND" property="batchId">
				BATCH_ID LIKE '%' || #batchId# || '%'
			</isNotEmpty>
			<isNotEmpty prepend="AND" property="batchDescription">
				BATCH_DESC LIKE '%' || #batchDescription# || '%'
			</isNotEmpty>
		</dynamic>
		ORDER BY FIRST_REG_DATETIME, BATCH_ID
	</select>
	
	<select id="selectScheduleJob" resultMap="scheduleResult">
		/* ==IGNORE_LOG== */
		SELECT BATCH_ID, BATCH_CLASS, BATCH_SCHEDULE, BATCH_STATUS, BATCH_DESC, LOG_ENABLED, SYS_YN
		  FROM ZZT_BATCH_SCHEDULE
		 WHERE BATCH_ID = #batchId#
	</select>
	
	<select id="selectScheduleNodeJob" resultMap="scheduleResult">
		/* ==IGNORE_LOG== */
		SELECT BATCH_ID, BATCH_CLASS, BATCH_SCHEDULE, BATCH_STATUS, BATCH_DESC, LOG_ENABLED, SYS_YN
		  FROM ZZT_BATCH_SCHEDULE
		 WHERE SYS_NODE <![CDATA[<>]]> #nodeId#
	</select>
		
	<insert id="insertScheduling">
		INSERT INTO ZZT_BATCH_SCHEDULE (BATCH_ID, BATCH_CLASS, BATCH_SCHEDULE, BATCH_STATUS, BATCH_DESC, LOG_ENABLED, 
			SYS_NODE, SC_CHECK_DATETIME, SYS_YN, FIRST_REGR_ID, FIRST_REG_DATETIME) 
		VALUES(#batchId#, #batchClass#, #batchSchedule#, 'Y', #batchDescription#, #logEnabled#, 
			#sysNodeId#, SYSDATE, 'N', #userId#, SYSDATE)
	</insert>
	
	<update id="updateScheduling">
		/* ==IGNORE_LOG== */
		UPDATE ZZT_BATCH_SCHEDULE
		   SET BATCH_SCHEDULE = #batchSchedule#, 
	           BATCH_DESC = #batchDescription#, 
	           LAST_MODR_ID = #userId#, 
	           LOG_ENABLED = #logEnabled#,
	           SYS_NODE = #sysNodeId#,
	           SC_CHECK_DATETIME = SYSDATE,
	           LAST_MOD_DATETIME = SYSDATE
	     WHERE BATCH_ID = #batchId#
	</update>
	
	<delete id="removeScheduling">
		DELETE FROM ZZT_BATCH_SCHEDULE WHERE BATCH_ID = #batchId#
	</delete>
	
	<update id="changeSchedulingStatus">
		/* ==IGNORE_LOG== */
		UPDATE ZZT_BATCH_SCHEDULE 
		   SET BATCH_STATUS = #batchStatus#, 
		       SYS_NODE = #sysNodeId#, 
		       LAST_MODR_ID = #userId#, 
		       LAST_MOD_DATETIME = SYSDATE
		 WHERE BATCH_ID = #batchId#
	</update>
	
	<!-- Schedule Start Reg -->
	<update id="updateScheduleBatchNodeId">
		/* ==IGNORE_LOG== */
		UPDATE ZZT_BATCH_SCHEDULE
		   SET SYS_NODE = #nodeId#,
		       SC_CHECK_DATETIME = SYSDATE
		 WHERE BATCH_ID = #batchId#
		   AND BATCH_STATUS = 'Y'
		   AND SC_CHECK_DATETIME <![CDATA[<]]> SYSDATE - 30/24/60/60
	</update>
	
	<!-- Schedule Check update -->
	<update id="updateCheckNodeBatch">
		/* ==IGNORE_LOG== */
		UPDATE ZZT_BATCH_SCHEDULE
		   SET SYS_NODE = #nodeId#,
		       SC_CHECK_DATETIME = SYSDATE
		 WHERE BATCH_STATUS = 'Y'
		   AND SYS_NODE <![CDATA[<>]]> #nodeId#
		   AND SC_CHECK_DATETIME <![CDATA[<]]> SYSDATE - 30/24/60/60
	</update>
	
	<update id="updateNodeBatch">
		/* ==IGNORE_LOG== */
		UPDATE ZZT_BATCH_SCHEDULE
		   SET SC_CHECK_DATETIME = SYSDATE
		 WHERE BATCH_STATUS = 'Y'
		   AND SYS_NODE = #nodeId#
	</update>
	
	<select id="selectSysNode" resultClass="java.lang.String" >
		/* ==IGNORE_LOG== */
		SELECT SYS_NODE FROM ZZT_BATCH_SCHEDULE WHERE BATCH_ID = #batchId# AND BATCH_STATUS = 'Y' 
	</select>
	
	<update id="updateLastScheduleDate">
		/* ==IGNORE_LOG== */
		UPDATE ZZT_BATCH_SCHEDULE
		   SET LAST_SC_DATETIME = SYSDATE
		 WHERE BATCH_ID = #batchId#
		   AND SYS_NODE = #nodeId#
	</update>
	
	<procedure id="excuteDeleteLogData" timeout="10800">
		{ call ZZP_LOG_REMOVE }
	</procedure>
	
	<procedure id="excuteDeleteLogHistoryData" timeout="10800">
		{ call ZZP_REMOVE_PARTITION }
	</procedure>
	
	<procedure id="excuteLogSummary">
		{ call ZZP_LOG_SUMMARY }
	</procedure>
	
	<procedure id="excuteLogSummaryDaily">
		{ call ZZP_LOG_SUMMARY_DAILY }
	</procedure>
	
	<parameterMap id="sender" class="java.util.Map">
		<parameter property="sender" javaType="java.lang.String" jdbcType="VARCHAR" mode="IN" />
	</parameterMap>
	
	<procedure id="excuteEmailGenerate" parameterMap="sender">
		{ call ZZP_EMAIL(?) }
	</procedure>
	
	<procedure id="excuteSMSGenerate" parameterMap="sender">
		{ call ZZP_SMS(?) }
	</procedure>
	
	<procedure id="excuteServiceHangCheck">
		{ call ZZP_RUNNING_SERVICE ( $defaultHangTime$ ) }
	</procedure>
	
	<select id="selectInstanceList" resultMap="instanceResult">
		SELECT INSTANCE_ID, 
		       INSTANCE_SEQ,
		       HOST_NAME,
		       PROTOCOL,
		       IP,
		       PORT,
		       INSTANCE_USER,
		       INSTANCE_PASSWORD,
			   (SELECT CODE_NAME_EN FROM ZZT_TCM_CODE WHERE CODE_GROUP = 'ISTTYPE' AND CODE = INSTANCE_TYPE) AS INSTANCE_TYPE	       
		  FROM ZZT_INSTANCE_SERVER
	</select>
		
	
	<delete id="deleteRunningServiceTemp">
		TRUNCATE TABLE ZZT_RUNNING_SERVICE_TEMP
	</delete>
	
	<insert id="insertRunningServiceTemp" parameterClass="runService">
		INSERT INTO ZZT_RUNNING_SERVICE_TEMP(INSTANCE_ID, INSTANCE_SEQ, SERVICE_PATH_NAME, SERVICE_START_TIME, INSTANCE_SERVER_TIME)
		VALUES(#instanceId#, #instanceSeq#, #servicePathName#, #startDateTime#, #instanceServerTime#)
	</insert>
	
	<procedure id="excuteLogElapsAvg">
		{ call ZZP_LOG_ELAPS_AVG }
	</procedure>
	
	<statement id="updateInstanceStatus" parameterClass="instanceStatus">
		<![CDATA[
		MERGE INTO ZZT_INSTANCE_STATUS A
		USING (
				SELECT $instanceId$ AS INSTANCE_ID,
					   $instanceSeq$ AS INSTANCE_SEQ,
					   $serverStatus$ AS SERVER_STATUS,
					   #maximumMemory# AS MAXIMUM_MEMORY,
					   #committedMemory# AS COMMITTED_MEMORY,
					   #usedMemory# AS USED_MEMORY,
					   #freeMemory# AS FREE_MEMORY,
					   #instanceType# AS INSTANCE_TYPE
				  FROM DUAL
			  ) B
		ON (A.INSTANCE_ID = B.INSTANCE_ID AND A.INSTANCE_SEQ = B.INSTANCE_SEQ )
		WHEN MATCHED THEN
			UPDATE 
			   SET  A.SERVER_STATUS = B.SERVER_STATUS,
					A.MAXIMUM_MEMORY = B.MAXIMUM_MEMORY,
					A.COMMITTED_MEMORY = B.COMMITTED_MEMORY,
					A.USED_MEMORY = B.USED_MEMORY,
					A.FREE_MEMORY = B.FREE_MEMORY,
					A.INSTANCE_TYPE = B.INSTANCE_TYPE,
					A.LAST_MOD_DATETIME = SYSDATE
		WHEN NOT MATCHED THEN
			INSERT (A.INSTANCE_ID, A.INSTANCE_SEQ, A.SERVER_STATUS, A.MAXIMUM_MEMORY, A.COMMITTED_MEMORY, A.USED_MEMORY, A.FREE_MEMORY, A.INSTANCE_TYPE, A.LAST_MOD_DATETIME)
			VALUES (B.INSTANCE_ID, B.INSTANCE_SEQ, B.SERVER_STATUS, B.MAXIMUM_MEMORY, B.COMMITTED_MEMORY, B.USED_MEMORY, B.FREE_MEMORY, B.INSTANCE_TYPE, SYSDATE)
		]]>
	</statement>
	
	
	
	<select id="selectMailList" resultMap="sendMailResult">
		SELECT EVENT_DATE, ROOT_CONTEXT_ID, RECEIVER, SENDER, TITLE, MESSAGE
		  FROM ZZT_EMAIL
		 WHERE FLAG = 'R'
	</select>
	
	<!-- REQ-200015 -->
	<select id="selectAdminList" resultMap="adminMailResult">
		SELECT EMAIL_ADDRESS
		  FROM ZZT_USER
		 WHERE USER_TYPE = 'ADMIN' 
	</select>
	
	<update id="updateSendMailStatus">
		UPDATE ZZT_EMAIL
		   SET FLAG = #flag#
		 WHERE EVENT_DATE = #eventDate#
		   AND ROOT_CONTEXT_ID = #rootContextId#
	</update>
	
</sqlMap>