<?xml version="1.0" encoding="UTF-8" ?>
<!DOCTYPE sqlMap PUBLIC "-//ibatis.apache.org//DTD SQL Map 2.0//EN"
"http://ibatis.apache.org/dtd/sql-map-2.dtd">

<sqlMap namespace="com.nsc.auth.role.entity">

	<cacheModel id="role-cache" type="LRU">
	<flushInterval hours="1"/>
	<flushOnExecute statement="insertRole"/>
	<flushOnExecute statement="updateRole"/>
	<flushOnExecute statement="deleteRole"/>
	<flushOnExecute statement="insertUserRole"/>
	<flushOnExecute statement="deleteUserRole"/>
	<flushOnExecute statement="insertWorkGroupRole"/>
	<flushOnExecute statement="updateWorkGroupRole"/>
	<flushOnExecute statement="deleteWorkGroupRole"/>
	<flushOnExecute statement="insertUser"/>
	<flushOnExecute statement="updateUser"/>
	<flushOnExecute statement="deleteUser"/>
	<property name="size" value="1024"/>
	</cacheModel>
	
	<!-- Use type aliases to avoid typing the full classname every time. -->
	<typeAlias alias="role" type="com.nsc.auth.role.entity.Role"/>
	<typeAlias alias="userRole" type="com.nsc.auth.role.entity.UserRole"/>
	
	<resultMap id="roleResult" extends="com.nsc.common.labelledObjectResult" class="role">
		<result property="roleId" column="ROLE_ID"/>
		<result property="roleName" column="ROLE_NAME"/>
		<result property="description" column="DESCRIPTION"/>
		<result property="deleted" column="DELETE_YN"/>
		<result property="userRoles" column="{roleId=ROLE_ID}" select="selectUserRole" />
		<result property="workGroups" column="{roleId=ROLE_ID}" select="selectWorkGroupByRole" />
	</resultMap>
	
	<resultMap id="userRoleResult" extends="com.nsc.common.markedObjectResult" class="userRole">
		<result property="roleId" column="ROLE_ID"/>
		<result property="userId" column="USER_ID"/>
		<result property="role" column="{roleId=ROLE_ID}"  select="selectRole"/>
		<result property="user.userId" column="USER_ID"/>
		<result property="user.userType" column="USER_TYPE" />
		<result property="user.activeFlag" column="ACTIVE_FLAG"/>
		<result property="user.userName" column="USER_NAME" />
		<result property="user.deptName" column="DEPT_NAME" />
		<result property="user.grdName" column="GRD_NAME" />
		<result property="user.email" column="EMAIL_ADDRESS" />
		<result property="user.compTel" column="COMP_TEL_NO" />
		<result property="user.mobile" column="MOBILE_TEL_NO" />
		<result property="user.language" column="LANGUAGE_CODE" />
	</resultMap>
	
	<resultMap id="roleUsersResult" class="user">
		<result property="userId" column="USER_ID"/>
		<result property="activeFlag" column="ACTIVE_FLAG"/>
		<result property="userName" column="USER_NAME" />
		<result property="email" column="EMAIL_ADDRESS" />
		<result property="emailNotice" column="EMAIL_NOTICE" />
		<result property="smsNotice" column="SMS_NOTICE" />
		<result property="dbUsedEmail" column="DB_USED_EMAIL" />
		<result property="empNo" column="EMP_NO" />
		<result property="grdName" column="GRD_NAME" />
		<result property="deptName" column="DEPT_NAME" />
		<result property="mobile" column="MOBILE_TEL_NO" />
		<result property="compTel" column="COMP_TEL_NO" />
		<result property="language" column="LANGUAGE_CODE" />
		<result property="userType" column="USER_TYPE" />
		<result property="dashboardType" column="DASHBOARD_TYPE" />
	</resultMap>
	
	<sql id="conditionRole">
		<dynamic prepend="WHERE">
			<isNotNull prepend="AND" property="deleted">
				DELETE_YN = #deleted#
			</isNotNull>
			<isPropertyAvailable property="roleId">
				<isNotNull prepend="AND">
					ROLE_ID = #roleId#
				</isNotNull>
				<isNull prepend="AND">
					ROLE_ID IS NULL
				</isNull>
			</isPropertyAvailable>
			<isNotEmpty prepend="AND" property="roleName">
				ROLE_NAME LIKE '%'||#roleName#||'%'
			</isNotEmpty>
			<isNotEmpty prepend="AND" property="label">
				(KO_LABEL LIKE '%'||#label#||'%' OR EN_LABEL LIKE '%'||#label#||'%' OR LABEL LIKE '%'||#label#||'%')
			</isNotEmpty>	
			<isNotNull prepend="AND" property="roleIds">
				ROLE_ID IN
				<iterate open="(" close=")" conjunction = "," property="roleIds">
					 #roleIds[]#
				</iterate>
			</isNotNull>
		</dynamic>
	</sql>
	
	<select id="selectRole" resultMap="roleResult" cacheModel="role-cache">
		SELECT ROLE_ID, ROLE_NAME, DESCRIPTION, KO_LABEL, EN_LABEL, LABEL, DELETE_YN, 
		       FIRST_REGR_ID, FIRST_REG_DATETIME, LAST_MODR_ID, LAST_MOD_DATETIME
		  FROM ZZT_ROLE
		<include refid="conditionRole"/>
		<dynamic>
			<isNotEmpty prepend="ORDER BY" property="orderBy">
				$orderBy$
			</isNotEmpty>
		</dynamic>
	</select>
	
	<select id="countRole" resultClass="int" cacheModel="role-cache">
		SELECT COUNT(1) AS TOTAL
		  FROM ZZT_ROLE
		<include refid="conditionRole"/> 
	</select>
	
	<select id="selectRoleList" resultMap="roleResult">
		SELECT ROLE_ID, ROLE_NAME, DESCRIPTION, KO_LABEL, EN_LABEL, LABEL, DELETE_YN, 
		       FIRST_REGR_ID, FIRST_REG_DATETIME, LAST_MODR_ID, LAST_MOD_DATETIME
		  FROM ZZT_ROLE
		<dynamic prepend="WHERE">
			<isNotNull prepend="AND" property="deleted">
				DELETE_YN = #deleted#
			</isNotNull>
			<isNotNull prepend="AND" property="roleId">
				ROLE_ID <![CDATA[<>]]> #roleId#
			</isNotNull>
			<isNotEmpty prepend="AND" property="roleName">
				ROLE_NAME LIKE '%'||#roleName#||'%'
			</isNotEmpty>
			<isNotEmpty prepend="AND" property="label">
				(KO_LABEL LIKE '%'||#label#||'%' OR EN_LABEL LIKE '%'||#label#||'%' OR LABEL LIKE '%'||#label#||'%')
			</isNotEmpty>
			<isNotEmpty prepend="ORDER BY" property="orderBy">
				$orderBy$
			</isNotEmpty>
		</dynamic>
	</select>
	
	<insert id="insertRole" parameterClass="role" >
		INSERT INTO ZZT_ROLE(ROLE_ID, ROLE_NAME, DESCRIPTION, KO_LABEL, EN_LABEL, LABEL, DELETE_YN, 
		       FIRST_REGR_ID, FIRST_REG_DATETIME, LAST_MODR_ID, LAST_MOD_DATETIME)
		VALUES(#roleId#, #roleName#, #description#, #koLabel#, #enLabel#, #label#, #deleted#,
		       #firstRegrId#, #firstRegDatetime,jdbcType=TIMESTAMP#, #lastModrId#, #lastModDatetime,jdbcType=TIMESTAMP#)	
	</insert>
	
	<update id="updateRole"  parameterClass="role" >
		UPDATE ZZT_ROLE
		   SET ROLE_NAME = #roleName#, 
		       DESCRIPTION = #description#, 
		       KO_LABEL = #koLabel#, 
		       EN_LABEL = #enLabel#, 
		       LABEL = #label#, 
		       DELETE_YN = #deleted#,
		       FIRST_REGR_ID = #firstRegrId#,
			   FIRST_REG_DATETIME=#firstRegDatetime,jdbcType=TIMESTAMP#,
			   LAST_MODR_ID=#lastModrId#, 
			   LAST_MOD_DATETIME=#lastModDatetime,jdbcType=TIMESTAMP# 
		WHERE ROLE_ID = #roleId#
	</update>
	
	<delete id="deleteRole"  >
		DELETE FROM ZZT_ROLE
		<include refid="conditionRole"/>
	</delete>
	
	<!-- USER_ROLE  -->
	<select id="selectUserRole" resultMap="userRoleResult" cacheModel="role-cache">
		SELECT A.ROLE_ID, A.USER_ID, A.FIRST_REG_DATETIME, A.FIRST_REGR_ID, A.LAST_MOD_DATETIME, A.LAST_MODR_ID,
			   B.USER_TYPE, B.ACTIVE_FLAG, B.USER_NAME, B.DEPT_NAME, B.GRD_NAME,
			   B.EMAIL_ADDRESS, B.COMP_TEL_NO, B.MOBILE_TEL_NO, B.LANGUAGE_CODE
		FROM ZZT_USER_ROLE A INNER JOIN ZZT_USER B
		                        ON A.USER_ID = B.USER_ID
		                     INNER JOIN ZZT_ROLE C
		                        ON A.ROLE_ID = C.ROLE_ID
		<dynamic prepend="WHERE">
			<isPropertyAvailable prepend="AND" property="roleId">
				<isNotNull property="roleId">
					A.ROLE_ID = #roleId#
				</isNotNull>
				<isNull property="roleId">
					A.ROLE_ID IS NULL
				</isNull>
			</isPropertyAvailable>
			<isNotNull property="roleIds">
				AND A.ROLE_ID IN
				<iterate open="(" close=")" conjunction = "," property="roleIds">
					 #roleIds[]#
				</iterate>
			</isNotNull>
			<isNotEmpty prepend="AND" property="userId">
				A.USER_ID = #userId#
			</isNotEmpty>
			<isNotNull prepend="AND" property="userIds">
				A.USER_ID IN
				<iterate open="(" close=")" conjunction = "," property="userIds">
					 #userIds[]#
				</iterate>
			</isNotNull>
			<isNotNull prepend="AND" property="deleted">
				C.DELETE_YN = #deleted#
			</isNotNull>
			<isNotEmpty prepend="ORDER BY" property="orderBy">
				$orderBy$
			</isNotEmpty>
			<isEmpty prepend="ORDER BY" property="orderBy">
				A.USER_ID
			</isEmpty>
		</dynamic>
	</select>
	
	<insert id="insertUserRole" parameterClass="userRole">
		INSERT INTO ZZT_USER_ROLE(ROLE_ID, USER_ID, FIRST_REGR_ID, FIRST_REG_DATETIME)
		VALUES(#roleId#, #userId#, #firstRegrId#, #firstRegDatetime,jdbcType=TIMESTAMP#)	
	</insert>
	
	<delete id="deleteUserRole">
		DELETE FROM ZZT_USER_ROLE
		<dynamic prepend="WHERE">
			<isNotEmpty prepend="AND" property="roleId">
				ROLE_ID = #roleId#
			</isNotEmpty>
			<isNotEmpty prepend="AND" property="userId">
				USER_ID = #userId#
			</isNotEmpty>
		</dynamic>
	</delete>
	
	<select id="selectUserRoleList" resultMap="roleResult">
		SELECT ROLE_ID, ROLE_NAME, DESCRIPTION, KO_LABEL, EN_LABEL, LABEL, DELETE_YN, 
		       FIRST_REGR_ID, FIRST_REG_DATETIME, LAST_MODR_ID, LAST_MOD_DATETIME
		  FROM ZZT_ROLE
		 WHERE ROLE_ID IN (SELECT ROLE_ID FROM ZZT_USER_ROLE WHERE USER_ID = #userId#)
		   AND DELETE_YN = '0'
	</select>
	
	<select id="selectRoleUsers" resultMap="roleUsersResult">
		SELECT  USER_ID, ACTIVE_FLAG, USER_NAME, EMAIL_ADDRESS, EMAIL_NOTICE, SMS_NOTICE, 
				DB_USED_EMAIL, EMP_NO, GRD_NAME, DEPT_NAME, MOBILE_TEL_NO, COMP_TEL_NO,
				LANGUAGE_CODE, USER_TYPE, DASHBOARD_TYPE
		  FROM ZZT_USER
		 WHERE USER_ID IN (SELECT USER_ID FROM ZZT_USER_ROLE WHERE ROLE_ID = #roleId#)
		   AND ACTIVE_FLAG = '1'
	</select>
	
</sqlMap>