<?xml version="1.0" encoding="UTF-8" ?>
<!DOCTYPE sqlMap PUBLIC "-//ibatis.apache.org//DTD SQL Map 2.0//EN"
"http://ibatis.apache.org/dtd/sql-map-2.dtd">

<sqlMap namespace="com.nsc.service.entity.ServiceMaster">

	<!-- Use type aliases to avoid typing the full classname every time. -->
	<typeAlias alias="serviceMaster" type="com.nsc.service.entity.ServiceMaster"/>
	<typeAlias alias="subServiceMaster" type="com.nsc.service.entity.SubServiceMaster"/>
	<typeAlias alias="user" type="com.nsc.identity.entity.User"/>
	<typeAlias alias="serviceUser" type="com.nsc.service.entity.ServiceUserRelation"/>
	
	<resultMap id="serviceInfoResult" class="serviceMaster">
		<result property="serviceCode" column="SERVICE_CODE"/>
		<result property="interfaceId" column="INTERFACE_ID"/>
		<result property="serviceGroup" column="SERVICE_GROUP"/>
		<result property="serviceGroupName" column="SERVICE_GROUP_NAME"/>
		<result property="serviceNote" column="SERVICE_NOTE"/>
		<result property="description"	column="SERVICE_DESCRIPTION"/>
		<result property="serviceType" column="SERVICE_TYPE"/>
		<result property="serviceTypeName" column="SERVICE_TYPE_NAME"/>
		<result property="cycleCode" column="CYCLE_CODE"/>
		<result property="cycleCodeName" column="CYCLE_CODE_NAME"/>
		<result property="emailNotice" column="EMAIL_NOTICE"/>
		<result property="emailNoticeName" column="EMAIL_NOTICE_NAME"/>
		<result property="smsNotice" column="SMS_NOTICE"/>
		<result property="smsNoticeName" column="SMS_NOTICE_NAME"/>
		<result property="subService" column="{serviceCode=SERVICE_CODE}" select="selectSubServieMaster"/>
	</resultMap>
	
	<resultMap id="serviceMasterListResult" class="serviceMaster">
		<result property="serviceCode" column="SERVICE_CODE"/>
		<result property="interfaceId" column="INTERFACE_ID"/>
		<result property="serviceGroup" column="SERVICE_GROUP"/>
		<result property="serviceGroupName" column="SERVICE_GROUP_NAME"/>
		<result property="serviceNote" column="SERVICE_NOTE"/>
		<result property="description" column="SERVICE_DESCRIPTION"/>
		<result property="serviceType" column="SERVICE_TYPE"/>
		<result property="serviceTypeName" column="SERVICE_TYPE_NAME"/>
		<result property="cycleCode" column="CYCLE_CODE"/>
		<result property="cycleCodeName" column="CYCLE_CODE_NAME"/>
		<result property="emailNotice" column="EMAIL_NOTICE"/>
		<result property="smsNotice" column="SMS_NOTICE"/>
		<result property="jobMonitor" column="JOB_MONITOR" />
		<result property="serviceHangTime" column="SERVICE_HANGTIME"/>
		<result property="sourceSystem" column="SOURCE_SYSTEM"/>
		<result property="targetSystem" column="TARGET_SYSTEM"/>
	</resultMap>
	
	<resultMap id="serviceMasterResult" class="serviceMaster">
		<result property="serviceCode" column="SERVICE_CODE"/>
		<result property="interfaceId" column="INTERFACE_ID"/>
		<result property="serviceGroup" column="SERVICE_GROUP"/>
		<result property="description" column="SERVICE_DESCRIPTION"/>
		<result property="serviceNote" column="SERVICE_NOTE"/>
		<result property="serviceType" column="SERVICE_TYPE"/>
		<result property="cycleCode" column="CYCLE_CODE"/>
		<result property="emailNotice" column="EMAIL_NOTICE"/>
		<result property="smsNotice" column="SMS_NOTICE"/>
		<result property="jobMonitor" column="JOB_MONITOR" />
		<result property="serviceHangTime" column="SERVICE_HANGTIME"/>
	</resultMap>
	
	<resultMap id="subServiceMasterResult" class="subServiceMaster">
		<result property="serviceCode" column="SERVICE_CODE"/>
		<result property="serviceSeq" column="SERVICE_SEQ"/>
		<result property="servicePath" column="SERVICE_PATH_NAME"/>
		<result property="directionCode" column="DIRECTION_CODE"/>
		<result property="systemType" column="SYSTEM_TYPE"/>
		<result property="serverType" column="SERVER_TYPE"/>
		<result property="systemCode" column="SYSTEM_CODE"/>
		<result property="physicalCode" column="PHYSICAL_CODE"/>
		<result property="systemPath" column="SYSTEM_PATH" />
		<result property="systemName" column="SYSTEM_NAME"/>
		<result property="physicalName" column="PHYSICAL_NAME"/>
		<result property="systemTypeName" column="SYSTEM_TYPE_NAME"/>
		<result property="directionCodeName" column="DIRECTION_CODE_NAME"/>
		<result property="serverTypeName" column="SERVER_TYPE_NAME"/>
	</resultMap>
	
	<resultMap id="serviceUser" class="user">
		<result property="userId" column="USER_ID"/>
		<result property="userName" column="USER_NAME"/>
		<result property="deptName" column="DEPT_NAME"/>
	</resultMap>
	
	<select id="selectServiceMaster" resultMap="serviceMasterResult">
		SELECT SERVICE_CODE, INTERFACE_ID, SERVICE_GROUP, SERVICE_NOTE, SERVICE_DESCRIPTION,
		       SERVICE_TYPE, CYCLE_CODE, EMAIL_NOTICE, SMS_NOTICE, JOB_MONITOR, NVL(SERVICE_HANGTIME, 60) SERVICE_HANGTIME
		  FROM ZZT_SERVICE_MASTER
		 WHERE SERVICE_CODE = #serviceCode#
	</select>
	
	<!-- REQ-190028 -->
	<select id="selectServiceList" resultMap="serviceMasterListResult">
		SELECT SERVICE_CODE, INTERFACE_ID, SERVICE_GROUP, SERVICE_NOTE, SERVICE_DESCRIPTION, SERVICE_TYPE, 
		       CYCLE_CODE, EMAIL_NOTICE, SMS_NOTICE, JOB_MONITOR, SERVICE_HANGTIME, 
		       SOURCE_SYSTEM, TARGET_SYSTEM, SERVICE_GROUP_NAME, SERVICE_TYPE_NAME, CYCLE_CODE_NAME
		  FROM (
				SELECT ROWNUM AS RNUM, Z.*
				  FROM (
						SELECT A.SERVICE_CODE, A.INTERFACE_ID, A.SERVICE_GROUP,
						       A.SERVICE_NOTE, A.SERVICE_DESCRIPTION, A.SERVICE_TYPE, 
						       A.CYCLE_CODE, A.EMAIL_NOTICE, A.SMS_NOTICE, A.JOB_MONITOR,
						       A.SERVICE_HANGTIME, CAST(B.SOURCE_SYSTEM AS VARCHAR2(200)) AS SOURCE_SYSTEM, 
						       CAST(C.TARGET_SYSTEM AS VARCHAR2(200)) AS TARGET_SYSTEM,
						       (SELECT DECODE(#lang#, 'ko', CODE_NAME_KO, CODE_NAME_EN) 
						          FROM ZZT_TCM_CODE WHERE CODE_GROUP = 'SVCMODL' AND CODE = A.SERVICE_GROUP) AS SERVICE_GROUP_NAME,
						       (SELECT DECODE(#lang#, 'ko', CODE_NAME_KO, CODE_NAME_EN) 
						          FROM ZZT_TCM_CODE WHERE CODE_GROUP = 'SRVTYPE' AND CODE = A.SERVICE_TYPE) AS SERVICE_TYPE_NAME,
						       (SELECT DECODE(#lang#, 'ko', CODE_NAME_KO, CODE_NAME_EN) 
						          FROM ZZT_TCM_CODE WHERE CODE_GROUP = 'CYCTYPE' AND CODE = A.CYCLE_CODE) AS CYCLE_CODE_NAME
						 FROM ZZT_SERVICE_MASTER A LEFT OUTER JOIN (
						                                            SELECT T1.SERVICE_CODE,
						                                                LISTAGG(T2.PHYSICAL_NAME, ', ') WITHIN GROUP (ORDER BY T2.PHYSICAL_NAME) SOURCE_SYSTEM 
						                                            FROM ZZT_SUB_SERVICE_MASTER T1 LEFT OUTER JOIN ZZT_PHYSICAL_SYSTEM T2
						                                                                        ON T1.PHYSICAL_CODE = T2.PHYSICAL_CODE
						                                            WHERE T1.DIRECTION_CODE = 'S'
						                                            GROUP BY T1.SERVICE_CODE
						                                            ) B
						                            ON A.SERVICE_CODE = B.SERVICE_CODE
						                           LEFT OUTER JOIN (
						                                            SELECT T1.SERVICE_CODE,
						                                                LISTAGG(T2.PHYSICAL_NAME, ', ') WITHIN GROUP (ORDER BY T2.PHYSICAL_NAME) TARGET_SYSTEM 
						                                            FROM ZZT_SUB_SERVICE_MASTER T1 LEFT OUTER JOIN ZZT_PHYSICAL_SYSTEM T2
						                                                                        ON T1.PHYSICAL_CODE = T2.PHYSICAL_CODE
						                                            WHERE T1.DIRECTION_CODE = 'T'
						                                            GROUP BY T1.SERVICE_CODE
						                                            ) C
						                            ON A.SERVICE_CODE = C.SERVICE_CODE
						 <dynamic prepend="WHERE">
						 	<isNotEmpty prepend="AND" property="interfaceId">
								UPPER(A.INTERFACE_ID) LIKE '%' || UPPER(#interfaceId#) || '%'
							</isNotEmpty>
							<isNotEmpty prepend="AND" property="serviceGroup">
								A.SERVICE_GROUP = #serviceGroup#
							</isNotEmpty>
							<isNotEmpty prepend="AND" property="description">
								UPPER(A.SERVICE_DESCRIPTION) LIKE '%' || UPPER(#description#) || '%'
							</isNotEmpty>
							<isNotEmpty prepend="AND" property="serviceNote">
								UPPER(A.SERVICE_NOTE) LIKE '%' || UPPER(#serviceNote#) || '%'
							</isNotEmpty>
							<isNotEmpty prepend="AND" property="serviceUserId">
								A.SERVICE_CODE IN (SELECT SERVICE_CODE FROM ZZT_SERVICE_USER_RELATION WHERE USER_ID = #serviceUserId#)
							</isNotEmpty>
							<isNotEmpty prepend="AND" property="unMappingUserId">
								A.SERVICE_CODE NOT IN (SELECT SERVICE_CODE FROM ZZT_SERVICE_USER_RELATION WHERE USER_ID = #unMappingUserId#)
							</isNotEmpty>
							<isNotEmpty prepend="AND" property="sourceSystem">
								A.SERVICE_CODE IN (SELECT DISTINCT SERVICE_CODE FROM ZZT_SUB_SERVICE_MASTER WHERE DIRECTION_CODE = 'S' AND PHYSICAL_CODE = #sourceSystem#)
							</isNotEmpty>
							<isNotEmpty prepend="AND" property="targetSystem">
								A.SERVICE_CODE IN (SELECT DISTINCT SERVICE_CODE FROM ZZT_SUB_SERVICE_MASTER WHERE DIRECTION_CODE = 'T' AND PHYSICAL_CODE = #targetSystem#)
							</isNotEmpty>
						 </dynamic>
						 ORDER BY A.CREATE_DATE DESC, A.SERVICE_CODE
						) Z
						WHERE ROWNUM <![CDATA[<=]]> ($pageSize$*$pageIndex$)
				) T	
			 	WHERE RNUM <![CDATA[>]]> ($pageSize$*$pageIndex$) - $pageSize$
	</select>
	
	<select id="countServiceList" resultClass="int">
		SELECT COUNT(1) AS TOTAL
		 FROM ZZT_SERVICE_MASTER
		 <dynamic prepend="WHERE">
		 	<isNotEmpty prepend="AND" property="interfaceId">
				UPPER(INTERFACE_ID) LIKE '%' || UPPER(#interfaceId#) || '%'
			</isNotEmpty>
			<isNotEmpty prepend="AND" property="serviceGroup">
				SERVICE_GROUP = #serviceGroup#
			</isNotEmpty>
			<isNotEmpty prepend="AND" property="description">
				UPPER(SERVICE_DESCRIPTION) LIKE '%' || UPPER(#description#) || '%'
			</isNotEmpty>
			<isNotEmpty prepend="AND" property="serviceNote">
				UPPER(SERVICE_NOTE) LIKE '%' || UPPER(#serviceNote#) || '%'
			</isNotEmpty>
			<isNotEmpty prepend="AND" property="serviceUserId">
				SERVICE_CODE IN (SELECT SERVICE_CODE FROM ZZT_SERVICE_USER_RELATION WHERE USER_ID = #serviceUserId#)
			</isNotEmpty>
			<isNotEmpty prepend="AND" property="unMappingUserId">
				SERVICE_CODE NOT IN (SELECT SERVICE_CODE FROM ZZT_SERVICE_USER_RELATION WHERE USER_ID = #unMappingUserId#)
			</isNotEmpty>
			<isNotEmpty prepend="AND" property="sourceSystem">
				SERVICE_CODE IN (SELECT DISTINCT SERVICE_CODE FROM ZZT_SUB_SERVICE_MASTER WHERE DIRECTION_CODE = 'S' AND PHYSICAL_CODE = #sourceSystem#)
			</isNotEmpty>
			<isNotEmpty prepend="AND" property="targetSystem">
				SERVICE_CODE IN (SELECT DISTINCT SERVICE_CODE FROM ZZT_SUB_SERVICE_MASTER WHERE DIRECTION_CODE = 'T' AND PHYSICAL_CODE = #targetSystem#)
			</isNotEmpty>
		 </dynamic>
	</select>
	
	<select id="selectAddServiceList" resultMap="serviceMasterListResult">
	SELECT SERVICE_CODE, INTERFACE_ID, SERVICE_GROUP, SERVICE_NOTE, SERVICE_DESCRIPTION, SERVICE_TYPE, 
	       CYCLE_CODE, EMAIL_NOTICE, SMS_NOTICE, JOB_MONITOR, SERVICE_HANGTIME, 
	       SOURCE_SYSTEM, TARGET_SYSTEM, SERVICE_GROUP_NAME, SERVICE_TYPE_NAME, CYCLE_CODE_NAME
	  FROM (
			SELECT ROWNUM AS RNUM, Z.*
			  FROM (
					SELECT A.SERVICE_CODE, A.INTERFACE_ID, A.SERVICE_GROUP,
					       A.SERVICE_NOTE, A.SERVICE_DESCRIPTION, A.SERVICE_TYPE, 
					       A.CYCLE_CODE, A.EMAIL_NOTICE, A.SMS_NOTICE, A.JOB_MONITOR,
					       A.SERVICE_HANGTIME, CAST(B.SOURCE_SYSTEM AS VARCHAR2(200)) AS SOURCE_SYSTEM, 
					       CAST(C.TARGET_SYSTEM AS VARCHAR2(200)) AS TARGET_SYSTEM,
					       (SELECT DECODE(#lang#, 'ko', CODE_NAME_KO, CODE_NAME_EN) 
					          FROM ZZT_TCM_CODE WHERE CODE_GROUP = 'SVCMODL' AND CODE = A.SERVICE_GROUP) AS SERVICE_GROUP_NAME,
					       (SELECT DECODE(#lang#, 'ko', CODE_NAME_KO, CODE_NAME_EN) 
					          FROM ZZT_TCM_CODE WHERE CODE_GROUP = 'SRVTYPE' AND CODE = A.SERVICE_TYPE) AS SERVICE_TYPE_NAME,
					       (SELECT DECODE(#lang#, 'ko', CODE_NAME_KO, CODE_NAME_EN) 
					          FROM ZZT_TCM_CODE WHERE CODE_GROUP = 'CYCTYPE' AND CODE = A.CYCLE_CODE) AS CYCLE_CODE_NAME
					 FROM ZZT_SERVICE_MASTER A LEFT OUTER JOIN (
					                                            SELECT T1.SERVICE_CODE,
					                                                LISTAGG(T2.PHYSICAL_NAME, ', ') WITHIN GROUP (ORDER BY T2.PHYSICAL_NAME) SOURCE_SYSTEM 
					                                            FROM ZZT_SUB_SERVICE_MASTER T1 LEFT OUTER JOIN ZZT_PHYSICAL_SYSTEM T2
					                                                                        ON T1.PHYSICAL_CODE = T2.PHYSICAL_CODE
					                                            WHERE T1.DIRECTION_CODE = 'S'
					                                            GROUP BY T1.SERVICE_CODE
					                                            ) B
					                            ON A.SERVICE_CODE = B.SERVICE_CODE
					                           LEFT OUTER JOIN (
					                                            SELECT T1.SERVICE_CODE,
					                                                LISTAGG(T2.PHYSICAL_NAME, ', ') WITHIN GROUP (ORDER BY T2.PHYSICAL_NAME) TARGET_SYSTEM 
					                                            FROM ZZT_SUB_SERVICE_MASTER T1 LEFT OUTER JOIN ZZT_PHYSICAL_SYSTEM T2
					                                                                        ON T1.PHYSICAL_CODE = T2.PHYSICAL_CODE
					                                            WHERE T1.DIRECTION_CODE = 'T'
					                                            GROUP BY T1.SERVICE_CODE
					                                            ) C
					                            ON A.SERVICE_CODE = C.SERVICE_CODE
					 <dynamic prepend="WHERE">
					 	<isNotEmpty prepend="AND" property="interfaceId">
							UPPER(A.INTERFACE_ID) LIKE '%' || UPPER(#interfaceId#) || '%'
						</isNotEmpty>
						<isNotEmpty prepend="AND" property="serviceGroup">
							A.SERVICE_GROUP = #serviceGroup#
						</isNotEmpty>
						<isNotEmpty prepend="AND" property="description">
							A.SERVICE_DESCRIPTION LIKE '%' || #description# || '%'
						</isNotEmpty>
						<isNotEmpty prepend="AND" property="serviceNote">
							A.SERVICE_NOTE LIKE '%' || #serviceNote# || '%'
						</isNotEmpty>
						<isNotEmpty prepend="AND" property="serviceUserId">
							A.SERVICE_CODE IN (SELECT SERVICE_CODE FROM ZZT_SERVICE_USER_RELATION WHERE USER_ID = #serviceUserId#)
						</isNotEmpty>
						<isNotEmpty prepend="AND" property="unMappingUserId">
							A.SERVICE_CODE NOT IN (SELECT SERVICE_CODE FROM ZZT_SERVICE_USER_RELATION WHERE USER_ID = #unMappingUserId#)
						</isNotEmpty>
						<isNotEmpty prepend="AND" property="sourceSystem">
							A.SERVICE_CODE IN (SELECT DISTINCT SERVICE_CODE FROM ZZT_SUB_SERVICE_MASTER WHERE DIRECTION_CODE = 'S' AND PHYSICAL_CODE = #sourceSystem#)
						</isNotEmpty>
						<isNotEmpty prepend="AND" property="targetSystem">
							A.SERVICE_CODE IN (SELECT DISTINCT SERVICE_CODE FROM ZZT_SUB_SERVICE_MASTER WHERE DIRECTION_CODE = 'T' AND PHYSICAL_CODE = #targetSystem#)
						</isNotEmpty>
					 </dynamic>
					 ORDER BY A.INTERFACE_ID
					) Z
			) T	
		ORDER BY INTERFACE_ID
	</select>
	
	<select id="countAddServiceList" resultClass="int">
		SELECT COUNT(1) AS TOTAL
		 FROM ZZT_SERVICE_MASTER
		 <dynamic prepend="WHERE">
		 	<isNotEmpty prepend="AND" property="interfaceId">
				INTERFACE_ID LIKE '%' || #interfaceId# || '%'
			</isNotEmpty>
			<isNotEmpty prepend="AND" property="serviceGroup">
				SERVICE_GROUP = #serviceGroup#
			</isNotEmpty>
			<isNotEmpty prepend="AND" property="description">
				SERVICE_DESCRIPTION LIKE '%' || #description# || '%'
			</isNotEmpty>
			<isNotEmpty prepend="AND" property="serviceNote">
				SERVICE_NOTE LIKE '%' || #serviceNote# || '%'
			</isNotEmpty>
			<isNotEmpty prepend="AND" property="serviceUserId">
				SERVICE_CODE IN (SELECT SERVICE_CODE FROM ZZT_SERVICE_USER_RELATION WHERE USER_ID = #serviceUserId#)
			</isNotEmpty>
			<isNotEmpty prepend="AND" property="unMappingUserId">
				SERVICE_CODE NOT IN (SELECT SERVICE_CODE FROM ZZT_SERVICE_USER_RELATION WHERE USER_ID = #unMappingUserId#)
			</isNotEmpty>
			<isNotEmpty prepend="AND" property="sourceSystem">
				SERVICE_CODE IN (SELECT DISTINCT SERVICE_CODE FROM ZZT_SUB_SERVICE_MASTER WHERE DIRECTION_CODE = 'S' AND PHYSICAL_CODE = #sourceSystem#)
			</isNotEmpty>
			<isNotEmpty prepend="AND" property="targetSystem">
				SERVICE_CODE IN (SELECT DISTINCT SERVICE_CODE FROM ZZT_SUB_SERVICE_MASTER WHERE DIRECTION_CODE = 'T' AND PHYSICAL_CODE = #targetSystem#)
			</isNotEmpty>
		 </dynamic>
	</select>
	
	<select id="selectSubServiceMasterList" resultMap="subServiceMasterResult">
		SELECT A.SERVICE_CODE, A.SERVICE_SEQ, A.SERVICE_PATH_NAME, A.DIRECTION_CODE, A.SYSTEM_TYPE,
		       A.SERVER_TYPE, A.SYSTEM_CODE, A.PHYSICAL_CODE, A.SYSTEM_PATH, 
		       (SELECT SYSTEM_NAME FROM ZZT_SYSTEM_MASTER WHERE SYSTEM_CODE = A.SYSTEM_CODE) SYSTEM_NAME,
		       (SELECT PHYSICAL_NAME FROM ZZT_PHYSICAL_SYSTEM WHERE PHYSICAL_CODE = A.PHYSICAL_CODE) PHYSICAL_NAME,
		       (SELECT DECODE(#lang#, 'ko', CODE_NAME_KO, CODE_NAME_EN) 
		          FROM ZZT_TCM_CODE WHERE CODE_GROUP = 'SYSTYPE' AND CODE = A.SYSTEM_TYPE AND USE_YN = 'Y') AS SYSTEM_TYPE_NAME,
		       DECODE(A.DIRECTION_CODE, 'S', 'Source', 'Target') AS DIRECTION_CODE_NAME,
		       (SELECT DECODE(#lang#, 'ko', CODE_NAME_KO, CODE_NAME_EN) 
		          FROM ZZT_TCM_CODE WHERE CODE_GROUP = 'SVRTYPE' AND CODE = A.SERVER_TYPE AND USE_YN = 'Y') AS SERVER_TYPE_NAME
		  FROM ZZT_SUB_SERVICE_MASTER A
		 WHERE A.SERVICE_CODE = #serviceCode#
	</select>
	
	<insert id="insertServiceMaster" parameterClass="serviceMaster">
		INSERT INTO ZZT_SERVICE_MASTER(SERVICE_CODE, INTERFACE_ID, SERVICE_GROUP, SERVICE_NOTE, SERVICE_DESCRIPTION, 
			SERVICE_TYPE, CYCLE_CODE, EMAIL_NOTICE, SMS_NOTICE, JOB_MONITOR, SERVICE_HANGTIME, CREATE_DATE)
		VALUES(#serviceCode#, #interfaceId#, #serviceGroup#, #serviceNote#, #description#,
			#serviceType#, #cycleCode#, #emailNotice#, #smsNotice#, #jobMonitor#, 
			<isNotEmpty property="serviceHangTime">
		       #serviceHangTime#,
		    </isNotEmpty>
		    <isEmpty property="serviceHangTime">
		       60,
		    </isEmpty>
			SYSDATE)
	</insert>
	
	<update id="updateServiceMaster" parameterClass="serviceMaster">
		UPDATE ZZT_SERVICE_MASTER
		   SET SERVICE_GROUP = #serviceGroup#,
		       SERVICE_NOTE = #serviceNote#,
		       SERVICE_DESCRIPTION = #description#,
		       SERVICE_TYPE = #serviceType#,
		       CYCLE_CODE = #cycleCode#,
		       EMAIL_NOTICE = #emailNotice#,
		       SMS_NOTICE = #smsNotice#,
		       JOB_MONITOR = #jobMonitor#,
		       <isNotEmpty property="serviceHangTime">
		       SERVICE_HANGTIME = #serviceHangTime#,
		       </isNotEmpty>
		       <isEmpty property="serviceHangTime">
		       SERVICE_HANGTIME = NULL,
		       </isEmpty>
		       MODIFY_DATE = SYSDATE
		 WHERE SERVICE_CODE = #serviceCode#
	</update>
	
	<select id="selectCheckSourceServicePathName" resultClass="int">
		SELECT COUNT(1) AS CNT
		  FROM ZZT_SUB_SERVICE_MASTER
		 WHERE SERVICE_PATH_NAME = #servicePath#
		   AND DIRECTION_CODE = 'S'
	</select>
	
	<select id="selectCheckServicePathName" resultClass="int">
		SELECT COUNT(1) AS CNT
		  FROM ZZT_SUB_SERVICE_MASTER
		 WHERE SERVICE_CODE = #serviceCode#
		   AND SERVICE_PATH_NAME = #servicePath#
	</select>
	
	<select id="selectMaxSubServiceSeq" resultClass="String">
		SELECT NVL(MAX(SERVICE_SEQ),0) + 1 AS SERVICE_SEQ
		  FROM ZZT_SUB_SERVICE_MASTER
		 WHERE SERVICE_CODE = #serviceCode#
	</select>
	
	<insert id="insertSubServiceMaster" parameterClass="subServiceMaster">
		INSERT INTO ZZT_SUB_SERVICE_MASTER(SERVICE_CODE, SERVICE_SEQ, SERVICE_PATH_NAME, DIRECTION_CODE, 
			SYSTEM_TYPE, SERVER_TYPE, SYSTEM_CODE, PHYSICAL_CODE, SYSTEM_PATH, CREATE_DATE)
		VALUES(#serviceCode#, #serviceSeq#, #servicePath#, #directionCode#, 
			#systemType#, #serverType#, #systemCode#, #physicalCode#, #systemPath#, SYSDATE)
	</insert>
	
	<update id="updateSubServiceMaster" parameterClass="subServiceMaster">
		UPDATE ZZT_SUB_SERVICE_MASTER
		   SET SERVICE_PATH_NAME = #servicePath#,
		       DIRECTION_CODE = #directionCode#,
		       SYSTEM_TYPE = #systemType#,
		       SERVER_TYPE = #serverType#,
		       SYSTEM_CODE = #systemCode#,
		       PHYSICAL_CODE = #physicalCode#,
		       SYSTEM_PATH = #systemPath#,
		       MODIFY_DATE = SYSDATE
		 WHERE SERVICE_CODE = #serviceCode#
		   AND SERVICE_SEQ = #serviceSeq#
	</update>
	
	<select id="selectServiceUser" resultMap="serviceUser">
		SELECT USER_ID, USER_NAME, DEPT_NAME
		  FROM ZZT_USER
		 WHERE USER_ID IN (SELECT USER_ID FROM ZZT_SERVICE_USER_RELATION WHERE SERVICE_CODE = #serviceCode#)
		ORDER BY USER_ID
	</select>
	
	<select id="selectRemaindServiceUser" resultMap="serviceUser">
		SELECT USER_ID, USER_NAME, DEPT_NAME
		  FROM ZZT_USER
		 WHERE USER_TYPE IS NULL
		   AND USER_ID NOT IN (SELECT USER_ID FROM ZZT_SERVICE_USER_RELATION WHERE SERVICE_CODE = #serviceCode#)
		   AND USER_NAME LIKE '%' || #userName# || '%'
		ORDER BY USER_ID
	</select>
	
	<insert id="isnertServiceUser">
		INSERT INTO ZZT_SERVICE_USER_RELATION(SERVICE_CODE, USER_ID)
		VALUES(#serviceCode#, #userId#)
	</insert>
	
	<delete id="deletetServiceUser">
		DELETE FROM ZZT_SERVICE_USER_RELATION
		WHERE SERVICE_CODE = #serviceCode#
		  AND USER_ID = #userId#
	</delete>
	
	<delete id="deletetServiceUserRelation">
		DELETE FROM ZZT_SERVICE_USER_RELATION
		 WHERE SERVICE_CODE = #serviceCode#
	</delete>
	
	<delete id="deletetSubServiceMaster">
		DELETE FROM ZZT_SUB_SERVICE_MASTER
		 WHERE SERVICE_CODE = #serviceCode#
	</delete>
	
	<delete id="deletetServiceMaster">
		DELETE FROM ZZT_SERVICE_MASTER
		 WHERE SERVICE_CODE = #serviceCode#
	</delete>
	
	<delete id="deletetLogSnapShot">
		DELETE FROM ZZT_LOG_SNAPSHOT
		 WHERE SERVICE_CODE = #serviceCode#
	</delete>
	
	<select id="selectCheckDeleteService" resultClass="int">
		SELECT COUNT(1) AS CNT
		  FROM ZZT_LOG_SNAPSHOT
		 WHERE SERVICE_CODE = #serviceCode#
	</select>
	
	<delete id="deletetSubServicePath">
		DELETE FROM ZZT_SUB_SERVICE_MASTER
		 WHERE SERVICE_CODE = #serviceCode#
		   AND SERVICE_SEQ = $serviceSeq$
	</delete>
	
	<!-- REQ-190032 해당 엑셀 다운로드 기능도 조회된 결과와 동일하게 출력하게끔 변경요청 -->
	<select id="selectServieAllList" resultMap="serviceMasterListResult">
		SELECT A.SERVICE_CODE, A.INTERFACE_ID, A.SERVICE_GROUP,
		       A.SERVICE_NOTE, A.SERVICE_DESCRIPTION, A.SERVICE_TYPE, 
		       A.CYCLE_CODE, A.EMAIL_NOTICE, A.SMS_NOTICE, A.JOB_MONITOR,
		       A.SERVICE_HANGTIME, CAST(B.SOURCE_SYSTEM AS VARCHAR2(200)) AS SOURCE_SYSTEM, 
		       CAST(C.TARGET_SYSTEM AS VARCHAR2(200)) AS TARGET_SYSTEM,
		       (SELECT DECODE(#lang#, 'ko', CODE_NAME_KO, CODE_NAME_EN) 
		          FROM ZZT_TCM_CODE WHERE CODE_GROUP = 'SVCMODL' AND CODE = A.SERVICE_GROUP) AS SERVICE_GROUP_NAME,
		       (SELECT DECODE(#lang#, 'ko', CODE_NAME_KO, CODE_NAME_EN) 
		          FROM ZZT_TCM_CODE WHERE CODE_GROUP = 'SRVTYPE' AND CODE = A.SERVICE_TYPE) AS SERVICE_TYPE_NAME,
		       (SELECT DECODE(#lang#, 'ko', CODE_NAME_KO, CODE_NAME_EN) 
		          FROM ZZT_TCM_CODE WHERE CODE_GROUP = 'CYCTYPE' AND CODE = A.CYCLE_CODE) AS CYCLE_CODE_NAME
		 FROM ZZT_SERVICE_MASTER A LEFT OUTER JOIN (
		                                            SELECT T1.SERVICE_CODE,
		                                                LISTAGG(T2.PHYSICAL_NAME, ', ') WITHIN GROUP (ORDER BY T2.PHYSICAL_NAME) AS SOURCE_SYSTEM 
		                                            FROM ZZT_SUB_SERVICE_MASTER T1 LEFT OUTER JOIN ZZT_PHYSICAL_SYSTEM T2
		                                                                        ON T1.PHYSICAL_CODE = T2.PHYSICAL_CODE
		                                            WHERE T1.DIRECTION_CODE = 'S'
		                                            GROUP BY T1.SERVICE_CODE
		                                            ) B
		                            ON A.SERVICE_CODE = B.SERVICE_CODE
		                           LEFT OUTER JOIN (
		                                            SELECT T1.SERVICE_CODE,
		                                                LISTAGG(T2.PHYSICAL_NAME, ', ') WITHIN GROUP (ORDER BY T2.PHYSICAL_NAME) TARGET_SYSTEM 
		                                            FROM ZZT_SUB_SERVICE_MASTER T1 LEFT OUTER JOIN ZZT_PHYSICAL_SYSTEM T2
		                                                                        ON T1.PHYSICAL_CODE = T2.PHYSICAL_CODE
		                                            WHERE T1.DIRECTION_CODE = 'T'
		                                            GROUP BY T1.SERVICE_CODE
		                                            ) C
		                            ON A.SERVICE_CODE = C.SERVICE_CODE
		 <dynamic prepend="WHERE">
            <isNotEmpty prepend="AND" property="interfaceId">
            	UPPER(A.INTERFACE_ID) LIKE '%' || UPPER(#interfaceId#) || '%'
            </isNotEmpty>
            <isNotEmpty prepend="AND" property="serviceGroup">
                A.SERVICE_GROUP = #serviceGroup#
            </isNotEmpty>
            <isNotEmpty prepend="AND" property="description">
            	UPPER(A.SERVICE_DESCRIPTION) LIKE '%' || UPPER(#description#) || '%'
            </isNotEmpty>
            <isNotEmpty prepend="AND" property="serviceNote">
            	UPPER(A.SERVICE_NOTE) LIKE '%' || UPPER(#serviceNote#) || '%'
            </isNotEmpty>
			<isNotEmpty prepend="AND" property="serviceUserId">
				A.SERVICE_CODE IN (SELECT SERVICE_CODE FROM ZZT_SERVICE_USER_RELATION WHERE USER_ID = #serviceUserId#)
			</isNotEmpty>
            <isNotEmpty prepend="AND" property="unMappingUserId">
                A.SERVICE_CODE NOT IN (SELECT SERVICE_CODE FROM ZZT_SERVICE_USER_RELATION WHERE USER_ID = #unMappingUserId#)
            </isNotEmpty>
            <isNotEmpty prepend="AND" property="sourceSystem">
                A.SERVICE_CODE IN (SELECT DISTINCT SERVICE_CODE FROM ZZT_SUB_SERVICE_MASTER WHERE DIRECTION_CODE = 'S' AND PHYSICAL_CODE = #sourceSystem#)
            </isNotEmpty>
            <isNotEmpty prepend="AND" property="targetSystem">
                A.SERVICE_CODE IN (SELECT DISTINCT SERVICE_CODE FROM ZZT_SUB_SERVICE_MASTER WHERE DIRECTION_CODE = 'T' AND PHYSICAL_CODE = #targetSystem#)
            </isNotEmpty>
		 </dynamic>
		 ORDER BY A.CREATE_DATE DESC, A.SERVICE_CODE
	</select>
	
	<insert id="insertServiceUserRelation" parameterClass="serviceUser">
		INSERT INTO ZZT_SERVICE_USER_RELATION(SERVICE_CODE, USER_ID)
		VALUES(#serviceCode#, #userId#) 
	</insert>
	
	<delete id="deleteServiceUserRelation" parameterClass="serviceUser">
		DELETE FROM ZZT_SERVICE_USER_RELATION
		 WHERE SERVICE_CODE = #serviceCode#
		   AND USER_ID = #userId# 
	</delete>
	
	<select id="selectSystemServiceList" resultMap="serviceMasterListResult">
	SELECT SERVICE_CODE, INTERFACE_ID, SERVICE_GROUP, SERVICE_NOTE, SERVICE_DESCRIPTION, SERVICE_TYPE, 
	       CYCLE_CODE, EMAIL_NOTICE, SMS_NOTICE, JOB_MONITOR, SERVICE_HANGTIME, SOURCE_SYSTEM,
	       TARGET_SYSTEM, SERVICE_GROUP_NAME, SERVICE_TYPE_NAME, CYCLE_CODE_NAME
	  FROM (
			SELECT ROWNUM AS RNUM, Z.*
			  FROM (
					SELECT A.SERVICE_CODE, A.INTERFACE_ID, A.SERVICE_GROUP,
					       A.SERVICE_NOTE, A.SERVICE_DESCRIPTION, A.SERVICE_TYPE, 
					       A.CYCLE_CODE, A.EMAIL_NOTICE, A.SMS_NOTICE, A.JOB_MONITOR,
					       A.SERVICE_HANGTIME, CAST(B.SOURCE_SYSTEM AS VARCHAR2(200)) AS SOURCE_SYSTEM,
					       CAST(C.TARGET_SYSTEM AS VARCHAR2(200)) AS TARGET_SYSTEM,
					       (SELECT DECODE(#lang#, 'ko', CODE_NAME_KO, CODE_NAME_EN) 
					          FROM ZZT_TCM_CODE WHERE CODE_GROUP = 'SVCMODL' AND CODE = A.SERVICE_GROUP) AS SERVICE_GROUP_NAME,
					       (SELECT DECODE(#lang#, 'ko', CODE_NAME_KO, CODE_NAME_EN) 
					          FROM ZZT_TCM_CODE WHERE CODE_GROUP = 'SRVTYPE' AND CODE = A.SERVICE_TYPE) AS SERVICE_TYPE_NAME,
					       (SELECT DECODE(#lang#, 'ko', CODE_NAME_KO, CODE_NAME_EN) 
					          FROM ZZT_TCM_CODE WHERE CODE_GROUP = 'CYCTYPE' AND CODE = A.CYCLE_CODE) AS CYCLE_CODE_NAME
					 FROM ZZT_SERVICE_MASTER A LEFT OUTER JOIN (
					                                            SELECT T1.SERVICE_CODE,
					                                                LISTAGG(T2.PHYSICAL_NAME, ', ') WITHIN GROUP (ORDER BY T2.PHYSICAL_NAME) AS SOURCE_SYSTEM 
					                                            FROM ZZT_SUB_SERVICE_MASTER T1 LEFT OUTER JOIN ZZT_PHYSICAL_SYSTEM T2
					                                                                             ON T1.PHYSICAL_CODE = T2.PHYSICAL_CODE
					                                            WHERE T1.DIRECTION_CODE = 'S'
					                                            GROUP BY T1.SERVICE_CODE
					                                            ) B
					                            ON A.SERVICE_CODE = B.SERVICE_CODE
					                           LEFT OUTER JOIN (
					                                            SELECT T1.SERVICE_CODE,
					                                                LISTAGG(T2.PHYSICAL_NAME, ', ') WITHIN GROUP (ORDER BY T2.PHYSICAL_NAME) AS TARGET_SYSTEM 
					                                            FROM ZZT_SUB_SERVICE_MASTER T1 LEFT OUTER JOIN ZZT_PHYSICAL_SYSTEM T2
					                                                                             ON T1.PHYSICAL_CODE = T2.PHYSICAL_CODE
					                                            WHERE T1.DIRECTION_CODE = 'T'
					                                            GROUP BY T1.SERVICE_CODE
					                                            ) C
					                            ON A.SERVICE_CODE = C.SERVICE_CODE
					 WHERE A.SERVICE_CODE IN (SELECT DISTINCT SERVICE_CODE FROM ZZT_SUB_SERVICE_MASTER WHERE PHYSICAL_CODE = #physicalCode#)
					 ORDER BY A.INTERFACE_ID
					 ) Z
			WHERE ROWNUM <![CDATA[<=]]> ($pageSize$*$pageIndex$)		 
			) T
		WHERE RNUM <![CDATA[>]]> ($pageSize$*$pageIndex$) - $pageSize$
		ORDER BY INTERFACE_ID
	</select>
	
	<select id="countSystemServiceList" resultClass="int">
		SELECT COUNT(1) AS TOTAL
		 FROM ZZT_SERVICE_MASTER
		 WHERE SERVICE_CODE IN (SELECT DISTINCT SERVICE_CODE FROM ZZT_SUB_SERVICE_MASTER WHERE PHYSICAL_CODE = #physicalCode#)
	</select>
	
	<select id="selectServiceDetailInfo" resultMap="serviceInfoResult">
		SELECT A.SERVICE_CODE, A.INTERFACE_ID, A.SERVICE_GROUP, A.SERVICE_NOTE, A.SERVICE_DESCRIPTION, 
		       A.SERVICE_TYPE, A.CYCLE_CODE, A.EMAIL_NOTICE, A.SMS_NOTICE,
		       (SELECT DECODE(#lang#, 'ko', CODE_NAME_KO, CODE_NAME_EN) 
		          FROM ZZT_TCM_CODE WHERE CODE_GROUP = 'NOTICE' AND CODE = A.EMAIL_NOTICE) AS EMAIL_NOTICE_NAME,
		       (SELECT DECODE(#lang#, 'ko', CODE_NAME_KO, CODE_NAME_EN) 
		          FROM ZZT_TCM_CODE WHERE CODE_GROUP = 'NOTICE' AND CODE = A.SMS_NOTICE) AS SMS_NOTICE_NAME,
		       (SELECT DECODE(#lang#, 'ko', CODE_NAME_KO, CODE_NAME_EN) 
		          FROM ZZT_TCM_CODE WHERE CODE_GROUP = 'SVCMODL' AND CODE = A.SERVICE_GROUP) AS SERVICE_GROUP_NAME,
		       (SELECT DECODE(#lang#, 'ko', CODE_NAME_KO, CODE_NAME_EN) 
		          FROM ZZT_TCM_CODE WHERE CODE_GROUP = 'SRVTYPE' AND CODE = A.SERVICE_TYPE) AS SERVICE_TYPE_NAME,
		       (SELECT DECODE(#lang#, 'ko', CODE_NAME_KO, CODE_NAME_EN) 
		          FROM ZZT_TCM_CODE WHERE CODE_GROUP = 'CYCTYPE' AND CODE = A.CYCLE_CODE) AS CYCLE_CODE_NAME
		  FROM ZZT_SERVICE_MASTER A
		 WHERE SERVICE_CODE = #serviceCode#
	</select>
	
	<select id="selectSubServieMaster" resultMap="subServiceMasterResult">
		SELECT A.SERVICE_CODE, A.SERVICE_SEQ, A.SERVICE_PATH_NAME, A.DIRECTION_CODE, A.SYSTEM_TYPE, 
		       A.SERVER_TYPE, A.SYSTEM_CODE, A.PHYSICAL_CODE, A.SYSTEM_PATH,
		       (SELECT SYSTEM_NAME FROM ZZT_SYSTEM_MASTER WHERE SYSTEM_CODE = A.SYSTEM_CODE) SYSTEM_NAME,
		       (SELECT PHYSICAL_NAME FROM ZZT_PHYSICAL_SYSTEM WHERE PHYSICAL_CODE = A.PHYSICAL_CODE) PHYSICAL_NAME,
		       (SELECT DECODE(#lang#, 'ko', CODE_NAME_KO, CODE_NAME_EN) 
		          FROM ZZT_TCM_CODE WHERE CODE_GROUP = 'SYSTYPE' AND CODE = A.SYSTEM_TYPE AND USE_YN = 'Y') AS SYSTEM_TYPE_NAME,
		       DECODE(A.DIRECTION_CODE, 'S', 'Source', 'Target') AS DIRECTION_CODE_NAME,
		       (SELECT DECODE(#lang#, 'ko', CODE_NAME_KO, CODE_NAME_EN) 
		          FROM ZZT_TCM_CODE WHERE CODE_GROUP = 'SVRTYPE' AND CODE = A.SERVER_TYPE AND USE_YN = 'Y') AS SERVER_TYPE_NAME
		  FROM ZZT_SUB_SERVICE_MASTER A
		 WHERE A.SERVICE_CODE = #serviceCode#
		<isNotEmpty prepend="AND" property="seq">
			SERVICE_SEQ = $serviceSeq$
		</isNotEmpty>
	</select>
	
</sqlMap>