<?xml version="1.0" encoding="UTF-8" ?>
<!DOCTYPE sqlMap PUBLIC "-//ibatis.apache.org//DTD SQL Map 2.0//EN"
"http://ibatis.apache.org/dtd/sql-map-2.dtd">

<sqlMap namespace="com.nsc.menu.entity.Menu">
	
	<cacheModel id="menu-cache" type="OSCACHE">
	<flushInterval hours="12" />
	<flushOnExecute statement="menuDeleteUpdate"/>
	<flushOnExecute statement="sysResoruceDeleteUpdateByMenu"/>
	<flushOnExecute statement="pageDeleteUpdate"/>
	<flushOnExecute statement="sysResoruceDeleteUpdateByPage"/>
	<flushOnExecute statement="updateSysResoruceInfoByMenu"/>
	<flushOnExecute statement="updateSysResoruceInfobyPage"/>
	<flushOnExecute statement="updateMenuInfo"/>
	<flushOnExecute statement="updatePageInfo"/>
	<flushOnExecute statement="updateMoveMenu"/>
	<flushOnExecute statement="updateMoveSysResource"/>
	<flushOnExecute statement="insertSysResoruceInfoByMenu"/>
	<flushOnExecute statement="insertMenuInfo"/>
	<flushOnExecute statement="insertPage"/>
	<flushOnExecute statement="insertSysResoruceInfoByPage"/>
	<flushOnExecute statement="insertSysResoruceMappInfo"/>
	<flushOnExecute statement="insertSysResoruceAuthInfo"/>
	<flushOnExecute statement="deleteSysResoruceAuthInfo"/>
	<property name="cacheSize" value="1024"/>
	</cacheModel>
	
	<typeAlias alias="menu" type="com.nsc.menu.entity.Menu"/>
	<typeAlias alias="page" type="com.nsc.menu.entity.Page"/>
	
	<resultMap id="menuTreeInfo"  class="menu" >
		<result property="menuId" column="MENU_ID"/>
		<result property="koLabel" column="KO_LABEL"/>
		<result property="enLabel" column="EN_LABEL"/>
		<result property="label" column="LABEL"/>
		<result property="menuLevel" column="MENU_LEVEL"/>
		<result property="menuUrl" column="MENU_URL"/>
		<result property="used" column="USE_YN"/>
		<result property="upperSysResourceId" column="UPPER_SYS_RESOURCE_ID"/>
		<result property="leaf" column="ISLEAF"/>
		<result property="sysResourceTypeCodeId" column="SYS_RESOURCE_TYPE_CODE_ID"/>
		<result property="menuSequence" column="MENU_SEQUENCE"/>
	</resultMap> 
	
	<resultMap id="menuInfo"  class="menu" >
		<result property="menuId" column="MENU_ID"/>
		<result property="koLabel" column="KO_LABEL"/>
		<result property="enLabel" column="EN_LABEL"/>
		<result property="label" column="LABEL"/>
		<result property="menuLevel" column="MENU_LEVEL"/>
		<result property="menuUrl" column="MENU_URL"/>
		<result property="used" column="USE_YN"/>
		<result property="upperSysResourceId" column="UPPER_SYS_RESOURCE_ID"/>
		<result property="sysResourceTypeCodeId" column="SYS_RESOURCE_TYPE_CODE_ID"/>
		<result property="menuSequence" column="MENU_SEQUENCE"/>
		<result property="parent" column="{menuId=UPPER_SYS_RESOURCE_ID}" select="selectMenuInfo"/>
		<result property="children" column="{upperSysResourceId=MENU_ID}" select="selectMenuInfo"/>
		<result property="pages" column="{menuId=MENU_ID}" select="selectPageList"/>
	</resultMap>
	
	<resultMap id="menuInfoItems"  class="menu" groupBy="menuId" >
		<result property="menuId" column="MENU_ID"/>
		<result property="koLabel" column="KO_LABEL"/>
		<result property="enLabel" column="EN_LABEL"/>
		<result property="label" column="LABEL"/>
		<result property="menuLevel" column="MENU_LEVEL"/>
		<result property="menuUrl" column="MENU_URL"/>
		<result property="used" column="USE_YN"/>
		<result property="upperSysResourceId" column="UPPER_SYS_RESOURCE_ID"/>
		<result property="sysResourceTypeCodeId" column="SYS_RESOURCE_TYPE_CODE_ID"/>
		<result property="menuSequence" column="MENU_SEQUENCE"/>
		<result property="parent" column="{menuId=UPPER_SYS_RESOURCE_ID}" select="selectMenuInfo"/>
		<result property="children" column="{upperSysResourceId=MENU_ID}" select="selectMenuInfo"/>
		<result property="pages" column="{menuId=MENU_ID}" select="selectPageList"/>
	</resultMap>
	
	<resultMap id="pageList"  class="page" >
		<result property="pageId" column="PAGE_ID"/>
		<result property="authorizationType" column="AUTHORIZATION_ID"/>
		<result property="pageUrl" column="PAGE_URL"/>
		<result property="pageName" column="PAGE_NAME"/>
		<result property="used" column="USE_YN"/>
		<result property="menu" column="{menuId=MENU_ID}" select="selectMenuInfo"/>
	</resultMap>
	
	<resultMap id="menuPage"  class="menu" groupBy="menuId" >
		<result property="menuId" column="MENU_ID"/>
		<result property="koLabel" column="KO_LABEL"/>
		<result property="enLabel" column="EN_LABEL"/>
		<result property="label" column="LABEL"/>
		<result property="menuLevel" column="MENU_LEVEL"/>
		<result property="menuUrl" column="MENU_URL"/>
		<result property="used" column="USE_YN"/>
		<result property="menuSequence" column="MENU_SEQUENCE"/>
		<result property="pages" resultMap="com.nsc.menu.entity.Menu.menuPageItem"/>
	</resultMap>
	
	<resultMap id="menuPageItem"  class="page" >
		<result property="pageId" column="PAGE_ID"/>
		<result property="authorizationType" column="AUTHORIZATION_ID"/>
		<result property="pageUrl" column="PAGE_URL"/>
		<result property="pageName" column="PAGE_NAME"/>
		<result property="used" column="USE_YN"/>
	</resultMap>
	
	<sql id="tableMenu">ZZT_MENU</sql>
	
	<select id="selectTopMenuList" resultMap="menuTreeInfo" >
		SELECT *
		FROM (
			SELECT A.MENU_ID, A.KO_LABEL, A.EN_LABEL, A.LABEL, A.MENU_LEVEL, A.MENU_URL, A.USE_YN
				  ,B.UPPER_SYS_RESOURCE_ID, B.SYS_RESOURCE_TYPE_CODE_ID, A.MENU_SEQUENCE
				  ,(CASE WHEN A2.UPPER_SYS_RESOURCE_ID IS NULL THEN 1 ELSE 0 END) AS ISLEAF
			  FROM ZZT_MENU A INNER JOIN ZZT_SYS_RESOURCE B 
			                     ON A.MENU_ID = B.SYS_RESOURCE_ID 
				              LEFT OUTER JOIN (SELECT DISTINCT UPPER_SYS_RESOURCE_ID 
				                                 FROM ZZT_SYS_RESOURCE 
				                                 WHERE DELETE_YN IS NULL OR DELETE_YN <![CDATA[<>]]> '1') A2 
				                 ON B.SYS_RESOURCE_ID = A2.UPPER_SYS_RESOURCE_ID
			 WHERE A.MENU_LEVEL IN (0 , 1)
			<isNotNull prepend="AND" property="used">
				A.USE_YN = #used#
			</isNotNull>
			<isNotNull prepend="AND" property="upperSysResourceId">
				B.UPPER_SYS_RESOURCE_ID = #upperSysResourceId#
			</isNotNull>
			   AND (A.DELETE_YN IS NULL OR A.DELETE_YN <![CDATA[<>]]> '1')
			 ORDER BY A.MENU_LEVEL, A.MENU_SEQUENCE
			) AA
	</select>
	
	<select id="selectSubMenuList" resultMap="menuTreeInfo" >
		SELECT * 
		FROM (
			SELECT A.MENU_ID, A.KO_LABEL, A.EN_LABEL, A.LABEL, A.MENU_LEVEL, A.MENU_URL, A.USE_YN
				  ,B.UPPER_SYS_RESOURCE_ID, B.SYS_RESOURCE_TYPE_CODE_ID, A.MENU_SEQUENCE
				  ,(CASE WHEN A2.UPPER_SYS_RESOURCE_ID IS NULL THEN 1 ELSE 0 END) AS ISLEAF
			  FROM ZZT_MENU A INNER JOIN ZZT_SYS_RESOURCE B 
			                     ON A.MENU_ID = B.SYS_RESOURCE_ID 
				               LEFT OUTER JOIN (SELECT DISTINCT UPPER_SYS_RESOURCE_ID 
				                                  FROM ZZT_SYS_RESOURCE 
				                                 WHERE DELETE_YN IS NULL OR DELETE_YN <![CDATA[<>]]> '1') A2 
				                 ON B.SYS_RESOURCE_ID = A2.UPPER_SYS_RESOURCE_ID
			 WHERE B.UPPER_SYS_RESOURCE_ID = #upperSysResourceId#
			<isNotNull prepend="AND" property="used">
				A.USE_YN = #used#
			</isNotNull>
			   AND (A.DELETE_YN IS NULL OR A.DELETE_YN <![CDATA[<>]]> '1')
			 ORDER BY A.MENU_LEVEL, A.MENU_SEQUENCE
			 ) AA
	</select>
		
	<select id="selectMenuInfo" resultMap="menuInfo" cacheModel="menu-cache">
		SELECT A.MENU_ID, A.KO_LABEL, A.EN_LABEL, A.LABEL, A.MENU_URL
		     , A.MENU_SEQUENCE, A.USE_YN, B.UPPER_SYS_RESOURCE_ID, B.SYS_RESOURCE_TYPE_CODE_ID, A.MENU_LEVEL
		 FROM ZZT_MENU A INNER JOIN ZZT_SYS_RESOURCE B 
		                    ON A.MENU_ID = B.SYS_RESOURCE_ID
		 WHERE A.MENU_ID = #menuId#
		<dynamic>
			<isNotNull prepend="AND" property="upperSysResourceId">
				B.UPPER_SYS_RESOURCE_ID = #upperSysResourceId#
			</isNotNull>
		</dynamic>
	</select>
	
	<select id="selectMenuItemInfo" resultMap="menuInfoItems" cacheModel="menu-cache">
		SELECT A.MENU_ID, A.KO_LABEL, A.EN_LABEL, A.LABEL, A.MENU_URL
		     , A.MENU_SEQUENCE, A.USE_YN, B.UPPER_SYS_RESOURCE_ID, B.SYS_RESOURCE_TYPE_CODE_ID, A.MENU_LEVEL
		  FROM ZZT_MENU A INNER JOIN ZZT_SYS_RESOURCE B
		                     ON A.MENU_ID = B.SYS_RESOURCE_ID 
		 WHERE A.MENU_LEVEL <![CDATA[<>]]> 0 
		 <dynamic>
		 	<isNotNull prepend="AND" property="menuLevel">
				A.MENU_LEVEL = #menuLevel#
			</isNotNull>
			<isNotNull prepend="AND" property="menuId">
				A.MENU_ID = #menuId#
			</isNotNull>
			<isNotNull prepend="AND" property="upperSysResourceId">
				B.UPPER_SYS_RESOURCE_ID = #upperSysResourceId#
			</isNotNull>
			<isNotNull prepend="AND" property="used">
				A.USE_YN = #used#
			</isNotNull>
			<isNotNull prepend="AND" property="deleted">
				A.DELETE_YN = #deleted#
			</isNotNull>
		</dynamic>
		ORDER BY A.MENU_SEQUENCE ASC
	</select>
	
	<select id="selectPageList" resultMap="pageList">
		SELECT A.PAGE_ID, D.AUTHORIZATION_ID, A.PAGE_URL, A.PAGE_NAME, A.USE_YN, C.MAIN_SYS_RESOURCE_ID AS MENU_ID
		  FROM ZZT_PAGE A INNER JOIN ZZT_SYS_RESOURCE B
		                     ON A.PAGE_ID = B.SYS_RESOURCE_ID
		                  INNER JOIN ZZT_SYS_RESOURCE_MAPP C 
		                     ON A.PAGE_ID = C.SUB_SYS_RESOURCE_ID
		                  INNER JOIN ZZT_SYS_AUTHORIZATION D 
		                     ON B.SYS_RESOURCE_ID = D.SYS_RESOURCE_ID
		WHERE C.MAIN_SYS_RESOURCE_ID = #menuId# 
		  AND (A.DELETE_YN IS NULL OR A.DELETE_YN <![CDATA[<>]]> '1')
	</select>
	
	<select id="selectTopMenus" resultMap="menuInfo" cacheModel="menu-cache" >
		SELECT A.MENU_ID, A.KO_LABEL, A.EN_LABEL, A.LABEL, A.MENU_URL,
		       A.MENU_SEQUENCE, A.USE_YN, B.UPPER_SYS_RESOURCE_ID, B.SYS_RESOURCE_TYPE_CODE_ID, A.MENU_LEVEL
		  FROM ZZT_MENU A INNER JOIN ZZT_SYS_RESOURCE B
		                     ON A.MENU_ID = B.SYS_RESOURCE_ID
		 WHERE A.MENU_LEVEL = 1
		   AND A.USE_YN = '1'
		   AND (A.DELETE_YN IS NULL OR A.DELETE_YN <![CDATA[<>]]> '1')
		 ORDER BY A.MENU_SEQUENCE ASC
	</select>
	
	<select id="selectMenuByUrl" resultMap="menuPage" cacheModel="menu-cache" >
		/* ==IGNORE_LOG== */
		SELECT  menu.MENU_ID,
				menu.UPPER_SYS_RESOURCE_ID,
				menu.EN_LABEL,
				menu.KO_LABEL,
				menu.LABEL,
				menu.MENU_LEVEL,
				menu.MENU_SEQUENCE,
				menu.MENU_URL,
				menu.USE_YN,
				page.PAGE_ID,
				page.PAGE_NAME,
				page.PAGE_URL,
				page.PAGE_USE_YN,
				page.AUTHORIZATION_ID
		FROM ( SELECT   m.MENU_ID,
						r.UPPER_SYS_RESOURCE_ID,
						m.EN_LABEL,
						m.KO_LABEL,
						m.LABEL,
						m.MENU_LEVEL,
						m.MENU_SEQUENCE,
						m.MENU_URL,
						m.USE_YN
				FROM ZZT_SYS_RESOURCE r, ZZT_MENU m
				WHERE m.MENU_ID = r.SYS_RESOURCE_ID
				  AND m.MENU_URL <![CDATA[<>]]> ' '
				  AND m.DELETE_YN = 0 
				  AND m.USE_YN = 1) menu LEFT OUTER JOIN	  
													  (	SELECT p.PAGE_ID,
															   m.MAIN_SYS_RESOURCE_ID HEADER_ID,
															   p.PAGE_NAME,
															   p.PAGE_URL,
															   p.USE_YN PAGE_USE_YN,
															   t.AUTHORIZATION_ID
														  FROM ZZT_SYS_RESOURCE r INNER JOIN ZZT_PAGE p 
														                             ON p.PAGE_ID = r.SYS_RESOURCE_ID
															                      INNER JOIN ZZT_SYS_AUTHORIZATION t 
															                         ON r.SYS_RESOURCE_ID = t.SYS_RESOURCE_ID	
															                       LEFT OUTER JOIN ZZT_SYS_RESOURCE_MAPP m 
															                         ON r.SYS_RESOURCE_ID = m.SUB_SYS_RESOURCE_ID
														 WHERE p.PAGE_URL <![CDATA[<>]]> ' '
														   AND p.DELETE_YN = 0 
														   AND p.USE_YN = 1) page
										   ON menu.MENU_ID = page.HEADER_ID
		WHERE (menu.MENU_URL like #url#||'%' OR page.PAGE_URL like #url#||'%')
	</select>
	
	<update id="menuDeleteUpdate" parameterClass="java.util.HashMap">
		UPDATE ZZT_MENU 
		   SET DELETE_YN = '1' 
		 WHERE MENU_ID = #menuId#
	</update>
	
	<update id="sysResoruceDeleteUpdateByMenu" parameterClass="java.util.HashMap">
		UPDATE ZZT_SYS_RESOURCE 
		  SET LAST_MOD_DATETIME = #modDate#, 
		      LAST_MODR_ID = #modUserId#, 
		      DELETE_YN = '1' 
		 WHERE SYS_RESOURCE_ID = #menuId#
	</update>	
	
	<update id="pageDeleteUpdate" parameterClass="java.util.HashMap">
		UPDATE ZZT_PAGE 
		   SET DELETE_YN = '1' 
		 WHERE PAGE_ID IN ( 
							SELECT SUB_SYS_RESOURCE_ID 
							  FROM ZZT_SYS_RESOURCE_MAPP 
							 WHERE MAIN_SYS_RESOURCE_ID = #menuId#
							<dynamic>
								<isPropertyAvailable property="pages">
									<isNotNull prepend="AND SUB_SYS_RESOURCE_ID NOT IN" property="pages">
										<iterate property="pages" open="(" conjunction="," close=")">
											#pages[]#
										</iterate>
									</isNotNull>
								</isPropertyAvailable>
							</dynamic>
							)
	</update>
	
	<update id="sysResoruceDeleteUpdateByPage" parameterClass="java.util.HashMap">
		UPDATE ZZT_SYS_RESOURCE 
		   SET LAST_MOD_DATETIME = #modDate#, 
		       LAST_MODR_ID= #modUserId#,
		       DELETE_YN = '1'
		 WHERE SYS_RESOURCE_ID IN ( 
								SELECT SUB_SYS_RESOURCE_ID 
								  FROM ZZT_SYS_RESOURCE_MAPP 
								 WHERE MAIN_SYS_RESOURCE_ID = #menuId#
								<dynamic>
									<isPropertyAvailable property="pages">
										<isNotNull prepend="AND SUB_SYS_RESOURCE_ID NOT IN" property="pages">
											<iterate property="pages" open="(" conjunction="," close=")">
												#pages[]#
											</iterate>
										</isNotNull>
									</isPropertyAvailable>
								</dynamic>
								)
	</update>
	
	<update id="updateSysResoruceInfoByMenu" parameterClass="menu">
		UPDATE ZZT_SYS_RESOURCE 
		   SET SYS_RESOURCE_NAME     = #koLabel#,
		       UPPER_SYS_RESOURCE_ID = #upperSysResourceId#,
		       DESCRIPTION           = #description#,
		       LAST_MODR_ID          = #lastModrId#,
		       LAST_MOD_DATETIME     = #lastModDatetime#
		 WHERE SYS_RESOURCE_ID = #menuId#
	</update>
	
	<update id="updateSysResoruceInfobyPage" parameterClass="page">
		UPDATE ZZT_SYS_RESOURCE 
		   SET SYS_RESOURCE_NAME = #koLabel#,
		       DESCRIPTION       = #description#,
		       LAST_MODR_ID      = #lastModrId#,
		       LAST_MOD_DATETIME = #lastModDatetime#
		 WHERE SYS_RESOURCE_ID = #pageId#
	</update>
	
	<update id="updateMenuInfo" parameterClass="menu">
		UPDATE ZZT_MENU 
		   SET KO_LABEL      = #koLabel#, 
		       EN_LABEL      = #enLabel#, 
		       LABEL         = #label#, 
		       MENU_SEQUENCE = #menuSequence#, 
		       MENU_URL      = #menuUrl#, 
		       MENU_LEVEL    = #menuLevel#, 
		       USE_YN        = #used#
		WHERE MENU_ID = #menuId#
	</update>
	
	<update id="updatePageInfo" parameterClass="page">
		UPDATE ZZT_PAGE 
		   SET PAGE_NAME = #pageName#, 
		       PAGE_URL  = #pageUrl#, 
		       USE_YN    = #used# 
		 WHERE PAGE_ID = #pageId#
	</update>
		
	<update id="updateMoveMenu" parameterClass="menu">
		UPDATE ZZT_MENU 
		   SET MENU_SEQUENCE = #menuSequence#, 
		       MENU_LEVEL    = #menuLevel# 
		 WHERE MENU_ID = #menuId#
	</update>
	
	<update id="updateMoveSysResource" parameterClass="menu">
		UPDATE ZZT_SYS_RESOURCE 
		   SET LAST_MOD_DATETIME = #lastModDatetime#,
		       LAST_MODR_ID = #lastModrId#, 
		       UPPER_SYS_RESOURCE_ID = #upperSysResourceId#  
		 WHERE SYS_RESOURCE_ID = #menuId#
	</update>	
	
	<insert id="insertSysResoruceInfoByMenu" parameterClass="menu">
		INSERT INTO ZZT_SYS_RESOURCE(SYS_RESOURCE_ID, SYS_RESOURCE_NAME, SYS_RESOURCE_TYPE_CODE_ID, DESCRIPTION,
		   UPPER_SYS_RESOURCE_ID, FIRST_REG_DATETIME, FIRST_REGR_ID, DELETE_YN) 
		VALUES (#menuId#, #koLabel#, 'MENU', #description#, #upperSysResourceId#, #firstRegDatetime#, #firstRegrId#, #deleted#)
	</insert>
	
	<insert id="insertMenuInfo" parameterClass="menu">
		INSERT INTO ZZT_MENU(MENU_ID, KO_LABEL, EN_LABEL, LABEL, MENU_SEQUENCE, MENU_URL, MENU_LEVEL, USE_YN, DELETE_YN)
		VALUES (#menuId#, #koLabel#, #enLabel#, #label#, #menuSequence#, #menuUrl#, #menuLevel#, #used# , #deleted#)
	</insert>
	
	<insert id="insertPage" parameterClass="page">
		INSERT INTO ZZT_PAGE(PAGE_ID, PAGE_NAME, PAGE_URL, USE_YN, DELETE_YN) 
		VALUES (#pageId#, #pageName#, #pageUrl#, #used#, #deleted#)
	</insert>
	
	<insert id="insertSysResoruceInfoByPage" parameterClass="page">
		INSERT INTO ZZT_SYS_RESOURCE(SYS_RESOURCE_ID, UPPER_SYS_RESOURCE_ID, SYS_RESOURCE_NAME, SYS_RESOURCE_TYPE_CODE_ID, 
		    DESCRIPTION, DELETE_YN, FIRST_REGR_ID, FIRST_REG_DATETIME) 
		VALUES (#pageId#, #upperSysResourceId#, #koLabel#, 'PAGE', #description#, #deleted#, #firstRegrId#, #firstRegDatetime#)
	</insert>
	
	<insert id="insertSysResoruceMappInfo" parameterClass="page">
		INSERT INTO ZZT_SYS_RESOURCE_MAPP(MAIN_SYS_RESOURCE_ID, SUB_SYS_RESOURCE_ID, FIRST_REG_DATETIME, FIRST_REGR_ID)
		VALUES (#menu.menuId#, #pageId#, #firstRegDatetime#, #firstRegrId#)
	</insert>
	
	<insert id="insertSysResoruceAuthInfo" parameterClass="page">
		INSERT INTO ZZT_SYS_AUTHORIZATION(SYS_RESOURCE_ID, AUTHORIZATION_ID, FIRST_REGR_ID, FIRST_REG_DATETIME)
		VALUES (#pageId#, #authorizationType#, #firstRegrId#, #firstRegDatetime#)
	</insert>
	
	<delete id="deleteSysResoruceAuthInfo" parameterClass="page">
		DELETE FROM ZZT_SYS_AUTHORIZATION WHERE SYS_RESOURCE_ID = #pageId#
	</delete>
	
	<select id="getMenuIdByPath" resultClass="String">
		/* ==IGNORE_LOG== */
		SELECT MENU_ID 
		FROM ZZT_MENU
		WHERE MENU_URL LIKE #path#||'%'
	</select>
		
</sqlMap>