<?xml version="1.0" encoding="UTF-8" ?>
<!DOCTYPE sqlMap PUBLIC "-//ibatis.apache.org//DTD SQL Map 2.0//EN"
"http://ibatis.apache.org/dtd/sql-map-2.dtd">

<sqlMap namespace="com.nsc.keyMgmt.entity">

	<!-- Use type aliases to avoid typing the full classname every time. -->
	<typeAlias alias="license" type="com.nsc.keyMgmt.entity.License"/>
	
	<resultMap id="licenseResult" class="license">
		<result property="licenseId" column="LICENSE_ID"/>
		<result property="licenseKey" column="LICENSE_KEY"/>
		<result property="installSiteNm" column="INSTALL_SITE_NAME"/>
		<result property="macAddress" column="MAC_ADDRESS"/>
		<result property="trialYn" column="TRIAL_YN"/>
		<result property="installDate" column="INSTALL_DATE" />
		<result property="expireYn" column="EXPIRE_YN" />
		<result property="contactUserNm" column="CONTACT_USER_NM" />
		<result property="versionInfo" column="VERSION_INFO" />
		<result property="createDate" column="CREATE_DATE" />
	</resultMap>
		
	<select id="selectLicenseKeyList" resultMap="licenseResult">
		SELECT LICENSE_ID, LICENSE_KEY, INSTALL_SITE_NAME, MAC_ADDRESS, TRIAL_YN, 
		       INSTALL_DATE, EXPIRE_YN, CONTACT_USER_NM, VERSION_INFO,
		       TO_CHAR(CREATE_DATE, 'YYYY-MM-DD') CREATE_DATE
		  FROM (
			   SELECT t1.*, CEIL( ROWNUM / $pageSize$ ) AS PAGE
			     FROM (
						SELECT LICENSE_ID, LICENSE_KEY, INSTALL_SITE_NAME, MAC_ADDRESS, TRIAL_YN, 
							   INSTALL_DATE, EXPIRE_YN, CONTACT_USER_NM, VERSION_INFO, CREATE_DATE
                          FROM ZZT_SYSTEM_KEY
						 WHERE DELETE_YN = 'N'
						<isNotEmpty prepend="AND" property="installSiteName">
						INSTALL_SITE_NAME LIKE '%'||#installSiteName#||'%'
						</isNotEmpty>
						<isNotEmpty prepend="AND" property="expireYn">
						EXPIRE_YN = #expireYn#
						</isNotEmpty>
						ORDER BY INSTALL_DATE DESC
			          ) t1
		        ) T 
		 WHERE PAGE = $pageIndex$
	</select>
	
	<select id="countLicenseKey" resultClass="int">
		SELECT COUNT(1) AS TOTAL
		  FROM ZZT_SYSTEM_KEY
		 WHERE DELETE_YN = 'N'
		<isNotEmpty prepend="AND" property="installSiteName">
		INSTALL_SITE_NAME LIKE '%'||#installSiteName#||'%'
		</isNotEmpty>
		<isNotEmpty prepend="AND" property="expireYn">
		EXPIRE_YN = #expireYn#
		</isNotEmpty>
	</select>
	
	<select id="selectAllLicenseKeyList" resultMap="licenseResult">
		SELECT LICENSE_ID, LICENSE_KEY, INSTALL_SITE_NAME, MAC_ADDRESS, TRIAL_YN, 
			   INSTALL_DATE, EXPIRE_YN, CONTACT_USER_NM, VERSION_INFO, 
			   TO_CHAR(CREATE_DATE, 'YYYY-MM-DD') CREATE_DATE
	      FROM ZZT_SYSTEM_KEY
		 WHERE DELETE_YN = 'N'
		<isNotEmpty prepend="AND" property="installSiteName">
		INSTALL_SITE_NAME LIKE '%'||#installSiteName#||'%'
		</isNotEmpty>
		<isNotEmpty prepend="AND" property="expireYn">
		EXPIRE_YN = #expireYn#
		</isNotEmpty>
		ORDER BY INSTALL_DATE DESC, INSTALL_SITE_NAME ASC
	</select>
	
	<insert id="insertLicenseKey"  parameterClass="license" >
		INSERT INTO ZZT_SYSTEM_KEY(LICENSE_ID, LICENSE_KEY, INSTALL_SITE_NAME, MAC_ADDRESS, TRIAL_YN, 
		       INSTALL_DATE, EXPIRE_YN, CONTACT_USER_NM, VERSION_INFO, DELETE_YN, CREATE_DATE )
		VALUES(#licenseId#, #licenseKey#, #installSiteNm#, #macAddress#, #trialYn#, 
			#installDate#, #expireYn#, #contactUserNm#, #versionInfo#, 'N', SYSDATE)	
	</insert>
	
	<update id="updateLicenseKey"  parameterClass="license" >
		UPDATE ZZT_SYSTEM_KEY
		   SET INSTALL_SITE_NAME = #installSiteNm#,
		       EXPIRE_YN         = #expireYn#,
		       CONTACT_USER_NM   = #contactUserNm#,
		       VERSION_INFO      = #versionInfo#
		 WHERE LICENSE_ID = #licenseId#
	</update>
	
	<update id="deleteLicenseKey"  parameterClass="license" >
		UPDATE ZZT_SYSTEM_KEY
		   SET DELETE_YN = 'Y'
		 WHERE LICENSE_ID = #licenseId#
	</update>
	
</sqlMap>