<?xml version="1.0" encoding="UTF-8" ?>
<!DOCTYPE sqlMap PUBLIC "-//ibatis.apache.org//DTD SQL Map 2.0//EN"
"http://ibatis.apache.org/dtd/sql-map-2.dtd">

<sqlMap namespace="com.nsc.portal.entity.TotalSummary">

	<!-- Use type aliases to avoid typing the full classname every time. -->
	<typeAlias alias="total" type="com.nsc.portal.entity.TotalSummary"/>
	<typeAlias alias="error" type="com.nsc.portal.entity.ErrorService"/>
	<typeAlias alias="instanceStaus" type="com.nsc.portal.entity.InstanceStatusInfo"/>
	
	<resultMap id="totalResult" class="total">
		<result property="eventDate" column="EVENT_DATE"/>
		<result property="successCnt" column="SUCCESS_CNT"/>
		<result property="errorCnt" column="ERROR_CNT"/>
		<result property="totalCnt" column="TOTAL_CNT"/>
	</resultMap>
	
	<resultMap id="moduleResult" class="total">
		<result property="eventDate" column="EVENT_DATE"/>
		<result property="serviceGroup" column="SERVICE_GROUP"/>
		<result property="successCnt" column="SUCCESS_CNT"/>
		<result property="errorCnt" column="ERROR_CNT"/>
		<result property="totalCnt" column="TOTAL_CNT"/>
	</resultMap>
	
	<resultMap id="errorResult" class="error">
		<result property="serviceCode" column="SERVICE_CODE"/>
		<result property="interfaceId" column="INTERFACE_ID"/>
		<result property="eventTime" column="EVENT_TIME"/>
	</resultMap>
	
	<resultMap id="instanceResult" class="instanceStaus">
		<result property="instanceName" column="INSTANCE_NAME"/>
		<result property="hostName" column="HOST_NAME"/>
		<result property="ipAddress" column="IP"/>
		<result property="port" column="PORT"/>
		<result property="activeMode" column="ACTIVE_MODE"/>
		<result property="serverStatus" column="SERVER_STATUS"/>
		<result property="useMemory" column="USED_MEMORY"/>
		<result property="freeMemory" column="FREE_MEMORY"/>
		<result property="serverId" column="SERVER_ID"/>
		<result property="instanceType" column="INSTANCE_TYPE"/>
	</resultMap>
	
	<select id="selectTodayTotal" resultMap="totalResult">
		SELECT EVENT_DATE, 
		       NVL(SUCCESS_CNT, 0) SUCCESS_CNT, 
		       NVL(ERROR_CNT, 0) ERROR_CNT,
		       NVL(TOTAL_CNT, 0) TOTAL_CNT
		  FROM ZZT_LOG_SUM_DAILY
		 WHERE EVENT_DATE = TO_CHAR(SYSDATE, 'YYYYMMDD')
		   AND SERVICE_LAYER = #serviceLayer#
	</select>
	
	<select id="selectMonthTotal" resultMap="totalResult">
		SELECT LOG_MM AS EVENT_DATE, 
		       NVL(SUCCESS_CNT, 0) SUCCESS_CNT, 
		       NVL(ERROR_CNT, 0) ERROR_CNT,
		       NVL(TOTAL_CNT, 0) TOTAL_CNT
		  FROM ZZT_LOG_SUM_MONTH
		 WHERE LOG_MM = TO_CHAR(SYSDATE, 'YYYYMM')
		   AND SERVICE_LAYER = #serviceLayer#
	</select>
	
	<select id="selectMainErrorList" resultMap="errorResult">
		SELECT SERVICE_CODE, INTERFACE_ID, EVENT_TIME
		  FROM (
				SELECT A.SERVICE_CODE, B.INTERFACE_ID, TO_CHAR(TO_TIMESTAMP(A.END_DATE_TIME, 'YYYYMMDDHH24MISS.FF4'), 'HH24:MI:SS') AS EVENT_TIME
				  FROM ZZT_LOG_ERROR A, ZZT_SERVICE_MASTER B
				 WHERE A.SERVICE_CODE = B.SERVICE_CODE
				   AND B.JOB_MONITOR = 'Y'
				   AND A.SERVICE_LAYER = #serviceLayer#
				 ORDER BY A.END_DATE_TIME DESC
				) T
		WHERE ROWNUM <![CDATA[<=]]> 5
	</select>
	
	<select id="selectMainHangList" resultMap="errorResult">
		SELECT SERVICE_CODE, INTERFACE_ID, EVENT_TIME
		  FROM (
				SELECT A.SERVICE_CODE, A.INTERFACE_ID, A.HANG_TIME AS EVENT_TIME
				  FROM ZZT_RUNNING_SERVICE A LEFT OUTER JOIN ZZT_INSTANCE_SERVER B
				                               ON A.INSTANCE_ID = B.INSTANCE_ID
				                              AND A.INSTANCE_SEQ = B.INSTANCE_SEQ
				 WHERE A.HANG_YN = 'Y'
				   AND A.SERVICE_LAYER = #serviceLayer#
				   AND B.MONITOR = 'Y'
				ORDER BY A.SERVICE_START_TIME
				) T
		WHERE ROWNUM <![CDATA[<=]]> 5
	</select>
	
	<select id="selectMainHourChart" resultMap="totalResult">
		SELECT A.DAT AS EVENT_DATE, NVL(B.SUCCESS_CNT, 0) SUCCESS_CNT, NVL(B.ERROR_CNT, 0) ERROR_CNT, NVL(B.TOTAL_CNT, 0) TOTAL_CNT
		  FROM (
				SELECT DAT
				  FROM (
				        SELECT  SUBSTR(TO_CHAR(SYSDATE - (interval '10' MINUTE) * LEVEL, 'YYYY-MM-DD HH24:MI'), 0, 15)||'0' DAT            
				        FROM    DUAL
				        CONNECT BY LEVEL <![CDATA[<=]]> 144
				        ORDER BY LEVEL
				       ) T
				WHERE DAT LIKE TO_CHAR(SYSDATE, 'YYYY-MM-DD') || '%'
				UNION 
				SELECT SUBSTR(TO_CHAR(SYSDATE, 'YYYY-MM-DD HH24:MI'), 0, 15)||'0' DAT  FROM DUAL
			   ) A LEFT OUTER JOIN (
			   						SELECT TO_CHAR(TO_DATE(EVENT_HH || ':00', 'YYYY-MM-DD HH24:MI:SS'), 'YYYY-MM-DD HH24:MI') EVENT_DATE,
									       SUCCESS_CNT,
									       ERROR_CNT,
									       TOTAL_CNT
									  FROM ZZT_LOG_SUM_TIME
									 WHERE EVENT_DATE = TO_CHAR(SYSDATE, 'YYYYMMDD')
									   AND SERVICE_LAYER = #serviceLayer#
								) B
					ON A.DAT = B.EVENT_DATE
		ORDER BY A.DAT
	</select>
	
	<select id="selectChartPeriodDay" resultClass="HashMap">
		SELECT TO_CHAR(ADD_MONTHS(SYSDATE, -1), 'YYYYMMDD') MIN_DAY,
		       TO_CHAR(SYSDATE, 'YYYYMMDD') MAX_DAY
		  FROM DUAL
	</select>
	
	<select id="selectMainDailyChart" resultMap="totalResult">
		SELECT A.DAT AS EVENT_DATE, NVL(B.SUCCESS_CNT, 0) SUCCESS_CNT, NVL(B.ERROR_CNT, 0) ERROR_CNT, NVL(B.TOTAL_CNT, 0) TOTAL_CNT
		  FROM (
				SELECT DAT
				  FROM (
				        SELECT  TO_CHAR(SYSDATE - (interval '1' DAY) * LEVEL, 'YYYY-MM-DD') DAT            
				        FROM    DUAL
				        CONNECT BY LEVEL <![CDATA[<=]]> 31
				       ) T
				UNION 
				SELECT TO_CHAR(SYSDATE, 'YYYY-MM-DD') DAT  FROM DUAL
			   ) A LEFT OUTER JOIN (
			   						SELECT TO_CHAR(TO_DATE(EVENT_DATE, 'YYYYMMDD'), 'YYYY-MM-DD') EVENT_DATE,
									       SUCCESS_CNT,
									       ERROR_CNT,
									       TOTAL_CNT
									  FROM ZZT_LOG_SUM_DAILY
									 WHERE EVENT_DATE <![CDATA[>=]]> TO_CHAR(ADD_MONTHS(SYSDATE, -1), 'YYYYMMDD')
							           AND EVENT_DATE <![CDATA[<=]]> TO_CHAR(SYSDATE, 'YYYYMMDD')
							           AND SERVICE_LAYER = #serviceLayer#
								) B
					ON A.DAT = B.EVENT_DATE
		ORDER BY A.DAT
	</select>
	
	<select id="selectMainMonthlyChart" resultMap="totalResult">
		SELECT T1.MONTH AS EVENT_DATE, NVL(T2.SUCCESS_CNT, 0) AS SUCCESS_CNT, NVL(T2.ERROR_CNT, 0) AS ERROR_CNT, NVL(T2.TOTAL_CNT, 0) AS TOTAL_CNT
		  FROM (
		        SELECT TO_CHAR(ADD_MONTHS(TO_DATE(TO_CHAR(SYSDATE, 'YYYYMM'), 'YYYYMM'),- (LEVEL-1)), 'YYYY-MM') AS MONTH FROM DUAL
				CONNECT BY ADD_MONTHS(TO_DATE(TO_CHAR(SYSDATE, 'YYYYMM'), 'YYYYMM'),- (LEVEL-1)) <![CDATA[>=]]> ADD_MONTHS(TO_DATE(TO_CHAR(SYSDATE, 'YYYYMM'), 'YYYYMM'),-11)
		        ) T1 LEFT OUTER JOIN (
		                            SELECT TO_CHAR(TO_DATE(LOG_MM, 'YYYYMM'), 'YYYY-MM') EVENT_DATE,
		                    		       SUCCESS_CNT,
		                    		       ERROR_CNT,
		                    		       TOTAL_CNT
		                    		  FROM ZZT_LOG_SUM_MONTH
		                    		 WHERE LOG_MM <![CDATA[>]]> TO_CHAR(ADD_MONTHS(SYSDATE, -12), 'YYYYMM')
		                    		   AND LOG_MM <![CDATA[<=]]> TO_CHAR(SYSDATE, 'YYYYMM')
		                    		   AND SERVICE_LAYER = #serviceLayer#
		                    		) T2
		               ON T1.MONTH = T2.EVENT_DATE
		ORDER BY T1.MONTH
	</select>
	
	<select id="selectMainInstanceStatus" resultMap="instanceResult">
		SELECT T1.INSTANCE_NAME, T1.HOST_NAME, T1.IP, T1.PORT, T1.SERVER_ID, T1.ACTIVE_MODE, 
		       NVL((SELECT DECODE(#lang#, 'ko', CODE_NAME_KO, CODE_NAME_EN) 
          	   FROM ZZT_TCM_CODE WHERE CODE_GROUP = 'ISTTYPE' AND CODE = T1.INSTANCE_TYPE), 'N/A') AS INSTANCE_TYPE,
		       NVL(T2.SERVER_STATUS, 0) AS SERVER_STATUS, 
		       ROUND(NVL(T2.USED_MEMORY, 0)/1024, 0) AS USED_MEMORY, 
		       ROUND(NVL(T2.FREE_MEMORY, 0)/1024, 0) AS FREE_MEMORY
		  FROM ZZT_INSTANCE_SERVER T1 LEFT OUTER JOIN ZZT_INSTANCE_STATUS T2
		                                ON T2.INSTANCE_ID = T1.INSTANCE_ID
		                               AND T2.INSTANCE_SEQ = T1.INSTANCE_SEQ
		 WHERE T1.SERVICE_LAYER = #serviceLayer#
	</select>

	
	<select id="countSertviceMaster" resultClass="String">
		SELECT COUNT(1) FROM ZZT_SERVICE_MASTER
	</select>
	
	<select id="selectMainModuleTotal" resultMap="moduleResult">
		SELECT A.EVENT_DATE,
		       NVL((SELECT DECODE(#lang#, 'ko', CODE_NAME_KO, CODE_NAME_EN) 
          FROM ZZT_TCM_CODE WHERE CODE_GROUP = 'SVCMODL' AND CODE = A.SERVICE_GROUP), 'N/A') AS SERVICE_GROUP,
		       NVL(A.SUCCESS_CNT, 0) SUCCESS_CNT, 
		       NVL(A.ERROR_CNT, 0) ERROR_CNT,
		       NVL(A.TOTAL_CNT, 0) TOTAL_CNT
		  FROM ZZT_LOG_MODULE_SUM A
		 WHERE A.EVENT_DATE = TO_CHAR(SYSDATE, 'YYYYMMDD')
		   AND A.SERVICE_LAYER = #serviceLayer#
	</select>
	
</sqlMap>