<?xml version="1.0" encoding="UTF-8" ?>
<!DOCTYPE sqlMap PUBLIC "-//ibatis.apache.org//DTD SQL Map 2.0//EN"
"http://ibatis.apache.org/dtd/sql-map-2.dtd">

<sqlMap namespace="com.nsc.common">

	<resultMap id="markedObjectResult" class="com.nsc.common.impl.MarkedObject" >
		<result property="firstRegDatetime" column="FIRST_REG_DATETIME" jdbcType="TIMESTAMP"/>
		<result property="firstRegrId" column="FIRST_REGR_ID" />
		<!-- <result property="firstRegrUser" column="{userId=FIRST_REGR_ID}" select="selectUser"/> -->
		<result property="lastModDatetime" column="LAST_MOD_DATETIME"  jdbcType="TIMESTAMP"/>
		<result property="lastModrId" column="LAST_MODR_ID" />
		<!-- <result property="lastModrUser" column="{userId=LAST_MODR_ID}" select="selectUser"/> -->
	</resultMap>
		
	<resultMap id="labelledObjectResult" class="com.nsc.common.impl.LabelledObject">
		<result property="koLabel" column="KO_LABEL"/>
		<result property="enLabel" column="EN_LABEL"/>
		<result property="label" column="LABEL"/>
		<result property="firstRegDatetime" column="FIRST_REG_DATETIME" jdbcType="TIMESTAMP"/>
		<result property="firstRegrId" column="FIRST_REGR_ID"/>
		<!-- <result property="firstRegrUser" column="{userId=FIRST_REGR_ID}" select="selectUser"/> -->
		<result property="lastModDatetime" column="LAST_MOD_DATETIME"  jdbcType="TIMESTAMP"/>
		<result property="lastModrId" column="LAST_MODR_ID"/>
		<!-- <result property="lastModrUser" column="{userId=LAST_MODR_ID}" select="selectUser"/> -->
	</resultMap>
</sqlMap>