<?xml version="1.0" encoding="UTF-8" ?>
<!DOCTYPE sqlMap PUBLIC "-//ibatis.apache.org//DTD SQL Map 2.0//EN"
"http://ibatis.apache.org/dtd/sql-map-2.dtd">

<sqlMap namespace="com.nsc.common.entity.Schedule">

	<!-- Use type aliases to avoid typing the full classname every time. -->
	<typeAlias alias="schedule" type="com.nsc.common.entity.Schedule" />
	<typeAlias alias="instanceServer" type="com.nsc.server.entity.InstanceServer" />
	<typeAlias alias="runService" type="com.nsc.batch.entity.RunService" />
	<typeAlias alias="instanceStatus" type="com.nsc.batch.entity.InstanceStatus" />
	<typeAlias alias="mailContainer" type="com.nsc.batch.entity.MailContainer" />
	
	<resultMap id="sendMailResult" class="mailContainer">
		<result property="eventDate" column="EVENT_DATE"/>
		<result property="rootContextId" column="ROOT_CONTEXT_ID"/>
		<result property="receiver" column="RECEIVER"/>
		<result property="sender" column="SENDER" />
		<result property="title" column="TITLE" />
		<result property="message" column="MESSAGE" />
	</resultMap>
	
	<resultMap id="adminMailResult" class="mailContainer">
		<result property="receiver" column="EMAIL_ADDRESS"/>
	</resultMap>
	
	<resultMap id="scheduleResult" class="schedule">
		<result property="batchId" column="BATCH_ID"/>
		<result property="batchClass" column="BATCH_CLASS"/>
		<result property="batchSchedule" column="BATCH_SCHEDULE"/>
		<result property="batchStatus" column="BATCH_STATUS"/>
		<result property="batchDescription" column="BATCH_DESC" />
		<result property="logEnabled" column="LOG_ENABLED" />
		<result property="sysYn" column="SYS_YN" />
	</resultMap>
	
	<resultMap id="instanceResult" class="instanceServer">
		<result property="instanceId" column="INSTANCE_ID"/>
		<result property="instanceSeq" column="INSTANCE_SEQ"/>
		<result property="hostName" column="HOST_NAME"/>
		<result property="protocol" column="PROTOCOL"/>
		<result property="ipAddress" column="IP"/>
		<result property="port" column="PORT" />
		<result property="instanceUser" column="INSTANCE_USER" />
		<result property="instancePW" column="INSTANCE_PASSWORD" />
		<result property="instanceType" column="INSTANCE_TYPE" />
	</resultMap>
	
	<select id="selectScheduleList" resultMap="scheduleResult">
		/* ==IGNORE_LOG== */
		SELECT BATCH_ID, BATCH_CLASS, BATCH_SCHEDULE, BATCH_STATUS, BATCH_DESC, LOG_ENABLED, SYS_YN
		  FROM ZZT_BATCH_SCHEDULE WITH(NOLOCK)
		<dynamic prepend="WHERE">
			<isNotEmpty prepend="AND" property="batchId">
				BATCH_ID LIKE '%' + #batchId# + '%'
			</isNotEmpty>
			<isNotEmpty prepend="AND" property="batchDescription">
				BATCH_DESC LIKE '%' + #batchDescription# + '%'
			</isNotEmpty>
		</dynamic>
		ORDER BY FIRST_REG_DATETIME, BATCH_ID
	</select>
	
	<select id="selectScheduleJob" resultMap="scheduleResult">
		/* ==IGNORE_LOG== */
		SELECT BATCH_ID, BATCH_CLASS, BATCH_SCHEDULE, BATCH_STATUS, BATCH_DESC, LOG_ENABLED, SYS_YN
		  FROM ZZT_BATCH_SCHEDULE WITH(NOLOCK)
		 WHERE BATCH_ID = #batchId#
	</select>
	
	<select id="selectScheduleNodeJob" resultMap="scheduleResult">
		/* ==IGNORE_LOG== */
		SELECT BATCH_ID, BATCH_CLASS, BATCH_SCHEDULE, BATCH_STATUS, BATCH_DESC, LOG_ENABLED, SYS_YN
		  FROM ZZT_BATCH_SCHEDULE WITH(NOLOCK)
		 WHERE SYS_NODE <![CDATA[<>]]> #nodeId#
	</select>
		
	<insert id="insertScheduling">
		INSERT INTO ZZT_BATCH_SCHEDULE (BATCH_ID, BATCH_CLASS, BATCH_SCHEDULE, BATCH_STATUS, BATCH_DESC, LOG_ENABLED, 
			SYS_NODE, SC_CHECK_DATETIME, SYS_YN, FIRST_REGR_ID, FIRST_REG_DATETIME) 
		VALUES(#batchId#, #batchClass#, #batchSchedule#, 'Y', #batchDescription#, #logEnabled#, 
			#sysNodeId#, GETDATE(), 'N', #userId#, GETDATE())
	</insert>
	
	<update id="updateScheduling">
		/* ==IGNORE_LOG== */
		UPDATE ZZT_BATCH_SCHEDULE
		   SET BATCH_SCHEDULE = #batchSchedule#, 
	           BATCH_DESC = CASE WHEN #batchDescription# = '' THEN NULL ELSE #batchDescription# END, 
	           LAST_MODR_ID = #userId#, 
	           LOG_ENABLED = #logEnabled#,
	           SYS_NODE = #sysNodeId#,
	           SC_CHECK_DATETIME = GETDATE(),
	           LAST_MOD_DATETIME = GETDATE()
	     WHERE BATCH_ID = #batchId#
	</update>
	
	<delete id="removeScheduling">
		DELETE FROM ZZT_BATCH_SCHEDULE WHERE BATCH_ID = #batchId#
	</delete>
	
	<update id="changeSchedulingStatus">
		/* ==IGNORE_LOG== */
		UPDATE ZZT_BATCH_SCHEDULE 
		   SET BATCH_STATUS = #batchStatus#, 
		       SYS_NODE = #sysNodeId#, 
		       LAST_MODR_ID = #userId#, 
		       LAST_MOD_DATETIME = GETDATE()
		 WHERE BATCH_ID = #batchId#
	</update>
	
	<!-- Schedule Start Reg -->
	<update id="updateScheduleBatchNodeId">
		/* ==IGNORE_LOG== */
		UPDATE ZZT_BATCH_SCHEDULE
		   SET SYS_NODE = #nodeId#,
		       SC_CHECK_DATETIME = GETDATE()
		 WHERE BATCH_ID = #batchId#
		   AND BATCH_STATUS = 'Y'
		   AND SC_CHECK_DATETIME <![CDATA[<]]> DATEADD(second, -30, GETDATE())
	</update>
	
	<!-- Schedule Check update -->
	<update id="updateCheckNodeBatch">
		/* ==IGNORE_LOG== */
		UPDATE ZZT_BATCH_SCHEDULE
		   SET SYS_NODE = #nodeId#,
		       SC_CHECK_DATETIME = GETDATE()
		 WHERE BATCH_STATUS = 'Y'
		   AND SYS_NODE <![CDATA[<>]]> #nodeId#
		   AND SC_CHECK_DATETIME <![CDATA[<]]> DATEADD(second, -30, GETDATE())
	</update>
	
	<update id="updateNodeBatch">
		/* ==IGNORE_LOG== */
		UPDATE ZZT_BATCH_SCHEDULE
		   SET SC_CHECK_DATETIME = GETDATE()
		 WHERE BATCH_STATUS = 'Y'
		   AND SYS_NODE = #nodeId#
	</update>
	
	<select id="selectSysNode" resultClass="java.lang.String" >
		/* ==IGNORE_LOG== */
		SELECT SYS_NODE FROM ZZT_BATCH_SCHEDULE WITH(NOLOCK) WHERE BATCH_ID = #batchId# AND BATCH_STATUS = 'Y' 
	</select>
	
	<update id="updateLastScheduleDate">
		/* ==IGNORE_LOG== */
		UPDATE ZZT_BATCH_SCHEDULE
		   SET LAST_SC_DATETIME = GETDATE()
		 WHERE BATCH_ID = #batchId#
		   AND SYS_NODE = #nodeId#
	</update>
	
	<procedure id="excuteDeleteLogData" timeout="10800">
		{ call ZZP_LOG_REMOVE }
	</procedure>
	
	<procedure id="excuteDeleteLogHistoryData" timeout="10800">
		{ call ZZP_REMOVE_PARTITION }
	</procedure>
	
	<procedure id="excuteLogSummary">
		{ call ZZP_LOG_SUMMARY }
	</procedure>
	
	<procedure id="excuteLogSummaryDaily">
		{ call ZZP_LOG_SUMMARY_DAILY }
	</procedure>
	
	<parameterMap id="sender" class="java.util.Map">
		<parameter property="sender" javaType="java.lang.String" jdbcType="VARCHAR" mode="IN" />
	</parameterMap>
	
	<procedure id="excuteEmailGenerate" parameterMap="sender">
		{ call ZZP_EMAIL(?) }
	</procedure>
	
	<procedure id="excuteSMSGenerate" parameterMap="sender">
		{ call ZZP_SMS(?) }
	</procedure>
	
	<procedure id="excuteServiceHangCheck">
		{ call ZZP_RUNNING_SERVICE ( $defaultHangTime$ ) }
	</procedure>
	
	<select id="selectInstanceList" resultMap="instanceResult">
		SELECT INSTANCE_ID, 
		       INSTANCE_SEQ,
		       HOST_NAME,
		       PROTOCOL,
		       IP,
		       PORT,
		       INSTANCE_USER,
		       INSTANCE_PASSWORD,
		       (SELECT CODE_NAME_EN FROM ZZT_TCM_CODE WHERE CODE_GROUP = 'ISTTYPE' AND CODE = INSTANCE_TYPE) AS INSTANCE_TYPE
		  FROM ZZT_INSTANCE_SERVER WITH(NOLOCK)
	</select>
	
	<delete id="deleteRunningServiceTemp">
		TRUNCATE TABLE ZZT_RUNNING_SERVICE_TEMP
	</delete>
	
	<insert id="insertRunningServiceTemp" parameterClass="runService">
		INSERT INTO ZZT_RUNNING_SERVICE_TEMP(INSTANCE_ID, INSTANCE_SEQ, SERVICE_PATH_NAME, SERVICE_START_TIME, INSTANCE_SERVER_TIME)
		VALUES(#instanceId#, #instanceSeq#, #servicePathName#, #startDateTime#, #instanceServerTime#)
	</insert>
	
	<procedure id="excuteLogElapsAvg">
		{ call ZZP_LOG_ELAPS_AVG }
	</procedure>
	
	<statement id="updateInstanceStatus" parameterClass="instanceStatus">
		<![CDATA[
		IF NOT EXISTS (SELECT * 
		                FROM ZZT_INSTANCE_STATUS WITH(NOLOCK)
		               WHERE INSTANCE_ID = $instanceId$
		                 AND INSTANCE_SEQ = $instanceSeq$
		               )
		 	INSERT INTO ZZT_INSTANCE_STATUS
				(INSTANCE_ID, INSTANCE_SEQ, SERVER_STATUS, MAXIMUM_MEMORY, COMMITTED_MEMORY, USED_MEMORY, FREE_MEMORY, INSTANCE_TYPE, LAST_MOD_DATETIME)
		 	VALUES($instanceId$, $instanceSeq$, $serverStatus$, #maximumMemory#, #committedMemory#, #usedMemory#, #freeMemory#, #instanceType#, GETDATE())
		ELSE
		  	UPDATE ZZT_INSTANCE_STATUS
		       SET SERVER_STATUS = $serverStatus$,
				   MAXIMUM_MEMORY = #maximumMemory#,
				   COMMITTED_MEMORY = #committedMemory#,
				   USED_MEMORY = #usedMemory#,
				   FREE_MEMORY = #freeMemory#,
				   INSTANCE_TYPE = #instanceType#,
				   LAST_MOD_DATETIME = GETDATE()
			 WHERE INSTANCE_ID = $instanceId$
			   AND INSTANCE_SEQ = $instanceSeq$
		]]>
	</statement>
	
	<select id="selectMailList" resultMap="sendMailResult">
		SELECT EVENT_DATE, ROOT_CONTEXT_ID, RECEIVER, SENDER, TITLE, MESSAGE
		  FROM ZZT_EMAIL WITH(NOLOCK)
		 WHERE FLAG = 'R'
	</select>
	
	<!-- REQ-200015 -->
	<select id="selectAdminList" resultMap="adminMailResult">
		SELECT EMAIL_ADDRESS
		  FROM ZZT_USER
		 WHERE USER_TYPE = 'ADMIN' 
	</select>
	
	<update id="updateSendMailStatus">
		UPDATE ZZT_EMAIL
		   SET FLAG = #flag#
		 WHERE EVENT_DATE = #eventDate#
		   AND ROOT_CONTEXT_ID = #rootContextId#
	</update>
	
</sqlMap>