<?xml version="1.0" encoding="UTF-8" ?>
<!DOCTYPE sqlMap PUBLIC "-//ibatis.apache.org//DTD SQL Map 2.0//EN"
"http://ibatis.apache.org/dtd/sql-map-2.dtd">

<sqlMap namespace="com.nsc.portal.entity.TotalSummary">

	<!-- Use type aliases to avoid typing the full classname every time. -->
	<typeAlias alias="total" type="com.nsc.portal.entity.TotalSummary"/>
	<typeAlias alias="error" type="com.nsc.portal.entity.ErrorService"/>
	<typeAlias alias="instanceStaus" type="com.nsc.portal.entity.InstanceStatusInfo"/>
	
	<resultMap id="totalResult" class="total">
		<result property="eventDate" column="EVENT_DATE"/>
		<result property="successCnt" column="SUCCESS_CNT"/>
		<result property="errorCnt" column="ERROR_CNT"/>
		<result property="totalCnt" column="TOTAL_CNT"/>
	</resultMap>
	
	<resultMap id="moduleResult" class="total">
		<result property="eventDate" column="EVENT_DATE"/>
		<result property="serviceGroup" column="SERVICE_GROUP"/>
		<result property="successCnt" column="SUCCESS_CNT"/>
		<result property="errorCnt" column="ERROR_CNT"/>
		<result property="totalCnt" column="TOTAL_CNT"/>
	</resultMap>
	
	<resultMap id="errorResult" class="error">
		<result property="serviceCode" column="SERVICE_CODE"/>
		<result property="interfaceId" column="INTERFACE_ID"/>
		<result property="eventTime" column="EVENT_TIME"/>
	</resultMap>
	
	<resultMap id="instanceResult" class="instanceStaus">
		<result property="instanceName" column="INSTANCE_NAME"/>
		<result property="hostName" column="HOST_NAME"/>
		<result property="ipAddress" column="IP"/>
		<result property="port" column="PORT"/>
		<result property="activeMode" column="ACTIVE_MODE"/>
		<result property="serverStatus" column="SERVER_STATUS"/>
		<result property="useMemory" column="USED_MEMORY"/>
		<result property="freeMemory" column="FREE_MEMORY"/>
		<result property="serverId" column="SERVER_ID"/>
		<result property="instanceType" column="INSTANCE_TYPE"/>
	</resultMap>
	
	<select id="selectTodayTotal" resultMap="totalResult">
		SELECT EVENT_DATE, 
		       ISNULL(SUCCESS_CNT, 0) SUCCESS_CNT, 
		       ISNULL(ERROR_CNT, 0) ERROR_CNT,
		       ISNULL(TOTAL_CNT, 0) TOTAL_CNT
		  FROM ZZT_LOG_SUM_DAILY WITH(NOLOCK)
		 WHERE EVENT_DATE = CONVERT(CHAR(8), GETDATE(), 112)
		   AND SERVICE_LAYER = #serviceLayer#
	</select>
	
	<select id="selectMonthTotal" resultMap="totalResult">
		SELECT LOG_MM AS EVENT_DATE, 
		       ISNULL(SUCCESS_CNT, 0) SUCCESS_CNT, 
		       ISNULL(ERROR_CNT, 0) ERROR_CNT,
		       ISNULL(TOTAL_CNT, 0) TOTAL_CNT
		  FROM ZZT_LOG_SUM_MONTH WITH(NOLOCK)
		 WHERE LOG_MM = CONVERT(CHAR(6), GETDATE(), 112)
		   AND SERVICE_LAYER = #serviceLayer#
	</select>
	
	<select id="selectMainErrorList" resultMap="errorResult">
		SELECT TOP 5 A.SERVICE_CODE, B.INTERFACE_ID, 
			   RIGHT(CONVERT(VARCHAR(20), CAST(SUBSTRING(A.END_DATE_TIME, 1, 8)
				+ ' ' + SUBSTRING(A.END_DATE_TIME, 9, 2)
				+ ':' + SUBSTRING(A.END_DATE_TIME, 11, 2)
				+ ':' + SUBSTRING(A.END_DATE_TIME, 13, 6) AS DATETIME), 120), 8) AS EVENT_TIME
		  FROM ZZT_LOG_ERROR A WITH(NOLOCK), ZZT_SERVICE_MASTER B WITH(NOLOCK)
		 WHERE A.SERVICE_CODE = B.SERVICE_CODE
		   AND B.JOB_MONITOR = 'Y'
		   AND A.SERVICE_LAYER = #serviceLayer#
		 ORDER BY A.END_DATE_TIME DESC
	</select>
	
	<select id="selectMainHangList" resultMap="errorResult">
		SELECT TOP 5 A.SERVICE_CODE, A.INTERFACE_ID, A.HANG_TIME AS EVENT_TIME
		  FROM ZZT_RUNNING_SERVICE A WITH(NOLOCK) LEFT OUTER JOIN ZZT_INSTANCE_SERVER B WITH(NOLOCK)
									   ON A.INSTANCE_ID = B.INSTANCE_ID
									  AND A.INSTANCE_SEQ = B.INSTANCE_SEQ
		 WHERE A.HANG_YN = 'Y'
		   AND A.SERVICE_LAYER = #serviceLayer#
		   AND B.MONITOR = 'Y'
		ORDER BY A.SERVICE_START_TIME
	</select>
	
	<select id="selectMainHourChart" resultMap="totalResult">
		WITH CTE_DAYS
		AS (
			SELECT 1 AS LEVEL, CONVERT(SMALLDATETIME, GETDATE()) AS DAYS
			UNION ALL
			SELECT LEVEL + 1, DATEADD(MI, -10, DAYS) DAYS
			  FROM CTE_DAYS
			 WHERE LEVEL <![CDATA[<=]]> 114
		)
		SELECT A.DAT AS EVENT_DATE, ISNULL(B.SUCCESS_CNT, 0) SUCCESS_CNT, ISNULL(B.ERROR_CNT, 0) ERROR_CNT, ISNULL(B.TOTAL_CNT, 0) TOTAL_CNT
		  FROM (
				SELECT CONVERT(VARCHAR(15), DAYS, 120) + '0' AS DAT
				  FROM CTE_DAYS WITH(NOLOCK)
				 WHERE DAYS <![CDATA[>=]]> DATEADD(SS, -1, CAST(CONVERT(VARCHAR(10), GETDATE(), 120) AS SMALLDATETIME))
			    ) A LEFT OUTER JOIN (SELECT EVENT_HH AS EVENT_DATE,
									       SUCCESS_CNT,
									       ERROR_CNT,
									       TOTAL_CNT
									  FROM ZZT_LOG_SUM_TIME WITH(NOLOCK)
									 WHERE EVENT_DATE = CONVERT(CHAR(8), GETDATE(), 112)
									   AND SERVICE_LAYER = #serviceLayer#
									) B
			         ON A.DAT = B.EVENT_DATE
		ORDER BY A.DAT
		OPTION (MAXRECURSION 144)
	</select>
	
	<select id="selectChartPeriodDay" resultClass="HashMap">
		SELECT CONVERT(CHAR(8), DATEADD(MONTH, - 1, GETDATE()), 112) MIN_DAY,
		       CONVERT(CHAR(8), GETDATE(), 112) MAX_DAY
	</select>
	
	<select id="selectMainDailyChart" resultMap="totalResult">
		WITH CTE_DAYS
		AS (
			SELECT 1 AS LEVEL, CONVERT(SMALLDATETIME, GETDATE()) AS DAYS
			UNION ALL
			SELECT LEVEL + 1, DATEADD(DAY, -1, DAYS) DAYS
			  FROM CTE_DAYS
			 WHERE LEVEL <![CDATA[<=]]> 31
		)
		SELECT A.DAT AS EVENT_DATE, ISNULL(B.SUCCESS_CNT, 0) SUCCESS_CNT, ISNULL(B.ERROR_CNT, 0) ERROR_CNT, ISNULL(B.TOTAL_CNT, 0) TOTAL_CNT
		  FROM (
				SELECT CONVERT(VARCHAR(10), DAYS, 120) AS DAT
				  FROM CTE_DAYS WITH(NOLOCK)
			    ) A LEFT OUTER JOIN (
			                        SELECT CONVERT(VARCHAR(10), CAST(EVENT_DATE AS SMALLDATETIME), 120) EVENT_DATE,
									       SUCCESS_CNT,
									       ERROR_CNT,
									       TOTAL_CNT
									  FROM ZZT_LOG_SUM_DAILY WITH(NOLOCK)
									 WHERE EVENT_DATE <![CDATA[>=]]> CONVERT(CHAR(8), DATEADD(MONTH, - 1, GETDATE()), 112)
							           AND EVENT_DATE <![CDATA[<=]]> CONVERT(CHAR(8), GETDATE(), 112)
							           AND SERVICE_LAYER = #serviceLayer#
									) B
			         ON A.DAT = B.EVENT_DATE
		ORDER BY A.DAT
	</select>
	
	<select id="selectMainMonthlyChart" resultMap="totalResult">
		SELECT TOP 12 T1.MONTH AS EVENT_DATE, ISNULL(T2.SUCCESS_CNT, 0) AS SUCCESS_CNT, ISNULL(T2.ERROR_CNT, 0) AS ERROR_CNT, ISNULL(T2.TOTAL_CNT, 0) AS TOTAL_CNT
		  FROM (
				SELECT DISTINCT LEFT(CONVERT(char(10), DATEADD(d, number, CONVERT(CHAR(10), DATEADD(MONTH, - 12, GETDATE()), 120)),120), 7) MONTH
				  FROM master..spt_values
				 WHERE type = 'P' 
				 AND number <![CDATA[<=]]> DATEDIFF(d, CONVERT(CHAR(10), DATEADD(MONTH, - 12, GETDATE()), 120), CONVERT(CHAR(10), GETDATE(), 120))
				) T1 LEFT OUTER JOIN (
									  SELECT CONVERT(VARCHAR(7), CAST(LOG_MM+'01' AS SMALLDATETIME), 120) EVENT_DATE,
											 SUCCESS_CNT,
											 ERROR_CNT,
											 TOTAL_CNT
										FROM ZZT_LOG_SUM_MONTH WITH(NOLOCK)
									   WHERE LOG_MM <![CDATA[>]]> CONVERT(CHAR(6), DATEADD(MONTH, - 12, GETDATE()), 112)
										 AND LOG_MM <![CDATA[<=]]> CONVERT(CHAR(6), GETDATE(), 112)
										 AND SERVICE_LAYER = #serviceLayer#
									  ) T2
						ON T1.MONTH = T2.EVENT_DATE
		ORDER BY T1.MONTH DESC
	</select>
	
	<select id="selectMainInstanceStatus" resultMap="instanceResult">
		SELECT T1.INSTANCE_NAME, T1.HOST_NAME, T1.IP, T1.PORT, T1.SERVER_ID, T1.ACTIVE_MODE,
			   ISNULL((SELECT CASE WHEN #lang# = 'ko' THEN CODE_NAME_KO ELSE CODE_NAME_EN END
			   FROM ZZT_TCM_CODE WITH(NOLOCK) WHERE CODE_GROUP = 'ISTTYPE' AND CODE = T1.INSTANCE_TYPE), 'N/A') AS INSTANCE_TYPE,	
		       ISNULL(T2.SERVER_STATUS, 0) AS SERVER_STATUS, 
		       ROUND(ISNULL(T2.USED_MEMORY, 0)/1024,0) AS USED_MEMORY, 
		       ROUND(ISNULL(T2.FREE_MEMORY, 0)/1024,0) AS FREE_MEMORY
		  FROM ZZT_INSTANCE_SERVER T1 WITH(NOLOCK) LEFT OUTER JOIN ZZT_INSTANCE_STATUS T2 WITH(NOLOCK)
		                                ON T2.INSTANCE_ID = T1.INSTANCE_ID
		                               AND T2.INSTANCE_SEQ = T1.INSTANCE_SEQ
		 WHERE T1.SERVICE_LAYER = #serviceLayer#
	</select>
	
	<select id="countSertviceMaster" resultClass="String">
		SELECT COUNT(1) FROM ZZT_SERVICE_MASTER WITH(NOLOCK)
	</select>
	
	<select id="selectMainModuleTotal" resultMap="moduleResult">
		SELECT A.EVENT_DATE,
		       ISNULL((SELECT CASE WHEN #lang# = 'ko' THEN CODE_NAME_KO ELSE CODE_NAME_EN END
                         FROM ZZT_TCM_CODE WITH(NOLOCK) WHERE CODE_GROUP = 'SVCMODL' AND CODE = A.SERVICE_GROUP), 'N/A') AS SERVICE_GROUP,
		       ISNULL(A.SUCCESS_CNT, 0) SUCCESS_CNT, 
		       ISNULL(A.ERROR_CNT, 0) ERROR_CNT,
		       ISNULL(A.TOTAL_CNT, 0) TOTAL_CNT
		  FROM ZZT_LOG_MODULE_SUM A WITH(NOLOCK)
		 WHERE A.EVENT_DATE = CONVERT(CHAR(8), GETDATE(), 112)
		   AND A.SERVICE_LAYER = #serviceLayer#
	</select>
	
</sqlMap>