<?xml version="1.0" encoding="UTF-8" ?>
<!DOCTYPE sqlMap PUBLIC "-//ibatis.apache.org//DTD SQL Map 2.0//EN"
"http://ibatis.apache.org/dtd/sql-map-2.dtd">

<sqlMap namespace="com.nsc.service.entity.ServiceMaster">

	<!-- Use type aliases to avoid typing the full classname every time. -->
	<typeAlias alias="logSummary" type="com.nsc.serviceLog.entity.LogSummary"/>
	<typeAlias alias="logHistory" type="com.nsc.serviceLog.entity.LogHeader"/>
	<typeAlias alias="logDetail" type="com.nsc.serviceLog.entity.LogDetail"/>
	<typeAlias alias="runService" type="com.nsc.batch.entity.RunService"/>
	
	<resultMap id="logSummaryResult" class="logSummary">
		<result property="serviceCode" column="SERVICE_CODE"/>
		<result property="serviceLayer" column="SERVICE_LAYER"/>
		<result property="successCnt" column="SUCCESS_CNT"/>
		<result property="errorCnt" column="ERROR_CNT"/>
		<result property="closedCnt" column="CLOSE_CNT"/>
		<result property="warningCnt" column="WARNING_CNT"/>
		<result property="totalCnt" column="TOTAL_CNT"/>
		<result property="errorRate" column="ERROR_RATE"/>
		<result property="lastStartDateTime" column="LAST_START_DATE_TIME"/>
		<result property="lastEndDateTime" column="LAST_END_DATE_TIME"/>
		<result property="elapsTime" column="ELAPS_TIME"/>
		<result property="avgElapsTime" column="AVG_ELAPS_TIME"/>
		<result property="interfaceId" column="INTERFACE_ID"/>
		<result property="description" column="SERVICE_DESCRIPTION"/>
		<result property="serviceModule" column="SERVICE_GROUP"/>
		<result property="serviceLayerName" column="SERVICE_LAYER_NAME"/>
		<result property="serviceModuleName" column="SERVICE_GROUP_NAME"/>
		<result property="lastStatus" column="LAST_STATUS"/>
	</resultMap>
	
	<resultMap id="logHistoryResult" class="logHistory">
		<result property="rootContextId" column="ROOT_CONTEXT_ID"/>
		<result property="eventDate" column="EVENT_DATE"/>
		<result property="serviceCode" column="SERVICE_CODE"/>
		<result property="serviceLayer" column="SERVICE_LAYER"/>
		<result property="serviceLayerName" column="SERVICE_LAYER_NAME"/>
		<result property="instanceId" column="INSTANCE_ID"/>
		<result property="serviceGroup" column="SERVICE_GROUP"/>
		<result property="startDateTime" column="START_DATE_TIME"/>
		<result property="endDateTime" column="END_DATE_TIME"/>
		<result property="status" column="STATUS"/>
		<result property="statusName" column="STATUS_NAME"/>
		<result property="recordCnt" column="RECORD_CNT"/>
		<result property="dataSize" column="DATA_SIZE"/>
		<result property="successCnt" column="SUCCESS_CNT"/>
		<result property="errorCnt" column="ERROR_CNT"/>
		<result property="closeCnt" column="CLOSE_CNT"/>
	</resultMap>
	
	<resultMap id="logDetailResult" class="logDetail">
		<result property="contextId" column="CONTEXT_ID"/>
		<result property="eventDate" column="EVENT_DATE"/>
		<result property="rootContextId" column="ROOT_CONTEXT_ID"/>
		<result property="servicePathName" column="SERVICE_PATH_NAME"/>
		<result property="recordCnt" column="RECORD_COUNT"/>
		<result property="dataSize" column="DATA_SIZE"/>
		<result property="status" column="STATUS"/>
		<result property="startDateTime" column="START_DATE_TIME"/>
		<result property="endDateTime" column="END_DATE_TIME"/>
		<result property="elapsTime" column="ELAPS_TIME"/>
		<result property="statusName" column="STATUS_NAME"/>
		<result property="sourceSystem" column="SOURCE_SYSTEM"/>
		<result property="targetSystem" column="TARGET_SYSTEM"/>
	</resultMap>
	
	<resultMap id="logSearchResult" class="logHistory">
		<result property="rootContextId" column="ROOT_CONTEXT_ID"/>
		<result property="eventDate" column="EVENT_DATE"/>
		<result property="serviceCode" column="SERVICE_CODE"/>
		<result property="interfaceId" column="INTERFACE_ID"/>
		<result property="serviceLayer" column="SERVICE_LAYER"/>
		<result property="serviceLayerName" column="SERVICE_LAYER_NAME"/>
		<result property="instanceId" column="INSTANCE_ID"/>
		<result property="endDateTime" column="END_DATE_TIME"/>
		<result property="status" column="STATUS"/>
		<result property="statusName" column="STATUS_NAME"/>
	</resultMap>
	
	<resultMap id="hangServiceResult" class="runService">
		<result property="serviceCode" column="SERVICE_CODE"/>
		<result property="interfaceId" column="INTERFACE_ID"/>
		<result property="serviceDescription" column="SERVICE_DESCRIPTION"/>
		<result property="serviceLayer" column="SERVICE_LAYER"/>
		<result property="serviceLayerName" column="SERVICE_LAYER_NAME"/>
		<result property="servicePathName" column="SERVICE_PATH_NAME"/>
		<result property="instanceGroup" column="GROUP_NAME"/>
		<result property="startDateTime" column="SERVICE_START_TIME"/>
		<result property="hangTime" column="HANG_TIME"/>
	</resultMap>
	
	<resultMap id="logMsgResult" class="logHistory">
		<result property="rootContextId" column="ROOT_CONTEXT_ID"/>
	</resultMap>
	
	<select id="selectServiceLogSummary" resultMap="logSummaryResult">
		SELECT A.SERVICE_CODE,
		       A.SERVICE_LAYER,
		       A.SUCCESS_CNT,
		       A.ERROR_CNT,
		       A.WARNING_CNT,
		       A.CLOSE_CNT,
		       (A.SUCCESS_CNT + A.ERROR_CNT + A.WARNING_CNT + A.CLOSE_CNT) AS TOTAL_CNT,
		       CAST(ROUND(((A.ERROR_CNT + A.CLOSE_CNT)/(A.SUCCESS_CNT + A.ERROR_CNT + A.WARNING_CNT + A.CLOSE_CNT) * 100), 2) AS NUMERIC(10,2)) AS ERROR_RATE,
			   CONVERT(VARCHAR(23), CAST(SUBSTRING(A.LAST_START_DATE_TIME, 1, 8)
			   + ' ' + SUBSTRING(A.LAST_START_DATE_TIME, 9, 2)
			   + ':' + SUBSTRING(A.LAST_START_DATE_TIME, 11, 2)
			   + ':' + SUBSTRING(A.LAST_START_DATE_TIME, 13, 6) AS DATETIME), 121) AS LAST_START_DATE_TIME,
			   CONVERT(VARCHAR(23), CAST(SUBSTRING(A.LAST_END_DATE_TIME, 1, 8)
			   + ' ' + SUBSTRING(A.LAST_END_DATE_TIME, 9, 2)
			   + ':' + SUBSTRING(A.LAST_END_DATE_TIME, 11, 2)
			   + ':' + SUBSTRING(A.LAST_END_DATE_TIME, 13, 6) AS DATETIME), 121) AS LAST_END_DATE_TIME,
		       A.ELAPS_TIME,
		       ISNULL(A.AVG_ELAPS_TIME, A.ELAPS_TIME) AVG_ELAPS_TIME,
		       B.INTERFACE_ID,
		       B.SERVICE_DESCRIPTION,
		       B.SERVICE_GROUP,
		       (SELECT CASE WHEN #lang# = 'ko' THEN CODE_NAME_KO ELSE CODE_NAME_EN END
		          FROM ZZT_TCM_CODE WITH(NOLOCK) WHERE CODE_GROUP = 'SVRGROUP' AND CODE = A.SERVICE_LAYER) AS SERVICE_LAYER_NAME,
		       (SELECT CASE WHEN #lang# = 'ko' THEN CODE_NAME_KO ELSE CODE_NAME_EN END
		          FROM ZZT_TCM_CODE WITH(NOLOCK) WHERE CODE_GROUP = 'SVCMODL' AND CODE = B.SERVICE_GROUP) AS SERVICE_GROUP_NAME,
		       (SELECT CASE WHEN #lang# = 'ko' THEN CODE_NAME_KO ELSE CODE_NAME_EN END
		          FROM ZZT_TCM_CODE WITH(NOLOCK) WHERE CODE_GROUP = 'STSTYPE' AND CODE = CAST(A.LAST_STATUS AS CHAR)) AS LAST_STATUS
		  FROM (
				SELECT T.*
				  FROM (
						SELECT t1.*
						  FROM (
								SELECT ROW_NUMBER() OVER(ORDER BY T2.LAST_END_DATE_TIME DESC) AS RNUM,
									   T1.SERVICE_CODE, T1.SERVICE_LAYER, T1.SUCCESS_CNT, T1.ERROR_CNT, T1.WARNING_CNT, T1.CLOSE_CNT,
									   T2.LAST_START_DATE_TIME, T2.LAST_END_DATE_TIME, T2.ELAPS_TIME, T2.AVG_ELAPS_TIME, T2.LAST_STATUS
								  FROM (
										SELECT A.SERVICE_CODE,
											   A.SERVICE_LAYER,
											   SUM(ISNULL(A.SUCCESS_CNT, 0)) SUCCESS_CNT,
											   SUM(ISNULL(A.ERROR_CNT,0)) ERROR_CNT,
											   SUM(ISNULL(A.WARNING_CNT,0)) WARNING_CNT,
											   SUM(ISNULL(A.CLOSE_CNT,0)) CLOSE_CNT
										FROM ZZT_LOG_SUMMARY A WITH(NOLOCK) INNER JOIN ZZT_SERVICE_MASTER B WITH(NOLOCK)
																  ON B.SERVICE_CODE = A.SERVICE_CODE
										<dynamic prepend="WHERE">
											<isNotEmpty prepend="AND" property="startDate">
												A.EVENT_DATE <![CDATA[>=]]> #startDate# 
											</isNotEmpty>	
											<isNotEmpty prepend="AND" property="endDate">
												A.EVENT_DATE <![CDATA[<=]]> #endDate#
											</isNotEmpty>
											<isNotEmpty prepend="AND" property="serviceLayer">
												A.SERVICE_LAYER = #serviceLayer#
											</isNotEmpty>
											<isNotEmpty prepend="AND" property="instanceId">
												A.INSTANCE_ID = #instanceId#
											</isNotEmpty>
											<isNotEmpty prepend="AND" property="serviceUserId">
												A.SERVICE_CODE IN (SELECT SERVICE_CODE FROM ZZT_SERVICE_USER_RELATION WITH(NOLOCK) WHERE USER_ID = #serviceUserId#)
											</isNotEmpty>
											<isPropertyAvailable property="resultType">
												<isNotEmpty prepend="AND" property="resultType">
													<isEqual property="resultType" compareValue="0">
														A.SUCCESS_CNT <![CDATA[>]]> 0
													</isEqual>
													<isEqual property="resultType" compareValue="1">
														A.ERROR_CNT <![CDATA[>]]> 0
													</isEqual>
													<isEqual property="resultType" compareValue="2">
														A.WARNING_CNT <![CDATA[>]]> 0
													</isEqual>
													<isEqual property="resultType" compareValue="3">
														A.CLOSE_CNT <![CDATA[>]]> 0
													</isEqual>
												</isNotEmpty>
											</isPropertyAvailable>
											<isNotEmpty prepend="AND" property="sourceSystem">
												A.SERVICE_CODE IN (SELECT SERVICE_CODE FROM ZZT_SUB_SERVICE_MASTER WITH(NOLOCK) WHERE DIRECTION_CODE = 'S' AND PHYSICAL_CODE = #sourceSystem#)
											</isNotEmpty>
											<isNotEmpty prepend="AND" property="targetSystem">
												A.SERVICE_CODE IN (SELECT SERVICE_CODE FROM ZZT_SUB_SERVICE_MASTER WITH(NOLOCK) WHERE DIRECTION_CODE = 'T' AND PHYSICAL_CODE = #targetSystem#)
											</isNotEmpty>
											<isNotEmpty prepend="AND" property="interfaceId">
												UPPER(B.INTERFACE_ID) LIKE '%' + UPPER(#interfaceId#) + '%'
											</isNotEmpty>
											<isNotEmpty prepend="AND" property="serviceGroup">
												B.SERVICE_GROUP = #serviceGroup#
											</isNotEmpty>
											<isNotEmpty prepend="AND" property="serviceNote">
												UPPER(B.SERVICE_NOTE) LIKE '%' + UPPER(#serviceNote#) + '%'
											</isNotEmpty>
											<isNotEmpty prepend="AND" property="description">
												UPPER(B.SERVICE_DESCRIPTION) LIKE '%' + UPPER(#description#) + '%'
											</isNotEmpty>
											<isNotEmpty prepend="AND" property="startHour">
												A.SERVICE_CODE IN (
																   SELECT DISTINCT SERVICE_CODE
																	 FROM ZZT_LOG_HEADER WITH(NOLOCK)
																	WHERE EVENT_DATE <![CDATA[>=]]> #startDate#
																	  AND EVENT_DATE <![CDATA[<=]]> #endDate#
																	  AND END_DATE_TIME <![CDATA[>=]]> #startDate# + #startHour# + '0000.000'
																	  AND END_DATE_TIME <![CDATA[<=]]> #endDate# + #endHour# + '5959.999'
																	  AND SERVICE_CODE IS NOT NULL
																	<isNotEmpty prepend="AND" property="serviceUserId">
																		SERVICE_CODE IN (SELECT SERVICE_CODE FROM ZZT_SERVICE_USER_RELATION WITH(NOLOCK) WHERE USER_ID = #serviceUserId#)
																	</isNotEmpty>
																	<isNotEmpty prepend="AND" property="sourceSystem">
																		SERVICE_CODE IN (SELECT SERVICE_CODE FROM ZZT_SUB_SERVICE_MASTER WITH(NOLOCK) WHERE DIRECTION_CODE = 'S' AND PHYSICAL_CODE = #sourceSystem#)
																	</isNotEmpty>
																	<isNotEmpty prepend="AND" property="targetSystem">
																		SERVICE_CODE IN (SELECT SERVICE_CODE FROM ZZT_SUB_SERVICE_MASTER WITH(NOLOCK) WHERE DIRECTION_CODE = 'T' AND PHYSICAL_CODE = #targetSystem#)
																	</isNotEmpty>
																	<isNotEmpty prepend="AND" property="serviceLayer">
																		SERVICE_LAYER = #serviceLayer#
																	</isNotEmpty>
																	<isNotEmpty prepend="AND" property="instanceId">
																		INSTANCE_ID = #instanceId#
																	</isNotEmpty>
																	<isNotEmpty prepend="AND" property="resultType">
																		STATUS = $resultType$
																	</isNotEmpty>
																   )
											</isNotEmpty>
										 </dynamic>
										GROUP BY A.SERVICE_CODE, A.SERVICE_LAYER
										) T1 INNER JOIN (
														SELECT A.SERVICE_CODE, A.SERVICE_LAYER, A.LAST_START_DATE_TIME, A.LAST_END_DATE_TIME, 
															   A.LAST_STATUS, A.ELAPS_TIME, A.AVG_ELAPS_TIME
														  FROM ZZT_LOG_SNAPSHOT A WITH(NOLOCK), (
																							   SELECT SERVICE_CODE, SERVICE_LAYER,
																									  MAX(LAST_END_DATE_TIME) LAST_END_DATE_TIME
																								 FROM ZZT_LOG_SNAPSHOT WITH(NOLOCK)
																								GROUP BY SERVICE_CODE, SERVICE_LAYER
																							   ) B
														 WHERE A.SERVICE_CODE = B.SERVICE_CODE
														   AND A.SERVICE_LAYER = B.SERVICE_LAYER
														   AND A.LAST_END_DATE_TIME = B.LAST_END_DATE_TIME
														) T2
												ON T1.SERVICE_CODE = T2.SERVICE_CODE
											   AND T1.SERVICE_LAYER = T2.SERVICE_LAYER
								) t1
							WHERE t1.RNUM <![CDATA[<=]]> ($pageSize$*$pageIndex$)
						) T		
				 WHERE RNUM <![CDATA[>]]> ($pageSize$*$pageIndex$) - $pageSize$
			 ) A LEFT OUTER JOIN ZZT_SERVICE_MASTER B WITH(NOLOCK)
			       ON A.SERVICE_CODE = B.SERVICE_CODE
		  ORDER BY A.LAST_END_DATE_TIME DESC 
	</select>
	
	<select id="countServiceLogSummary" resultClass="int">
		SELECT COUNT(T1.SERVICE_CODE) AS TOTAL
		  FROM (
				SELECT A.SERVICE_CODE, A.SERVICE_LAYER
				FROM ZZT_LOG_SUMMARY A WITH(NOLOCK) INNER JOIN ZZT_SERVICE_MASTER B WITH(NOLOCK)
				                          ON B.SERVICE_CODE = A.SERVICE_CODE
				<dynamic prepend="WHERE">
				 	<isNotEmpty prepend="AND" property="startDate">
						A.EVENT_DATE <![CDATA[>=]]> #startDate# 
					</isNotEmpty>	
					<isNotEmpty prepend="AND" property="endDate">
						A.EVENT_DATE <![CDATA[<=]]> #endDate#
					</isNotEmpty>
					<isNotEmpty prepend="AND" property="serviceLayer">
						A.SERVICE_LAYER = #serviceLayer#
					</isNotEmpty>
					<isNotEmpty prepend="AND" property="instanceId">
						A.INSTANCE_ID = #instanceId#
					</isNotEmpty>
					<isNotEmpty prepend="AND" property="serviceUserId">
						A.SERVICE_CODE IN (SELECT SERVICE_CODE FROM ZZT_SERVICE_USER_RELATION WITH(NOLOCK) WHERE USER_ID = #serviceUserId#)
					</isNotEmpty>
					<isPropertyAvailable property="resultType">
						<isNotEmpty prepend="AND" property="resultType">
							<isEqual property="resultType" compareValue="0">
								A.SUCCESS_CNT <![CDATA[>]]> 0
							</isEqual>
							<isEqual property="resultType" compareValue="1">
								A.ERROR_CNT <![CDATA[>]]> 0
							</isEqual>
							<isEqual property="resultType" compareValue="2">
								A.WARNING_CNT <![CDATA[>]]> 0
							</isEqual>
							<isEqual property="resultType" compareValue="3">
								A.CLOSE_CNT <![CDATA[>]]> 0
							</isEqual>
						</isNotEmpty>
					</isPropertyAvailable>
					<isNotEmpty prepend="AND" property="sourceSystem">
						A.SERVICE_CODE IN (SELECT SERVICE_CODE FROM ZZT_SUB_SERVICE_MASTER WITH(NOLOCK) WHERE DIRECTION_CODE = 'S' AND PHYSICAL_CODE = #sourceSystem#)
					</isNotEmpty>
					<isNotEmpty prepend="AND" property="targetSystem">
						A.SERVICE_CODE IN (SELECT SERVICE_CODE FROM ZZT_SUB_SERVICE_MASTER WITH(NOLOCK) WHERE DIRECTION_CODE = 'T' AND PHYSICAL_CODE = #targetSystem#)
					</isNotEmpty>
					<isNotEmpty prepend="AND" property="interfaceId">
						UPPER(B.INTERFACE_ID) LIKE '%' + UPPER(#interfaceId#) + '%'
					</isNotEmpty>
					<isNotEmpty prepend="AND" property="serviceGroup">
						B.SERVICE_GROUP = #serviceGroup#
					</isNotEmpty>
					<isNotEmpty prepend="AND" property="serviceNote">
						UPPER(B.SERVICE_NOTE) LIKE '%' + UPPER(#serviceNote#) + '%'
					</isNotEmpty>
					<isNotEmpty prepend="AND" property="description">
						UPPER(B.SERVICE_DESCRIPTION) LIKE '%' + UPPER(#description#) + '%'
					</isNotEmpty>
					<isNotEmpty prepend="AND" property="startHour">
						A.SERVICE_CODE IN (
						                   SELECT DISTINCT SERVICE_CODE
			                                 FROM ZZT_LOG_HEADER WITH(NOLOCK)
			                                WHERE EVENT_DATE <![CDATA[>=]]> #startDate#
			                                  AND EVENT_DATE <![CDATA[<=]]> #endDate#
			                                  AND END_DATE_TIME <![CDATA[>=]]> #startDate# + #startHour# + '0000.000'
			                                  AND END_DATE_TIME <![CDATA[<=]]> #endDate# + #endHour# + '5959.999'
			                                  AND SERVICE_CODE IS NOT NULL
			                                <isNotEmpty prepend="AND" property="serviceUserId">
												SERVICE_CODE IN (SELECT SERVICE_CODE FROM ZZT_SERVICE_USER_RELATION WITH(NOLOCK) WHERE USER_ID = #serviceUserId#)
											</isNotEmpty>
											<isNotEmpty prepend="AND" property="sourceSystem">
												SERVICE_CODE IN (SELECT SERVICE_CODE FROM ZZT_SUB_SERVICE_MASTER WITH(NOLOCK) WHERE DIRECTION_CODE = 'S' AND PHYSICAL_CODE = #sourceSystem#)
											</isNotEmpty>
											<isNotEmpty prepend="AND" property="targetSystem">
												SERVICE_CODE IN (SELECT SERVICE_CODE FROM ZZT_SUB_SERVICE_MASTER WITH(NOLOCK) WHERE DIRECTION_CODE = 'T' AND PHYSICAL_CODE = #targetSystem#)
											</isNotEmpty>
											<isNotEmpty prepend="AND" property="serviceLayer">
												SERVICE_LAYER = #serviceLayer#
											</isNotEmpty>
											<isNotEmpty prepend="AND" property="instanceId">
												INSTANCE_ID = #instanceId#
											</isNotEmpty>
											<isNotEmpty prepend="AND" property="resultType">
												STATUS = $resultType$
											</isNotEmpty>
			                               )
					</isNotEmpty>
				 </dynamic>
				GROUP BY A.SERVICE_CODE, A.SERVICE_LAYER
				) T1 INNER JOIN (
				                SELECT A.SERVICE_CODE, A.SERVICE_LAYER, A.LAST_START_DATE_TIME, A.LAST_END_DATE_TIME, 
				                       A.LAST_STATUS, A.ELAPS_TIME, A.AVG_ELAPS_TIME
								  FROM ZZT_LOG_SNAPSHOT A WITH(NOLOCK), (
																	   SELECT SERVICE_CODE, SERVICE_LAYER,
																			  MAX(LAST_END_DATE_TIME) LAST_END_DATE_TIME
																		 FROM ZZT_LOG_SNAPSHOT WITH(NOLOCK)
																		GROUP BY SERVICE_CODE, SERVICE_LAYER
																	   ) B
								 WHERE A.SERVICE_CODE = B.SERVICE_CODE
								   AND A.SERVICE_LAYER = B.SERVICE_LAYER
								   AND A.LAST_END_DATE_TIME = B.LAST_END_DATE_TIME
								) T2
						ON T1.SERVICE_CODE = T2.SERVICE_CODE
					   AND T1.SERVICE_LAYER = T2.SERVICE_LAYER
	</select>
		
	<select id="selectServiceLogHistory" resultMap="logHistoryResult">
	SELECT ROOT_CONTEXT_ID, EVENT_DATE, SERVICE_CODE, 
		   SERVICE_LAYER,
		   (SELECT CASE WHEN #lang# = 'ko' THEN CODE_NAME_KO ELSE CODE_NAME_EN END
			  FROM ZZT_TCM_CODE WITH(NOLOCK) WHERE CODE_GROUP = 'SVRGROUP' AND CODE = SERVICE_LAYER) AS SERVICE_LAYER_NAME,
		   INSTANCE_ID, 
		   SERVICE_GROUP,
		   CONVERT(VARCHAR(23), CAST(SUBSTRING(START_DATE_TIME, 1, 8)
		   + ' ' + SUBSTRING(START_DATE_TIME, 9, 2)
		   + ':' + SUBSTRING(START_DATE_TIME, 11, 2)
		   + ':' + SUBSTRING(START_DATE_TIME, 13, 6) AS DATETIME), 121) AS START_DATE_TIME,
		   CONVERT(VARCHAR(23), CAST(SUBSTRING(END_DATE_TIME, 1, 8)
		   + ' ' + SUBSTRING(END_DATE_TIME, 9, 2)
		   + ':' + SUBSTRING(END_DATE_TIME, 11, 2)
		   + ':' + SUBSTRING(END_DATE_TIME, 13, 6) AS DATETIME), 121) AS END_DATE_TIME,
		   STATUS,
		   (SELECT CASE WHEN #lang# = 'ko' THEN CODE_NAME_KO ELSE CODE_NAME_EN END
			  FROM ZZT_TCM_CODE WITH(NOLOCK) WHERE CODE_GROUP = 'STSTYPE' AND CODE = CAST(STATUS AS CHAR)) AS STATUS_NAME,
		   ISNULL(RECORD_CNT, 0) AS RECORD_CNT, 
		   ISNULL(DATA_SIZE, 0) AS DATA_SIZE,
		   ISNULL(SUCCESS_CNT, 0) AS SUCCESS_CNT, 
		   ISNULL(ERROR_CNT, 0) AS ERROR_CNT, 
		   ISNULL(CLOSE_CNT, 0) AS CLOSE_CNT
	  FROM (
			SELECT t1.*
			  FROM (
					SELECT ROW_NUMBER() OVER(ORDER BY END_DATE_TIME DESC) AS RNUM,
						   ROOT_CONTEXT_ID, EVENT_DATE, SERVICE_CODE, SERVICE_LAYER, INSTANCE_ID, 
						   SERVICE_GROUP, START_DATE_TIME, END_DATE_TIME, STATUS, RECORD_CNT, 
						   DATA_SIZE, SUCCESS_CNT, ERROR_CNT, CLOSE_CNT
					  FROM ZZT_LOG_HEADER WITH(NOLOCK)
					 <dynamic prepend="WHERE">
						<isEmpty prepend="AND" property="startHour">
							EVENT_DATE <![CDATA[>=]]> #startDate# AND EVENT_DATE <![CDATA[<=]]> #endDate#
							AND SERVICE_CODE = #serviceCode#
						</isEmpty>
						<isNotEmpty prepend="AND" property="startHour">
							END_DATE_TIME <![CDATA[>=]]> #startDate# + #startHour# + '0000.000'
							AND END_DATE_TIME <![CDATA[<=]]> #endDate# + #endHour# + '5959.999'
							AND SERVICE_CODE = #serviceCode#
						</isNotEmpty>
						<isNotEmpty prepend="AND" property="serviceLayer">
							SERVICE_LAYER = #serviceLayer#
						</isNotEmpty>
						<isNotEmpty prepend="AND" property="instanceId">
							INSTANCE_ID = #instanceId#
						</isNotEmpty>
						<isNotEmpty prepend="AND" property="resultType">
							STATUS = #resultType#
						</isNotEmpty>
					 </dynamic>
					) t1
				WHERE t1.RNUM <![CDATA[<=]]> ($pageSize$*$pageIndex$)
			) T
		WHERE RNUM <![CDATA[>]]> ($pageSize$*$pageIndex$) - $pageSize$
	</select>
	
	<select id="countServiceLogHistory" resultClass="int">
		SELECT COUNT(1) AS TOTAL
		  FROM ZZT_LOG_HEADER WITH(NOLOCK)
		 <dynamic prepend="WHERE">
		 	<isEmpty prepend="AND" property="startHour">
		 		EVENT_DATE <![CDATA[>=]]> #startDate# AND EVENT_DATE <![CDATA[<=]]> #endDate#
		 		AND SERVICE_CODE = #serviceCode#
		 	</isEmpty>
		 	<isNotEmpty prepend="AND" property="startHour">
		 		END_DATE_TIME <![CDATA[>=]]> #startDate# + #startHour# + '0000.000'
		 		AND END_DATE_TIME <![CDATA[<=]]> #endDate# + #endHour# + '5959.999'
		 		AND SERVICE_CODE = #serviceCode#
		 	</isNotEmpty>
		 	<isNotEmpty prepend="AND" property="serviceLayer">
				SERVICE_LAYER = #serviceLayer#
			</isNotEmpty>
			<isNotEmpty prepend="AND" property="instanceId">
				INSTANCE_ID = #instanceId#
			</isNotEmpty>
			<isNotEmpty prepend="AND" property="resultType">
				STATUS = #resultType#
			</isNotEmpty>
		 </dynamic>
	</select>
	
	<select id="selectServiceLogDetail" resultMap="logDetailResult">
		SELECT T1.CONTEXT_ID, T1.EVENT_DATE, T1.ROOT_CONTEXT_ID, T1.SERVICE_PATH_NAME, T1.RECORD_COUNT, T1.DATA_SIZE, T1.STATUS,
		       CONVERT(VARCHAR(23), CAST(SUBSTRING(T1.START_DATE_TIME, 1, 8)
			   + ' ' + SUBSTRING(T1.START_DATE_TIME, 9, 2)
			   + ':' + SUBSTRING(T1.START_DATE_TIME, 11, 2)
			   + ':' + SUBSTRING(T1.START_DATE_TIME, 13, 6) AS DATETIME), 121) AS START_DATE_TIME,
			   CONVERT(VARCHAR(23), CAST(SUBSTRING(T1.END_DATE_TIME, 1, 8)
			   + ' ' + SUBSTRING(T1.END_DATE_TIME, 9, 2)
			   + ':' + SUBSTRING(T1.END_DATE_TIME, 11, 2)
			   + ':' + SUBSTRING(T1.END_DATE_TIME, 13, 6) AS DATETIME), 121) AS END_DATE_TIME,
			   ELAPS_TIME,
		       (SELECT CASE WHEN #lang# = 'ko' THEN CODE_NAME_KO ELSE CODE_NAME_EN END
		          FROM ZZT_TCM_CODE WITH(NOLOCK) WHERE CODE_GROUP = 'STSTYPE' AND CODE = CAST(T1.STATUS AS CHAR)) AS STATUS_NAME,
		       CASE WHEN T1.DIRECTION_CODE = 'S' THEN T2.PHYSICAL_NAME ELSE '' END AS SOURCE_SYSTEM,
		       CASE WHEN T1.DIRECTION_CODE = 'T' THEN T2.PHYSICAL_NAME ELSE '' END AS TARGET_SYSTEM
		  FROM (
				SELECT A.CONTEXT_ID, A.EVENT_DATE, A.ROOT_CONTEXT_ID, A.SERVICE_PATH_NAME, A.RECORD_COUNT, A.DATA_SIZE, A.STATUS, 
				       A.START_DATE_TIME, A.END_DATE_TIME,
					   RIGHT(CONVERT(VARCHAR(25), CAST(CONVERT(VARCHAR(23), CAST(SUBSTRING(A.END_DATE_TIME, 1, 8)
							+ ' ' + SUBSTRING(A.END_DATE_TIME, 9, 2)
							+ ':' + SUBSTRING(A.END_DATE_TIME, 11, 2)
							+ ':' + SUBSTRING(A.END_DATE_TIME, 13, 6) AS DATETIME), 121) AS DATETIME) 
						- CAST(CONVERT(VARCHAR(23), CAST(SUBSTRING(A.START_DATE_TIME, 1, 8)
							+ ' ' + SUBSTRING(A.START_DATE_TIME, 9, 2)
							+ ':' + SUBSTRING(A.START_DATE_TIME, 11, 2)
							+ ':' + SUBSTRING(A.START_DATE_TIME, 13, 6) AS DATETIME), 121) AS DATETIME), 121),12) AS ELAPS_TIME,
				       B.PHYSICAL_CODE, B.DIRECTION_CODE, B.SERVICE_SEQ
				  FROM ZZT_LOG_DETAIL A WITH(NOLOCK) INNER JOIN ZZT_SUB_SERVICE_MASTER B WITH(NOLOCK)
				                           ON B.SERVICE_PATH_NAME = A.SERVICE_PATH_NAME
				                          AND B.SERVICE_CODE = #serviceCode#
				 WHERE A.EVENT_DATE = #eventDate#
				   AND A.ROOT_CONTEXT_ID = #rootContextId#
			   ) T1 LEFT OUTER JOIN ZZT_PHYSICAL_SYSTEM T2 WITH(NOLOCK)
			          ON T2.PHYSICAL_CODE = T1.PHYSICAL_CODE
		 ORDER BY T1.START_DATE_TIME, T1.SERVICE_SEQ
	</select>
	
	<select id="selectLogUserData" resultClass="String">
		SELECT USER_DATA
		  FROM $tableName$ WITH(NOLOCK)
		 WHERE CONTEXT_ID = #contextId#
	</select>
	
	<select id="selectLogErrorMessage" resultClass="String">
		SELECT ERROR_MESSAGE
		  FROM $tableName$ WITH(NOLOCK)
		 WHERE CONTEXT_ID = #contextId#
	</select>
	<!-- REQ-200012 (selectSearchLogHeader, countSearchLogHeader, selectSearchLogMsg)-->
	<!-- 2021-03-09 쿼리문수정 전 mssql은 rownum이 먹히지 않음-->
	<!-- <select id="selectSearchLogHeader" resultMap="logSearchResult">
		SELECT ROOT_CONTEXT_ID, EVENT_DATE, SERVICE_CODE, SERVICE_LAYER, INSTANCE_ID,
				   END_DATE_TIME, STATUS, INTERFACE_ID, SERVICE_LAYER_NAME, STATUS_NAME
			  FROM (
					SELECT ROWNUM AS RNUM, Z.*
					  FROM (
							SELECT T1.ROOT_CONTEXT_ID, T1.EVENT_DATE, T1.SERVICE_CODE, T1.SERVICE_LAYER, T1.INSTANCE_ID,
							       CONVERT(VARCHAR(23), CAST(SUBSTRING(T1.END_DATE_TIME, 1, 8)
								   + ' ' + SUBSTRING(T1.END_DATE_TIME, 9, 2)
								   + ':' + SUBSTRING(T1.END_DATE_TIME, 11, 2)
								   + ':' + SUBSTRING(T1.END_DATE_TIME, 13, 6) AS DATETIME), 121) AS END_DATE_TIME, T1.STATUS,
							       (SELECT INTERFACE_ID FROM ZZT_SERVICE_MASTER WITH(NOLOCK) WHERE SERVICE_CODE = T1.SERVICE_CODE) INTERFACE_ID,
							       (SELECT CASE WHEN #lang# = 'ko' THEN CODE_NAME_KO ELSE CODE_NAME_EN END
							          FROM ZZT_TCM_CODE WITH(NOLOCK) WHERE CODE_GROUP = 'SVRGROUP' AND CODE = T1.SERVICE_LAYER) AS SERVICE_LAYER_NAME,
							       (SELECT CASE WHEN #lang# = 'ko' THEN CODE_NAME_KO ELSE CODE_NAME_EN END
							          FROM ZZT_TCM_CODE WITH(NOLOCK) WHERE CODE_GROUP = 'STSTYPE' AND CODE = CAST(T1.STATUS AS CHAR)) AS STATUS_NAME
							  FROM ZZT_LOG_HEADER T1 WITH(NOLOCK)
							 WHERE T1.EVENT_DATE = #eventDate#
							<isNotEmpty prepend="AND" property="serviceCode">
								T1.SERVICE_CODE = #serviceCode#
							</isNotEmpty>
							<isNotEmpty prepend="AND" property="serviceLayer">
								T1.SERVICE_LAYER = #serviceLayer#
							</isNotEmpty>
							<isNotEmpty prepend="AND" property="instanceId">
								T1.INSTANCE_ID = #instanceId#
							</isNotEmpty>
							<isNotEmpty prepend="AND" property="rootContextIds">
							    T1.ROOT_CONTEXT_ID IN 
								    <iterate open="(" close=")" conjunction = "," property="rootContextIds">
										 #rootContextIds[]#
									</iterate>
							</isNotEmpty>
							ORDER BY T1.END_DATE_TIME DESC
							)Z
						WHERE ROWNUM <![CDATA[<=]]> ($pageSize$*$pageIndex$)
		  		)T
		  		WHERE RNUM <![CDATA[>]]> ($pageSize$*$pageIndex$) - $pageSize$
		ORDER BY END_DATE_TIME DESC			
	</select> -->
	<!-- 2021-03-09 수정후 -->
	<select id="selectSearchLogHeader" resultMap="logSearchResult">
		SELECT ROOT_CONTEXT_ID, EVENT_DATE, SERVICE_CODE, SERVICE_LAYER, INSTANCE_ID,
				   END_DATE_TIME, STATUS, INTERFACE_ID, SERVICE_LAYER_NAME, STATUS_NAME
			  FROM (
					SELECT ROW_NUMBER() OVER(ORDER BY END_DATE_TIME DESC) AS RNUM, Z.*
					  FROM (
							SELECT T1.ROOT_CONTEXT_ID, T1.EVENT_DATE, T1.SERVICE_CODE, T1.SERVICE_LAYER, T1.INSTANCE_ID,ROW_NUMBER() OVER(ORDER BY END_DATE_TIME DESC) AS RNUM2,   
							       CONVERT(VARCHAR(23), CAST(SUBSTRING(T1.END_DATE_TIME, 1, 8)
								   + ' ' + SUBSTRING(T1.END_DATE_TIME, 9, 2)
								   + ':' + SUBSTRING(T1.END_DATE_TIME, 11, 2)
								   + ':' + SUBSTRING(T1.END_DATE_TIME, 13, 6) AS DATETIME), 121) AS END_DATE_TIME, T1.STATUS,
							       (SELECT INTERFACE_ID FROM ZZT_SERVICE_MASTER WITH(NOLOCK) WHERE SERVICE_CODE = T1.SERVICE_CODE) INTERFACE_ID,
							       (SELECT CASE WHEN #lang# = 'ko' THEN CODE_NAME_KO ELSE CODE_NAME_EN END
							          FROM ZZT_TCM_CODE WITH(NOLOCK) WHERE CODE_GROUP = 'SVRGROUP' AND CODE = T1.SERVICE_LAYER) AS SERVICE_LAYER_NAME,
							       (SELECT CASE WHEN #lang# = 'ko' THEN CODE_NAME_KO ELSE CODE_NAME_EN END
							          FROM ZZT_TCM_CODE WITH(NOLOCK) WHERE CODE_GROUP = 'STSTYPE' AND CODE = CAST(T1.STATUS AS CHAR)) AS STATUS_NAME
							  FROM ZZT_LOG_HEADER T1 INNER JOIN $logMsgTableId$ M
+								ON T1.ROOT_CONTEXT_ID = M.ROOT_CONTEXT_ID
							 WHERE T1.EVENT_DATE = #eventDate#
							<isNotEmpty prepend="AND" property="serviceCode">
								T1.SERVICE_CODE = #serviceCode#
							</isNotEmpty>
							<isNotEmpty prepend="AND" property="serviceLayer">
								T1.SERVICE_LAYER = #serviceLayer#
							</isNotEmpty>
							<isNotEmpty prepend="AND" property="instanceId">
								T1.INSTANCE_ID = #instanceId#
							</isNotEmpty>
							<!--  <isNotEmpty prepend="AND" property="rootContextIds">
							    T1.ROOT_CONTEXT_ID IN 
								    <iterate open="(" close=")" conjunction = "," property="rootContextIds">
										 #rootContextIds[]#
									</iterate>
							</isNotEmpty>-->
							<isNotEmpty prepend="AND" property="searchWord">
+								UPPER(M.USER_DATA) LIKE '%'||UPPER(#searchWord#)||'%'		
 							</isNotEmpty>
							)Z
						WHERE RNUM2 <![CDATA[<=]]> ($pageSize$*$pageIndex$)
		  		)T
		  		WHERE RNUM <![CDATA[>]]> ($pageSize$*$pageIndex$) - $pageSize$
		ORDER BY END_DATE_TIME DESC			
	</select>
	<!-- 2021-03-09 : ORDER BY T1.END_DATE_TIME DESC 주석처리  -->
	<select id="countSearchLogHeader" resultClass="int">
		SELECT COUNT(*) AS TOTAL
		  FROM ZZT_LOG_HEADER T1 INNER JOIN $logMsgTableId$ M
+			ON T1.ROOT_CONTEXT_ID = M.ROOT_CONTEXT_ID
		 WHERE T1.EVENT_DATE = #eventDate#
		<isNotEmpty prepend="AND" property="serviceCode">
			T1.SERVICE_CODE = #serviceCode#
		</isNotEmpty>
		<isNotEmpty prepend="AND" property="serviceLayer">
			T1.SERVICE_LAYER = #serviceLayer#
		</isNotEmpty>
		<isNotEmpty prepend="AND" property="instanceId">
			T1.INSTANCE_ID = #instanceId#
		</isNotEmpty>
		<!--  <isNotEmpty prepend="AND" property="rootContextIds">
				T1.ROOT_CONTEXT_ID IN 
			<iterate open="(" close=")" conjunction = "," property="rootContextIds">
				#rootContextIds[]#
			</iterate>
			</isNotEmpty>-->
		<isNotEmpty prepend="AND" property="searchWord">
+			UPPER(M.USER_DATA) LIKE '%'||UPPER(#searchWord#)||'%'		
 		</isNotEmpty>
		<!-- ORDER BY T1.END_DATE_TIME DESC -->
	</select>
	
	<!-- 
		REQ-190014 : 서비스로그 > 로그 search paging 확인요청, 다른화면과 동일하게 처리함.
		             검색 LIKE로 변경 
		REQ-200011 :  검색 버튼을 누른 후 대략 3분 정도 후에  아래와 같이 timeout 에러가 발생
	-->	
	<select id="selectSearchLogMsg" resultClass="String">
<!-- 		SELECT ROOT_CONTEXT_ID
		  FROM $logMsgTableId$ WITH(NOLOCK)
		 WHERE USER_DATA LIKE '%' + #searchWord# + '%' -->
		 
		SELECT T1.ROOT_CONTEXT_ID
		FROM ZZT_LOG_HEADER T1 WITH(NOLOCK) INNER JOIN $logMsgTableId$ M WITH(NOLOCK)
		  ON T1.ROOT_CONTEXT_ID = M.ROOT_CONTEXT_ID
       WHERE T1.EVENT_DATE = #eventDate#
         AND T1.SERVICE_CODE = #serviceCode#
         AND USER_DATA LIKE '%' + #searchWord# + '%'
	</select>
	
	<select id="selectHangService" resultMap="hangServiceResult">
		SELECT T1.SERVICE_CODE, T1.INTERFACE_ID, T1.SERVICE_DESCRIPTION, T1.SERVICE_LAYER, 
		       (SELECT CASE WHEN #lang# = 'ko' THEN CODE_NAME_KO ELSE CODE_NAME_EN END
				 FROM ZZT_TCM_CODE WITH(NOLOCK) WHERE CODE_GROUP = 'SVRGROUP' AND CODE = T1.SERVICE_LAYER) AS SERVICE_LAYER_NAME,
		       T1.SERVICE_PATH_NAME, T2.GROUP_NAME,
			   CONVERT(VARCHAR(23), CAST(SUBSTRING(T1.SERVICE_START_TIME, 1, 8)
			   + ' ' + SUBSTRING(T1.SERVICE_START_TIME, 9, 2)
			   + ':' + SUBSTRING(T1.SERVICE_START_TIME, 11, 2)
			   + ':' + SUBSTRING(T1.SERVICE_START_TIME, 13, 6) AS DATETIME), 121) AS SERVICE_START_TIME, T1.HANG_TIME
		  FROM (
				SELECT INSTANCE_ID, INTERFACE_ID, SERVICE_CODE, SERVICE_PATH_NAME, SERVICE_LAYER,
					   SERVICE_DESCRIPTION, SERVICE_START_TIME, HANG_TIME
				  FROM (
						SELECT t1.*
						  FROM (
								SELECT ROW_NUMBER() OVER(ORDER BY A.SERVICE_START_TIME) AS RNUM,
									   A.INSTANCE_ID, A.INTERFACE_ID, A.SERVICE_CODE, A.SERVICE_PATH_NAME, A.SERVICE_LAYER,
									   C.SERVICE_DESCRIPTION, A.SERVICE_START_TIME, A.HANG_TIME
								  FROM ZZT_RUNNING_SERVICE A WITH(NOLOCK) LEFT OUTER JOIN ZZT_INSTANCE_SERVER B WITH(NOLOCK)
																		   ON A.INSTANCE_ID = B.INSTANCE_ID
																		  AND A.INSTANCE_SEQ = B.INSTANCE_SEQ
																		 LEFT OUTER JOIN ZZT_SERVICE_MASTER C WITH(NOLOCK)
																		   ON A.SERVICE_CODE = C.SERVICE_CODE
								 WHERE A.HANG_YN = 'Y'
								<isNotEmpty prepend="AND" property="interfaceId">
									A.INTERFACE_ID LIKE '%' + #interfaceId# + '%'
								</isNotEmpty>
								<isNotEmpty prepend="AND" property="serviceLayer">
									A.SERVICE_LAYER = #serviceLayer#
								</isNotEmpty>
								<isNotEmpty prepend="AND" property="instanceId">
									A.INSTANCE_ID = #instanceId#
								</isNotEmpty>
								<isNotEmpty prepend="AND" property="monitor">
									B.MONITOR = #monitor#
								</isNotEmpty>
								) t1
						 WHERE t1.RNUM <![CDATA[<=]]> ($pageSize$*$pageIndex$)
						) T
				 WHERE RNUM <![CDATA[>]]> ($pageSize$*$pageIndex$) - $pageSize$
		       ) T1 LEFT OUTER JOIN ZZT_INSTANCE_GROUP T2 WITH(NOLOCK)
		              ON T1.INSTANCE_ID = T2.INSTANCE_ID
		ORDER BY T1.SERVICE_START_TIME
	</select>
	
	<select id="countHangService" resultClass="int">
	SELECT COUNT(A.INSTANCE_ID) AS TOTAL
      FROM ZZT_RUNNING_SERVICE A WITH(NOLOCK) LEFT OUTER JOIN ZZT_INSTANCE_SERVER B WITH(NOLOCK)
                                     ON A.INSTANCE_ID = B.INSTANCE_ID
                                    AND A.INSTANCE_SEQ = B.INSTANCE_SEQ
     WHERE A.HANG_YN = 'Y'
     <isNotEmpty prepend="AND" property="interfaceId">
		A.INTERFACE_ID LIKE '%' + #interfaceId# + '%'
	 </isNotEmpty>
	 <isNotEmpty prepend="AND" property="serviceLayer">
		A.SERVICE_LAYER = #serviceLayer#
	 </isNotEmpty>
	 <isNotEmpty prepend="AND" property="instanceId">
		A.INSTANCE_ID = #instanceId#
	 </isNotEmpty>
	 <isNotEmpty prepend="AND" property="monitor">
		B.MONITOR = #monitor#
	 </isNotEmpty>
	</select>
	
	<update id="updateLogHeaderStatus">
		UPDATE ZZT_LOG_HEADER
		   SET STATUS = 3, 
		       ERROR_CNT = 0,
		       CLOSE_CNT = 1
		 WHERE ROOT_CONTEXT_ID = #rootContextId#
		   AND EVENT_DATE = #eventDate#
	</update>
	
	<select id="selectLogHeaderStatus" resultClass="String">
		SELECT STATUS
		  FROM ZZT_LOG_HEADER
		 WHERE ROOT_CONTEXT_ID = #rootContextId#
	</select>
	
	<update id="updateLogSummary">
		UPDATE ZZT_LOG_SUMMARY
		   SET ERROR_CNT = ERROR_CNT-1,
		       CLOSE_CNT = CLOSE_CNT+1
		 WHERE EVENT_DATE = #eventDate#
		   AND SERVICE_CODE = #serviceCode#
		   AND SERVICE_LAYER = #serviceLayer#
		   AND INSTANCE_ID = #instanceId#
	</update>
	
	<update id="updateLogSumDaily">
		UPDATE ZZT_LOG_SUM_DAILY
		   SET ERROR_CNT = ERROR_CNT-1,
		       SUCCESS_CNT = SUCCESS_CNT+1
		 WHERE EVENT_DATE = #eventDate#
		   AND SERVICE_LAYER = #serviceLayer#
	</update>
	
	<update id="updateLogSumMonth">
		UPDATE ZZT_LOG_SUM_MONTH
		   SET ERROR_CNT = ERROR_CNT-1,
		       SUCCESS_CNT = SUCCESS_CNT+1
		 WHERE LOG_MM = #logMm#
		   AND SERVICE_LAYER = #serviceLayer#
	</update>
	
	<select id="selectServieLogListExcel" resultMap="logSummaryResult">
		SELECT A.SERVICE_CODE,
		       A.SERVICE_LAYER,
		       A.SUCCESS_CNT,
		       A.ERROR_CNT,
		       A.WARNING_CNT,
		       A.CLOSE_CNT,
		       (A.SUCCESS_CNT + A.ERROR_CNT + A.WARNING_CNT + A.CLOSE_CNT) AS TOTAL_CNT,
		       CAST(ROUND(((A.ERROR_CNT + A.CLOSE_CNT)/(A.SUCCESS_CNT + A.ERROR_CNT + A.WARNING_CNT + A.CLOSE_CNT) * 100), 2) AS NUMERIC(10,2)) AS ERROR_RATE,
			   CONVERT(VARCHAR(23), CAST(SUBSTRING(A.LAST_START_DATE_TIME, 1, 8)
			   + ' ' + SUBSTRING(A.LAST_START_DATE_TIME, 9, 2)
			   + ':' + SUBSTRING(A.LAST_START_DATE_TIME, 11, 2)
			   + ':' + SUBSTRING(A.LAST_START_DATE_TIME, 13, 6) AS DATETIME), 121) AS LAST_START_DATE_TIME,
			   CONVERT(VARCHAR(23), CAST(SUBSTRING(A.LAST_END_DATE_TIME, 1, 8)
			   + ' ' + SUBSTRING(A.LAST_END_DATE_TIME, 9, 2)
			   + ':' + SUBSTRING(A.LAST_END_DATE_TIME, 11, 2)
			   + ':' + SUBSTRING(A.LAST_END_DATE_TIME, 13, 6) AS DATETIME), 121) AS LAST_END_DATE_TIME,
		       A.ELAPS_TIME,
		       ISNULL(A.AVG_ELAPS_TIME, A.ELAPS_TIME) AVG_ELAPS_TIME,
		       B.INTERFACE_ID,
		       B.SERVICE_DESCRIPTION,
		       B.SERVICE_GROUP,
		       (SELECT CASE WHEN #lang# = 'ko' THEN CODE_NAME_KO ELSE CODE_NAME_EN END
		          FROM ZZT_TCM_CODE WITH(NOLOCK) WHERE CODE_GROUP = 'SVRGROUP' AND CODE = A.SERVICE_LAYER) AS SERVICE_LAYER_NAME,
		       (SELECT CASE WHEN #lang# = 'ko' THEN CODE_NAME_KO ELSE CODE_NAME_EN END
		          FROM ZZT_TCM_CODE WITH(NOLOCK) WHERE CODE_GROUP = 'SVCMODL' AND CODE = B.SERVICE_GROUP) AS SERVICE_GROUP_NAME,
		       (SELECT CASE WHEN #lang# = 'ko' THEN CODE_NAME_KO ELSE CODE_NAME_EN END
		          FROM ZZT_TCM_CODE WITH(NOLOCK) WHERE CODE_GROUP = 'STSTYPE' AND CODE = CAST(A.LAST_STATUS AS CHAR)) AS LAST_STATUS
		  FROM (
				SELECT T.*
				  FROM (
						SELECT t1.*
						  FROM (
								SELECT ROW_NUMBER() OVER(ORDER BY T2.LAST_END_DATE_TIME DESC) AS RNUM,
									   T1.SERVICE_CODE, T1.SERVICE_LAYER, T1.SUCCESS_CNT, T1.ERROR_CNT, T1.WARNING_CNT, T1.CLOSE_CNT,
									   T2.LAST_START_DATE_TIME, T2.LAST_END_DATE_TIME, T2.ELAPS_TIME, T2.AVG_ELAPS_TIME, T2.LAST_STATUS
								  FROM (
										SELECT A.SERVICE_CODE,
											   A.SERVICE_LAYER,
											   SUM(ISNULL(A.SUCCESS_CNT, 0)) SUCCESS_CNT,
											   SUM(ISNULL(A.ERROR_CNT,0)) ERROR_CNT,
											   SUM(ISNULL(A.WARNING_CNT,0)) WARNING_CNT,
											   SUM(ISNULL(A.CLOSE_CNT,0)) CLOSE_CNT
										FROM ZZT_LOG_SUMMARY A WITH(NOLOCK) INNER JOIN ZZT_SERVICE_MASTER B WITH(NOLOCK)
																  ON B.SERVICE_CODE = A.SERVICE_CODE
										<dynamic prepend="WHERE">
											<isNotEmpty prepend="AND" property="startDate">
												A.EVENT_DATE <![CDATA[>=]]> #startDate# 
											</isNotEmpty>	
											<isNotEmpty prepend="AND" property="endDate">
												A.EVENT_DATE <![CDATA[<=]]> #endDate#
											</isNotEmpty>
											<isNotEmpty prepend="AND" property="serviceLayer">
												A.SERVICE_LAYER = #serviceLayer#
											</isNotEmpty>
											<isNotEmpty prepend="AND" property="instanceId">
												A.INSTANCE_ID = #instanceId#
											</isNotEmpty>
											<isNotEmpty prepend="AND" property="serviceUserId">
												A.SERVICE_CODE IN (SELECT SERVICE_CODE FROM ZZT_SERVICE_USER_RELATION WITH(NOLOCK) WHERE USER_ID = #serviceUserId#)
											</isNotEmpty>
											<isPropertyAvailable property="resultType">
												<isNotEmpty prepend="AND" property="resultType">
													<isEqual property="resultType" compareValue="0">
														A.SUCCESS_CNT <![CDATA[>]]> 0
													</isEqual>
													<isEqual property="resultType" compareValue="1">
														A.ERROR_CNT <![CDATA[>]]> 0
													</isEqual>
													<isEqual property="resultType" compareValue="2">
														A.WARNING_CNT <![CDATA[>]]> 0
													</isEqual>
													<isEqual property="resultType" compareValue="3">
														A.CLOSE_CNT <![CDATA[>]]> 0
													</isEqual>
												</isNotEmpty>
											</isPropertyAvailable>
											<isNotEmpty prepend="AND" property="sourceSystem">
												A.SERVICE_CODE IN (SELECT SERVICE_CODE FROM ZZT_SUB_SERVICE_MASTER WITH(NOLOCK) WHERE DIRECTION_CODE = 'S' AND PHYSICAL_CODE = #sourceSystem#)
											</isNotEmpty>
											<isNotEmpty prepend="AND" property="targetSystem">
												A.SERVICE_CODE IN (SELECT SERVICE_CODE FROM ZZT_SUB_SERVICE_MASTER WITH(NOLOCK) WHERE DIRECTION_CODE = 'T' AND PHYSICAL_CODE = #targetSystem#)
											</isNotEmpty>
											<isNotEmpty prepend="AND" property="interfaceId">
												UPPER(B.INTERFACE_ID) LIKE '%' + UPPER(#interfaceId#) + '%'
											</isNotEmpty>
											<isNotEmpty prepend="AND" property="serviceGroup">
												B.SERVICE_GROUP = #serviceGroup#
											</isNotEmpty>
											<isNotEmpty prepend="AND" property="serviceNote">
												UPPER(B.SERVICE_NOTE) LIKE '%' + UPPER(#serviceNote#) + '%'
											</isNotEmpty>
											<isNotEmpty prepend="AND" property="description">
												UPPER(B.SERVICE_DESCRIPTION) LIKE '%' + UPPER(#description#) + '%'
											</isNotEmpty>
											<isNotEmpty prepend="AND" property="startHour">
												A.SERVICE_CODE IN (
																   SELECT DISTINCT SERVICE_CODE
																	 FROM ZZT_LOG_HEADER WITH(NOLOCK)
																	WHERE EVENT_DATE <![CDATA[>=]]> #startDate#
																	  AND EVENT_DATE <![CDATA[<=]]> #endDate#
																	  AND END_DATE_TIME <![CDATA[>=]]> #startDate# + #startHour# + '0000.000'
																	  AND END_DATE_TIME <![CDATA[<=]]> #endDate# + #endHour# + '5959.999'
																	  AND SERVICE_CODE IS NOT NULL
																	<isNotEmpty prepend="AND" property="serviceUserId">
																		SERVICE_CODE IN (SELECT SERVICE_CODE FROM ZZT_SERVICE_USER_RELATION WITH(NOLOCK) WHERE USER_ID = #serviceUserId#)
																	</isNotEmpty>
																	<isNotEmpty prepend="AND" property="sourceSystem">
																		SERVICE_CODE IN (SELECT SERVICE_CODE FROM ZZT_SUB_SERVICE_MASTER WITH(NOLOCK) WHERE DIRECTION_CODE = 'S' AND PHYSICAL_CODE = #sourceSystem#)
																	</isNotEmpty>
																	<isNotEmpty prepend="AND" property="targetSystem">
																		SERVICE_CODE IN (SELECT SERVICE_CODE FROM ZZT_SUB_SERVICE_MASTER WITH(NOLOCK) WHERE DIRECTION_CODE = 'T' AND PHYSICAL_CODE = #targetSystem#)
																	</isNotEmpty>
																	<isNotEmpty prepend="AND" property="serviceLayer">
																		SERVICE_LAYER = #serviceLayer#
																	</isNotEmpty>
																	<isNotEmpty prepend="AND" property="instanceId">
																		INSTANCE_ID = #instanceId#
																	</isNotEmpty>
																	<isNotEmpty prepend="AND" property="resultType">
																		STATUS = $resultType$
																	</isNotEmpty>
																   )
											</isNotEmpty>
										 </dynamic>
										GROUP BY A.SERVICE_CODE, A.SERVICE_LAYER
										) T1 INNER JOIN (
														SELECT A.SERVICE_CODE, A.SERVICE_LAYER, A.LAST_START_DATE_TIME, A.LAST_END_DATE_TIME, 
															   A.LAST_STATUS, A.ELAPS_TIME, A.AVG_ELAPS_TIME
														  FROM ZZT_LOG_SNAPSHOT A WITH(NOLOCK), (
																							   SELECT SERVICE_CODE, SERVICE_LAYER,
																									  MAX(LAST_END_DATE_TIME) LAST_END_DATE_TIME
																								 FROM ZZT_LOG_SNAPSHOT WITH(NOLOCK)
																								GROUP BY SERVICE_CODE, SERVICE_LAYER
																							   ) B
														 WHERE A.SERVICE_CODE = B.SERVICE_CODE
														   AND A.SERVICE_LAYER = B.SERVICE_LAYER
														   AND A.LAST_END_DATE_TIME = B.LAST_END_DATE_TIME
														) T2
												ON T1.SERVICE_CODE = T2.SERVICE_CODE
											   AND T1.SERVICE_LAYER = T2.SERVICE_LAYER
								) t1
						) T
			 ) A LEFT OUTER JOIN ZZT_SERVICE_MASTER B WITH(NOLOCK)
			       ON A.SERVICE_CODE = B.SERVICE_CODE
		  ORDER BY A.LAST_END_DATE_TIME DESC 
	</select>
	
</sqlMap>