<?xml version="1.0" encoding="UTF-8" ?>
<!DOCTYPE sqlMap PUBLIC "-//ibatis.apache.org//DTD SQL Map 2.0//EN"
"http://ibatis.apache.org/dtd/sql-map-2.dtd">

<sqlMap namespace="com.nsc.common.entity.Sys">
	<typeAlias alias="sys" type="com.nsc.common.entity.Sys"/>
	<typeAlias alias="partition" type="com.nsc.common.entity.PartitionTable"/>
	
	<resultMap id="sysResult" class="sys">
		<result property="sysId" column="SYS_ID"/>
		<result property="sysName" column="SYS_NAME"/>
		<result property="sysEmail" column="SYS_EMAIL"/>
		<result property="sysPhoneNo" column="SYS_PHONENO"/>
		<result property="smtpUseYn" column="SMTP_USE_YN"/>
		<result property="smtpHost" column="SMTP_HOST"/>
		<result property="smtpPort" column="SMTP_PORT"/>
		<result property="smtpAuthYn" column="SMTP_AUTH_YN"/>
		<result property="smtpTlsYn" column="SMTP_TLS_YN"/>
		<result property="smtpUserId" column="SMTP_USER_ID"/>
		<result property="smtpPwd" column="SMTP_PWD"/>
		<result property="partitionCnt" column="LOG_PARTITION_CNT"/>
		<result property="userdataSysYn" column="USERDATA_SYS_YN"/>
		<result property="userdataPeriodCnt" column="USERDATA_PERIOD_CNT"/>
	</resultMap>
	
	<resultMap id="partitionResult" class="partition">
		<result property="tableName" column="TABLE_NAME"/>
		<result property="tableRows" column="TABLE_ROWS"/>
	</resultMap>
	
	<select id="selectSysId" resultMap="sysResult">
		SELECT SYS_ID, SYS_NAME, SYS_EMAIL, SYS_PHONENO, SMTP_USE_YN, SMTP_HOST, SMTP_PORT, SMTP_AUTH_YN, SMTP_TLS_YN, SMTP_USER_ID, SMTP_PWD,
		       LOG_PARTITION_CNT, USERDATA_SYS_YN, USERDATA_PERIOD_CNT
		 FROM ZZT_SYS WITH(NOLOCK)
		 WHERE SYS_ID = #sysId#
	</select>
	
	<update id="updateSystemInfo" parameterClass="sys">
		UPDATE ZZT_SYS
		   SET SYS_EMAIL = CASE WHEN #sysEmail# = '' THEN NULL ELSE #sysEmail# END,
		       SYS_PHONENO = CASE WHEN #sysPhoneNo# = '' THEN NULL ELSE #sysPhoneNo# END,
		       SMTP_USE_YN = CASE WHEN #smtpUseYn# = '' THEN NULL ELSE #smtpUseYn# END,
		       SMTP_HOST = CASE WHEN #smtpHost# = '' THEN NULL ELSE #smtpHost# END,
		       SMTP_PORT = CASE WHEN #smtpPort# = '' THEN NULL ELSE #smtpPort# END,
		       SMTP_AUTH_YN = CASE WHEN #smtpAuthYn# = '' THEN NULL ELSE #smtpAuthYn# END,
		       SMTP_TLS_YN = CASE WHEN #smtpTlsYn# = '' THEN NULL ELSE #smtpTlsYn# END,
		       SMTP_USER_ID = CASE WHEN #smtpUserId# = '' THEN NULL ELSE #smtpUserId# END,
		       SMTP_PWD = CASE WHEN #smtpPwd# = '' THEN NULL ELSE #smtpPwd# END,
		       LOG_PARTITION_CNT = CASE WHEN #partitionCnt# = '' THEN NULL ELSE #partitionCnt# END,
		       USERDATA_SYS_YN = CASE WHEN #userdataSysYn# = '' THEN NULL ELSE #userdataSysYn# END,
		       USERDATA_PERIOD_CNT = CASE WHEN #userdataPeriodCnt# = '' THEN NULL ELSE #userdataPeriodCnt# END,
		       LAST_MODR_ID = #lastModrId#,
		       LAST_MOD_DATETIME = GETDATE()
		 WHERE SYS_ID = #sysId#
	</update>
	
	<select id="selectPartitionTable" resultMap="partitionResult">
		  SELECT ta.name TABLE_NAME ,SUM(pa.rows) TABLE_ROWS
			FROM sys.tables ta INNER JOIN sys.partitions pa
			                      ON pa.OBJECT_ID = ta.OBJECT_ID
			                   INNER JOIN sys.schemas sc
			                      ON ta.schema_id = sc.schema_id
			WHERE ta.is_ms_shipped = 0 
			AND pa.index_id IN (1,0)
			AND ta.name IN ('ZZT_LOG_SUMMARY', 'ZZT_LOG_HEADER', 'ZZT_LOG_DETAIL', 
			         'ZZT_LOG_ELAPS_AVG', 'ZZT_LOG_SUM_TIME', 'ZZT_LOG_SUM_DAILY', 'ZZT_LOG_MODULE_SUM')
			GROUP BY sc.name,ta.name
	</select>
	
	<select id="selectMinSummaryDate" resultClass="String">
		SELECT MIN(EVENT_DATE) FROM ZZT_LOG_SUMMARY WITH(NOLOCK)
	</select>
	
	<select id="selectMinEventDate" resultClass="String">
		SELECT MIN(EVENT_DATE) FROM ZZT_LOG_HEADER WITH(NOLOCK)
	</select>
	
	<parameterMap id="removeDate" class="java.util.Map">
		<parameter property="removeDate" javaType="java.lang.String" jdbcType="VARCHAR" mode="IN" />
	</parameterMap>
	
	<update id="excuteDeleteSummary" parameterMap="removeDate" timeout="3600">
		{ call ZZP_REMOVE_SUMMARY(?) }
	</update>
	
	<update id="excuteDeletePartition" parameterMap="removeDate" timeout="4800">
		{ call ZZP_REMOVE_PARTITION(?) }
	</update>
	
</sqlMap>