<?xml version="1.0" encoding="UTF-8" ?>
<!DOCTYPE sqlMap PUBLIC "-//ibatis.apache.org//DTD SQL Map 2.0//EN"
"http://ibatis.apache.org/dtd/sql-map-2.dtd">

<sqlMap namespace="com.nsc.identity.entity.User">

	<!-- Use type aliases to avoid typing the full classname every time. -->
	<typeAlias alias="user" type="com.nsc.identity.entity.User"/>
	
	<resultMap id="userResult" extends="com.nsc.common.markedObjectResult" class="user">
		<result property="userId" column="USER_ID"/>
		<result property="password" column="PASSWORD"/>
		<result property="activeFlag" column="ACTIVE_FLAG"/>
		<result property="userName" column="USER_NAME" />
		<result property="email" column="EMAIL_ADDRESS" />
		<result property="emailNotice" column="EMAIL_NOTICE" />
		<result property="smsNotice" column="SMS_NOTICE" />
		<result property="dbUsedEmail" column="DB_USED_EMAIL" />
		<result property="empNo" column="EMP_NO" />
		<result property="grdName" column="GRD_NAME" />
		<result property="deptName" column="DEPT_NAME" />
		<result property="mobile" column="MOBILE_TEL_NO" />
		<result property="compTel" column="COMP_TEL_NO" />
		<result property="language" column="LANGUAGE_CODE" />
		<result property="userType" column="USER_TYPE" />
		<result property="dashboardType" column="DASHBOARD_TYPE" />
		<result property="timeZone" column="TIME_ZONE_CODE" />
		<result property="recentLoginIp" column="RECENT_LOGIN_IP"/>
		<result property="recentLoginDatetime" column="RECENT_LOGIN_DATETIME" jdbcType="TIMESTAMP"/>
		<result property="lastLoginAddr" column="LAST_LOGIN_IP" />
		<result property="lastLoginDate" column="LAST_LOGIN_DATETIME" jdbcType="TIMESTAMP"/>
		<result property="lastLogoutDate" column="LAST_LOGOUT_DATETIME" jdbcType="TIMESTAMP"/>
		<result property="firstRegDatetime" column="FIRST_REG_DATETIME" jdbcType="TIMESTAMP"/>
		<result property="firstRegrId" column="FIRST_REGR_ID" />
	</resultMap>
	
	<resultMap id="userListResult" class="user">
		<result property="userId" column="USER_ID"/>
		<result property="activeFlag" column="ACTIVE_FLAG"/>
		<result property="userName" column="USER_NAME" />
		<result property="email" column="EMAIL_ADDRESS" />
		<result property="emailNotice" column="EMAIL_NOTICE" />
		<result property="smsNotice" column="SMS_NOTICE" />
		<result property="dbUsedEmail" column="DB_USED_EMAIL" />
		<result property="empNo" column="EMP_NO" />
		<result property="grdName" column="GRD_NAME" />
		<result property="deptName" column="DEPT_NAME" />
		<result property="mobile" column="MOBILE_TEL_NO" />
		<result property="compTel" column="COMP_TEL_NO" />
		<result property="language" column="LANGUAGE_CODE" />
		<result property="userType" column="USER_TYPE" />
		<result property="dashboardType" column="DASHBOARD_TYPE" />
	</resultMap>
	
	<select id="selectUser" resultMap="userResult">
		SELECT USER_ID, PASSWORD, ACTIVE_FLAG, USER_NAME, EMAIL_ADDRESS, EMAIL_NOTICE, SMS_NOTICE, 
			DB_USED_EMAIL, EMP_NO, GRD_NAME, DEPT_NAME, MOBILE_TEL_NO, COMP_TEL_NO,
			LANGUAGE_CODE, USER_TYPE, DASHBOARD_TYPE, TIME_ZONE_CODE,
			RECENT_LOGIN_IP, RECENT_LOGIN_DATETIME, LAST_LOGIN_IP, LAST_LOGIN_DATETIME, LAST_LOGOUT_DATETIME,
			FIRST_REGR_ID, FIRST_REG_DATETIME, LAST_MOD_DATETIME, LAST_MODR_ID
		  FROM ZZT_USER WITH(NOLOCK)
		<dynamic prepend="WHERE">
			<isPropertyAvailable property="userId">
				<isNotEmpty prepend="AND" property="userId">
					USER_ID = #userId#
				</isNotEmpty>
			</isPropertyAvailable>
			<isPropertyAvailable property="userName">
				<isNotEmpty prepend="AND" property="userName">
					USER_NAME LIKE '%' + #userName# + '%'
				</isNotEmpty>
			</isPropertyAvailable>
			<isPropertyAvailable property="deptName">
				<isNotEmpty prepend="AND" property="deptName">
					DEPT_NAME LIKE '%' + #deptName# + '%'
				</isNotEmpty>
			</isPropertyAvailable>
			<isPropertyAvailable property="activeFlag">
				<isNotEmpty prepend="AND" property="activeFlag">
					ACTIVE_FLAG = #activeFlag#
				</isNotEmpty>
			</isPropertyAvailable>
			<isPropertyAvailable property="userType">
				<isNotEmpty prepend="AND" property="userType">
					USER_TYPE IS NULL
				</isNotEmpty>
			</isPropertyAvailable>
			<isPropertyAvailable property="passWord">
				<isNotEmpty prepend="AND" property="passWord">
					PASSWORD = #passWord#
				</isNotEmpty>
			</isPropertyAvailable>
			ORDER BY USER_NAME
		</dynamic>
	</select>
	
	<select id="countUser" resultClass="int">
		SELECT COUNT(1) AS TOTAL
		  FROM ZZT_USER WITH(NOLOCK)
		<dynamic prepend="WHERE">
			<isPropertyAvailable property="userId">
				<isNotNull prepend="AND" property="userId">
					USER_ID = #userId#
				</isNotNull>
			</isPropertyAvailable>
			<isPropertyAvailable property="userName">
				<isNotNull prepend="AND" property="userName">
					USER_NAME LIKE '%' + #userName# + '%'
				</isNotNull>
			</isPropertyAvailable>
			<isPropertyAvailable property="deptName">
				<isNotNull prepend="AND" property="deptName">
					DEPT_NAME LIKE '%' + #deptName# + '%'
				</isNotNull>
			</isPropertyAvailable>
			<isPropertyAvailable property="activeFlag">
				<isNotNull prepend="AND" property="activeFlag">
					ACTIVE_FLAG = #activeFlag#
				</isNotNull>
			</isPropertyAvailable>
			<isPropertyAvailable property="userType">
				<isNotNull prepend="AND" property="userType">
					USER_TYPE <![CDATA[<>]]> #userType#
				</isNotNull>
			</isPropertyAvailable>
			<isPropertyAvailable property="passWord">
				<isNotNull prepend="AND" property="passWord">
					PASSWORD = #passWord#
				</isNotNull>
			</isPropertyAvailable>
			ORDER BY USER_NAME
		</dynamic>
	</select>
	
	<insert id="insertUser"  parameterClass="user" >
		INSERT INTO ZZT_USER (USER_ID, PASSWORD, ACTIVE_FLAG, USER_NAME, EMAIL_ADDRESS, EMAIL_NOTICE, SMS_NOTICE, 
			DB_USED_EMAIL, EMP_NO, GRD_NAME, DEPT_NAME, MOBILE_TEL_NO, COMP_TEL_NO, LANGUAGE_CODE, USER_TYPE, TIME_ZONE_CODE,
			FIRST_REGR_ID, FIRST_REG_DATETIME)
		VALUES (#userId#, #password#, #activeFlag#, #userName#, 
				CASE WHEN #email# = '' THEN NULL ELSE #email# END,
				CASE WHEN #emailNotice# = '' THEN NULL ELSE #emailNotice# END,
				CASE WHEN #smsNotice# = '' THEN NULL ELSE #smsNotice# END,
				CASE WHEN #dbUsedEmail# = '' THEN NULL ELSE #dbUsedEmail# END,
				CASE WHEN #empNo# = '' THEN NULL ELSE #empNo# END,
				CASE WHEN #grdName# = '' THEN NULL ELSE #grdName# END,
				CASE WHEN #deptName# = '' THEN NULL ELSE #deptName# END,
				CASE WHEN #mobile# = '' THEN NULL ELSE #mobile# END,
				CASE WHEN #compTel# = '' THEN NULL ELSE #compTel# END,
				CASE WHEN #language# = '' THEN NULL ELSE #language# END,
				CASE WHEN #userType# = '' THEN NULL ELSE #userType# END,
				CASE WHEN #timeZone# = '' THEN NULL ELSE #timeZone# END,
				#firstRegrId#, GETDATE())
	</insert>
	
	<update id="updateUser" parameterClass="user" >
		UPDATE ZZT_USER
		   SET ACTIVE_FLAG 			= #activeFlag#,
			<isNotNull property="password">
				PASSWORD 			= #password#,
			</isNotNull>
			USER_NAME 				= #userName#,
			EMAIL_ADDRESS 			= CASE WHEN #email# = '' THEN NULL ELSE #email# END,
			EMAIL_NOTICE 			= CASE WHEN #emailNotice# = '' THEN NULL ELSE #emailNotice# END,
			SMS_NOTICE 				= CASE WHEN #smsNotice# = '' THEN NULL ELSE #smsNotice# END,
			DB_USED_EMAIL           = CASE WHEN #dbUsedEmail# = '' THEN NULL ELSE #dbUsedEmail# END,
			EMP_NO					= CASE WHEN #empNo# = '' THEN NULL ELSE #empNo# END,
			GRD_NAME				= CASE WHEN #grdName# = '' THEN NULL ELSE #grdName# END,
			DEPT_NAME				= CASE WHEN #deptName# = '' THEN NULL ELSE #deptName# END,
			MOBILE_TEL_NO			= CASE WHEN #mobile# = '' THEN NULL ELSE #mobile# END,
			COMP_TEL_NO				= CASE WHEN #compTel# = '' THEN NULL ELSE #compTel# END,
			LANGUAGE_CODE			= CASE WHEN #language# = '' THEN NULL ELSE #language# END,
			LAST_MODR_ID			= #lastModrId#,
			LAST_MOD_DATETIME		= GETDATE()
		WHERE USER_ID = #userId#
	</update>
	
	<update id="updateUserMyValue">
		UPDATE ZZT_USER
		   SET
			<isNotNull property="newPass">
				PASSWORD 			= #newPass#,
			</isNotNull>
			USER_NAME 				= #userName#,
			EMAIL_ADDRESS 			= CASE WHEN #email# = '' THEN NULL ELSE #email# END,
			EMAIL_NOTICE 			= CASE WHEN #emailNotice# = '' THEN NULL ELSE #emailNotice# END,
			SMS_NOTICE 				= CASE WHEN #smsNotice# = '' THEN NULL ELSE #smsNotice# END,
			EMP_NO					= CASE WHEN #empNo# = '' THEN NULL ELSE #empNo# END,
			GRD_NAME				= CASE WHEN #grdName# = '' THEN NULL ELSE #grdName# END,
			DEPT_NAME				= CASE WHEN #deptName# = '' THEN NULL ELSE #deptName# END,
			MOBILE_TEL_NO			= CASE WHEN #mobile# = '' THEN NULL ELSE #mobile# END,
			COMP_TEL_NO				= CASE WHEN #compTel# = '' THEN NULL ELSE #compTel# END,
			LANGUAGE_CODE			= CASE WHEN #language# = '' THEN NULL ELSE #language# END,
			LAST_MODR_ID			= #lastModrId#,
			LAST_MOD_DATETIME		= GETDATE()
		WHERE USER_ID = #userId#
		<isNotNull prepend="AND" property="password">
			PASSWORD 				= #password#
		</isNotNull>
	</update>
	
	<delete id="deleteUser"  >
		DELETE FROM ZZT_USER
		<dynamic prepend="WHERE">
			<isPropertyAvailable property="userId">
				<isNotNull prepend="AND" property="userId">
					USER_ID = #userId#
				</isNotNull>
			</isPropertyAvailable>
		</dynamic>
	</delete>
	
  	<select id="selectListUser"  resultMap="userResult">
  	SELECT USER_ID, PASSWORD, ACTIVE_FLAG, USER_NAME, EMAIL_ADDRESS, EMAIL_NOTICE, SMS_NOTICE, 
		   DB_USED_EMAIL, EMP_NO, GRD_NAME, DEPT_NAME, MOBILE_TEL_NO, COMP_TEL_NO,
		   LANGUAGE_CODE, USER_TYPE, DASHBOARD_TYPE, TIME_ZONE_CODE,
		   RECENT_LOGIN_IP, RECENT_LOGIN_DATETIME, LAST_LOGIN_IP, LAST_LOGIN_DATETIME, LAST_LOGOUT_DATETIME,
		   FIRST_REGR_ID, FIRST_REG_DATETIME, LAST_MOD_DATETIME, LAST_MODR_ID
  	  FROM (
	  		SELECT t1.*
	  		  FROM (
					SELECT  ROW_NUMBER() OVER(ORDER BY USER_NAME) AS RNUM,
					        USER_ID, PASSWORD, ACTIVE_FLAG, USER_NAME, EMAIL_ADDRESS, EMAIL_NOTICE, SMS_NOTICE, 
							DB_USED_EMAIL, EMP_NO, GRD_NAME, DEPT_NAME, MOBILE_TEL_NO, COMP_TEL_NO,
							LANGUAGE_CODE, USER_TYPE, DASHBOARD_TYPE, TIME_ZONE_CODE,
							RECENT_LOGIN_IP, RECENT_LOGIN_DATETIME, LAST_LOGIN_IP, LAST_LOGIN_DATETIME, LAST_LOGOUT_DATETIME,
							FIRST_REGR_ID, FIRST_REG_DATETIME, LAST_MOD_DATETIME, LAST_MODR_ID
					  FROM ZZT_USER WITH(NOLOCK)
					 WHERE USER_ID NOT IN ('SYSTEM_USER', 'BATCH_USER', 'Northstar')
					<isNotNull prepend="AND" property="userId">
						USER_ID = #userId#
					</isNotNull>
					<isNotNull prepend="AND" property="userName">
						USER_NAME LIKE '%' + #userName# + '%'
					</isNotNull>
					<isNotNull prepend="AND" property="deptName">
						DEPT_NAME LIKE '%' + #deptName# + '%'
					</isNotNull>
					<isNotNull prepend="AND" property="activeFlag">
						ACTIVE_FLAG = #activeFlag#
					</isNotNull>
					<isPropertyAvailable property="passWord">
						<isNotNull prepend="AND" property="passWord">
							PASSWORD = #passWord#
						</isNotNull>
					</isPropertyAvailable>
				) t1
			WHERE t1.RNUM <![CDATA[<=]]> ($pageSize$*$pageIndex$)
			) T
	 WHERE RNUM <![CDATA[>]]> ($pageSize$*$pageIndex$) - $pageSize$
	 ORDER BY USER_NAME
	</select>
	
	<select id="countListUser" resultClass="int">
		SELECT  COUNT(1) AS TOTAL
		  FROM ZZT_USER WITH(NOLOCK)
		 WHERE USER_ID NOT IN ('SYSTEM_USER', 'BATCH_USER', 'Northstar')
		<isNotNull prepend="AND" property="userId">
			USER_ID = #userId#
		</isNotNull>
		<isNotNull prepend="AND" property="userName">
			USER_NAME LIKE '%' + #userName# + '%'
		</isNotNull>
		<isNotNull prepend="AND" property="deptName">
			DEPT_NAME LIKE '%' + #deptName# + '%'
		</isNotNull>
		<isNotNull prepend="AND" property="activeFlag">
			ACTIVE_FLAG = #activeFlag#
		</isNotNull>
		<isPropertyAvailable property="passWord">
			<isNotNull prepend="AND" property="passWord">
				PASSWORD = #passWord#
			</isNotNull>
		</isPropertyAvailable>
	</select>
	
	<select id="checkUserId" resultClass="int">
	   SELECT COUNT(1) AS TOTAL
		 FROM ZZT_USER WITH(NOLOCK)
		WHERE USER_ID  = #userId#
	</select>
	
	<select id="checkUserIdAndPassWord" resultClass="int">
	   SELECT COUNT(1) AS TOTAL
		 FROM ZZT_USER WITH(NOLOCK)
		WHERE USER_ID = #userId# 
		  AND PASSWORD = #password#
	</select>
	
	<select id="selectExistsEmailCheck" resultClass="int">
	   SELECT COUNT(1) AS TOTAL
		 FROM ZZT_USER WITH(NOLOCK)
		WHERE EMAIL_ADDRESS = #email#
		  AND USER_ID NOT IN (#userId#)
	</select>
	
	<select id="selectExistsMobileCheck" resultClass="int">
	   SELECT COUNT(1) AS TOTAL
		 FROM ZZT_USER WITH(NOLOCK)
		WHERE MOBILE_TEL_NO = #mobile#
		  AND USER_ID NOT IN (#userId#)
	</select>
	
	<select id="selectUserDashboardType" resultClass="String">
		SELECT DASHBOARD_TYPE
		  FROM ZZT_USER WITH(NOLOCK)
		 WHERE USER_ID = #userId#
	</select>
	
	<update id="updateUserDashboardType">
		UPDATE ZZT_USER
		   SET DASHBOARD_TYPE = #dashType#
		 WHERE USER_ID = #userId#
	</update>

	<!-- REQ-190004 : 사용자관리 검색 사용자명, 아이디 모두 like 로처리 -->		
	<select id="selectUserSearchList" resultMap="userListResult">
	SELECT USER_ID, ACTIVE_FLAG, USER_NAME, EMAIL_ADDRESS, EMAIL_NOTICE, SMS_NOTICE, 
		   DB_USED_EMAIL, EMP_NO, GRD_NAME, DEPT_NAME, MOBILE_TEL_NO, COMP_TEL_NO,
		   LANGUAGE_CODE, USER_TYPE, DASHBOARD_TYPE
	  FROM (
			SELECT t1.*
			  FROM (
					SELECT  ROW_NUMBER() OVER(ORDER BY USER_NAME) AS RNUM,
					        USER_ID, ACTIVE_FLAG, USER_NAME, EMAIL_ADDRESS, EMAIL_NOTICE, SMS_NOTICE, 
							DB_USED_EMAIL, EMP_NO, GRD_NAME, DEPT_NAME, MOBILE_TEL_NO, COMP_TEL_NO,
							LANGUAGE_CODE, USER_TYPE, DASHBOARD_TYPE
					  FROM ZZT_USER WITH(NOLOCK)
					 WHERE USER_ID NOT IN ('SYSTEM_USER', 'BATCH_USER', 'Northstar')
					<isNotNull prepend="AND" property="userId">
						UPPER(USER_ID) LIKE '%' +  UPPER(#userId#) + '%'
					</isNotNull>
					<isNotNull prepend="AND" property="userName">
						USER_NAME LIKE '%' + #userName# + '%'
					</isNotNull>
					<isNotNull prepend="AND" property="deptName">
						DEPT_NAME LIKE '%' + #deptName# + '%'
					</isNotNull>
					<isNotNull prepend="AND" property="activeFlag">
						ACTIVE_FLAG = #activeFlag#
					</isNotNull>
				  ) t1
			WHERE t1.RNUM <![CDATA[<=]]> ($pageSize$*$pageIndex$)
			) T
	 WHERE RNUM <![CDATA[>]]> ($pageSize$*$pageIndex$) - $pageSize$
	 ORDER BY USER_NAME
	</select>
	
	<!-- REQ-190004 : 사용자관리 검색 사용자명, 아이디 모두 like 로처리 -->
	<select id="countUserSearchList" resultClass="int">
		SELECT  COUNT(1) AS TOTAL
		  FROM ZZT_USER WITH(NOLOCK)
		 WHERE USER_ID NOT IN ('SYSTEM_USER', 'BATCH_USER', 'Northstar')
		<isNotNull prepend="AND" property="userId">
			UPPER(USER_ID) LIKE '%' +  UPPER(#userId#) + '%'
		</isNotNull>
		<isNotNull prepend="AND" property="userName">
			USER_NAME LIKE '%' + #userName# + '%'
		</isNotNull>
		<isNotNull prepend="AND" property="deptName">
			DEPT_NAME LIKE '%' + #deptName# + '%'
		</isNotNull>
		<isNotNull prepend="AND" property="activeFlag">
			ACTIVE_FLAG = #activeFlag#
		</isNotNull>
	</select>
	
	<select id="selectUserSearchPopup" resultMap="userListResult">
		SELECT  USER_ID, ACTIVE_FLAG, USER_NAME, EMAIL_ADDRESS, EMAIL_NOTICE, SMS_NOTICE, 
				DB_USED_EMAIL, EMP_NO, GRD_NAME, DEPT_NAME, MOBILE_TEL_NO, COMP_TEL_NO,
				LANGUAGE_CODE, USER_TYPE, DASHBOARD_TYPE
		  FROM ZZT_USER WITH(NOLOCK)
		 WHERE USER_ID NOT IN ('SYSTEM_USER', 'BATCH_USER', 'Northstar')
		<isNotNull prepend="AND" property="userId">
			UPPER(USER_ID) LIKE '%' +  UPPER(#userId#) + '%'
		</isNotNull>
		<isNotNull prepend="AND" property="userName">
			USER_NAME LIKE '%' + #userName# + '%'
		</isNotNull>
		<isNotNull prepend="AND" property="deptName">
			DEPT_NAME LIKE '%' + #deptName# + '%'
		</isNotNull>
		<isNotNull prepend="AND" property="activeFlag">
			ACTIVE_FLAG = #activeFlag#
		</isNotNull>
	 	ORDER BY USER_NAME
	</select>
	
	<!-- REQ-190019 -->
	<update id="updateLoginDt" parameterClass="map">
		UPDATE ZZT_USER
		  SET LAST_LOGIN_DATETIME = GETDATE()
		WHERE USER_ID = #userId#
	</update>
	
		<update id="updateLogoutDt" parameterClass="map">
		UPDATE ZZT_USER
		  SET LAST_LOGOUT_DATETIME = GETDATE()
		WHERE USER_ID = #userId#
	</update>
	
	<delete id="deleteUserRelation" parameterClass="user" >
		DELETE FROM ZZT_SERVICE_USER_RELATION
		WHERE USER_ID = #userId#
	</delete>
	
	<delete id="deleteUserRoleData" parameterClass="user" >
		DELETE FROM ZZT_USER_ROLE
		WHERE USER_ID = #userId#
	</delete>
	
	<delete id="deleteUserData" parameterClass="user" >
		DELETE FROM ZZT_USER
		WHERE USER_ID = #userId#
	</delete>
</sqlMap>