<?xml version="1.0" encoding="UTF-8" ?>
<!DOCTYPE sqlMap PUBLIC "-//ibatis.apache.org//DTD SQL Map 2.0//EN"
"http://ibatis.apache.org/dtd/sql-map-2.dtd">

<sqlMap namespace="com.nsc.auth.workGroup.entity">
	
	<cacheModel id="workGroup-cache" type="LRU">
	<flushInterval hours="12" />
	<flushOnExecute statement="insertWorkGroup"/>
	<flushOnExecute statement="updateWorkGroup"/>
	<flushOnExecute statement="insertWorkGroup"/>
	<flushOnExecute statement="updateWorkGroup"/>
	<flushOnExecute statement="deleteWorkGroup"/>
	<flushOnExecute statement="insertWorkGroupMenu"/>
	<flushOnExecute statement="updateWorkGroupMenu"/>
	<flushOnExecute statement="deleteWorkGroupMenu"/>
	<flushOnExecute statement="insertWorkGroupRole"/>
	<flushOnExecute statement="updateWorkGroupRole"/>
	<flushOnExecute statement="deleteWorkGroupRole"/>
	<flushOnExecute statement="insertUser"/>
	<flushOnExecute statement="updateUser"/>
	<flushOnExecute statement="deleteUser"/>
	<property name="size" value="1024"/>
	</cacheModel>
	
	<!-- Use type aliases to avoid typing the full classname every time. -->
	<typeAlias alias="workGroup" type="com.nsc.auth.workGroup.entity.WorkGroup"/>
	<typeAlias alias="workGroupMenu" type="com.nsc.auth.workGroup.entity.WorkGroupMenu"/>
	<typeAlias alias="workGroupRole" type="com.nsc.auth.workGroup.entity.WorkGroupRole"/>
	
	<resultMap id="workGroupResult" extends="com.nsc.common.labelledObjectResult" class="workGroup">
		<result property="workGroupId" column="WORK_GROUP_ID"/>
		<result property="workGroupName" column="WORK_GROUP_NAME"/>
		<result property="description" column="DESCRIPTION"/>
		<result property="deleted" column="DELETE_YN"/>
		<result property="menus" column="{workGroupId=WORK_GROUP_ID}" select="selectWorkGroupMenu" />
		<result property="roles" column="{workGroupId=WORK_GROUP_ID}" select="selectWorkGroupRole" />
	</resultMap>
	
	<resultMap id="workGroupMenuResult" extends="com.nsc.common.markedObjectResult" class="workGroupMenu">
		<result property="workGroupId" column="WORK_GROUP_ID"/>
		<result property="menuId" column="MENU_ID"/>
		<result property="authorizationType" column="AUTHORIZATION_ID" />
		<result property="workGroup" column="workGroupId=WORK_GROUP_ID" select="selectWorkGroup"/>
		<result property="menu.menuId" column="MENU_ID"/>
		<result property="menu.koLabel" column="KO_LABEL"/>
		<result property="menu.enLabel" column="EN_LABEL"/>
		<result property="menu.label" column="LABEL"/>
		<result property="menu.description" column="DESCRIPTION"/>
		<result property="menu.menuSequence" column="MENU_SEQUENCE"/>
		<result property="menu.menuUrl" column="MENU_URL"/>
		<result property="menu.menuLevel" column="MENU_LEVEL"/>
		<result property="menu.upperSysResourceId" column="UPPER_SYS_RESOURCE_ID"/>
		<result property="menu.parent" column="{menuId=UPPER_SYS_RESOURCE_ID}" select="selectMenuInfo"/>
	</resultMap>
	
	<resultMap id="workGroupRoleResult" extends="com.nsc.common.markedObjectResult" class="workGroupRole">
		<result property="workGroupId" column="WORK_GROUP_ID"/>
		<result property="workGroupRoleId" column="USER_ROLE_ID"/>
		<result property="roleId" column="ROLE_ID"/>
		<result property="workGroup" column="workGroupId=WORK_GROUP_ID" select="selectWorkGroup"/>
		<result property="role" column="roleId=ROLE_ID" select="selectRole"/>
	</resultMap> 
	
	<sql id="tableWorkGroup">ZZT_WORK_GROUP</sql>
	<sql id="tableWorkGroupMenu">ZZT_WORK_AUTHORIZATION</sql>
	<sql id="tableWorkGroupRole">ZZT_WORK_GROUP_ROLE</sql>
	<sql id="columnsWorkGroup">
		WORK_GROUP_ID, WORK_GROUP_NAME, DESCRIPTION, KO_LABEL, EN_LABEL, LABEL, FIRST_REG_DATETIME, FIRST_REGR_ID, LAST_MOD_DATETIME, LAST_MODR_ID, DELETE_YN
	</sql> 
	<sql id="columnsWorkGroupMenu">
		WORK_GROUP_ID, SYS_RESOURCE_ID, AUTHORIZATION_ID, FIRST_REG_DATETIME, FIRST_REGR_ID, LAST_MOD_DATETIME, LAST_MODR_ID
	</sql> 
	<sql id="columnsWorkGroupRole">
		WORK_GROUP_ID, USER_ROLE_ID, ROLE_ID, FIRST_REGR_ID, FIRST_REG_DATETIME, LAST_MODR_ID, LAST_MOD_DATETIME 
	</sql>
	
	<sql id="conditionWorkGroup">
		<dynamic prepend="WHERE">
			<isNotNull prepend="AND" property="deleted">
				DELETE_YN = #deleted#
			</isNotNull>
			<isPropertyAvailable property="workGroupId">
				<isNotNull prepend="AND">
					WORK_GROUP_ID = #workGroupId#
				</isNotNull>
				<isNull prepend="AND">
					WORK_GROUP_ID IS NULL
				</isNull>
			</isPropertyAvailable>
			<isNotEmpty prepend="AND" property="workGroupName">
				WORK_GROUP_NAME LIKE '%'+#workGroupName#+'%'
			</isNotEmpty>
			<isNotEmpty prepend="AND" property="label">
				(KO_LABEL LIKE '%'+#label#+'%' OR EN_LABEL LIKE '%'+#label#+'%' OR LABEL LIKE '%'+#label#+'%')
			</isNotEmpty>	
			<isNotNull prepend="AND" property="workGroupIds">
				WORK_GROUP_ID IN
				<iterate open="(" close=")" conjunction = "," property="workGroupIds">
					 #workGroupIds[]#
				</iterate>
			</isNotNull>
		</dynamic>
	</sql>
	
	<sql id="conditionWorkGroupRole">
		<dynamic prepend="WHERE">
			<isPropertyAvailable property="workGroupId">
				<isNotNull prepend="AND">
					WORK_GROUP_ID = #workGroupId#
				</isNotNull>
				<isNull prepend="AND">
					WORK_GROUP_ID IS NULL
				</isNull>
			</isPropertyAvailable>
			<isNotEmpty prepend="AND" property="workGroupRoleId">
				USER_ROLE_ID = #workGroupRoleId#
			</isNotEmpty>
			<isNotNull prepend="AND" property="workGroupIds">
				WORK_GROUP_ID IN
				<iterate open="(" close=")" conjunction = "," property="workGroupIds">
					 #workGroupIds[]#
				</iterate>
			</isNotNull>
			<isNotNull prepend="AND" property="workGroupRoleIds">
				USER_ROLE_ID IN
				<iterate open="(" close=")" conjunction = "," property="workGroupRoleIds">
					 #workGroupRoleIds[]#
				</iterate>
			</isNotNull>
		</dynamic>
	</sql>
	
	<select id="selectWorkGroup" resultMap="workGroupResult" cacheModel="workGroup-cache">
		SELECT 
		<include refid="columnsWorkGroup"/>
		FROM <include refid="tableWorkGroup"/> WITH(NOLOCK)
		<include refid="conditionWorkGroup"/>
		<dynamic>
			<isNotEmpty prepend="ORDER BY" property="orderBy">
				$orderBy$
			</isNotEmpty>
		</dynamic>
	</select>
	
	<select id="countWorkGroup" resultClass="int" cacheModel="workGroup-cache">
		SELECT COUNT(1) AS TOTAL
		FROM <include refid="tableWorkGroup"/> WITH(NOLOCK)
		<include refid="conditionWorkGroup"/> 
	</select>
	
	<select id="selectWorkGroupByRole" resultMap="workGroupResult" cacheModel="workGroup-cache">
		SELECT 
			w.WORK_GROUP_ID, w.WORK_GROUP_NAME, w.DESCRIPTION, w.KO_LABEL, w.EN_LABEL, w.LABEL, 
			w.FIRST_REG_DATETIME, w.FIRST_REGR_ID, w.LAST_MOD_DATETIME, w.LAST_MODR_ID, w.DELETE_YN
		FROM <include refid="tableWorkGroup"/> w WITH(NOLOCK), <include refid="tableWorkGroupRole"/> r WITH(NOLOCK)
		WHERE w.WORK_GROUP_ID = r.WORK_GROUP_ID
		  AND r.USER_ROLE_ID = #roleId#
		 <isNotNull  property="deleted">
		  AND DELETE_YN = #deleted#
		 </isNotNull>
		ORDER BY w.WORK_GROUP_NAME	 
	</select>
	<insert id="insertWorkGroup"  parameterClass="workGroup">
		INSERT INTO <include refid="tableWorkGroup"/>	
			( <include refid="columnsWorkGroup"/> )
		VALUES(#workGroupId#, 
		       CASE WHEN #workGroupName# = '' THEN NULL ELSE #workGroupName# END,
		       CASE WHEN #description# = '' THEN NULL ELSE #description# END,
		       CASE WHEN #koLabel# = '' THEN NULL ELSE #koLabel# END,
		       CASE WHEN #enLabel# = '' THEN NULL ELSE #enLabel# END,
		       CASE WHEN #label# = '' THEN NULL ELSE #label# END,
		       #firstRegDatetime,jdbcType=TIMESTAMP#, #firstRegrId#, #lastModDatetime,jdbcType=TIMESTAMP#, #lastModrId#, 
		       CASE WHEN #deleted# = '' THEN '0' ELSE #deleted# END
		       )
	</insert>
	
	<update id="updateWorkGroup"  parameterClass="workGroup">
		UPDATE <include refid="tableWorkGroup"/> SET	
			WORK_GROUP_NAME = CASE WHEN #workGroupName# = '' THEN NULL ELSE #workGroupName# END,
			DESCRIPTION = CASE WHEN #description# = '' THEN NULL ELSE #description# END,
			KO_LABEL = CASE WHEN #koLabel# = '' THEN NULL ELSE #koLabel# END,
			EN_LABEL = CASE WHEN #enLabel# = '' THEN NULL ELSE #enLabel# END,
			LABEL = CASE WHEN #label# = '' THEN NULL ELSE #label# END,
			LAST_MOD_DATETIME=#lastModDatetime,jdbcType=TIMESTAMP#, LAST_MODR_ID=#lastModrId#, 
			DELETE_YN = CASE WHEN #deleted# = '' THEN '0' ELSE #deleted# END
		WHERE WORK_GROUP_ID=#workGroupId#
	</update>
	
	<delete id="deleteWorkGroup"  >
		DELETE FROM <include refid="tableWorkGroup"/>
		<include refid="conditionWorkGroup"/>
	</delete>
	
	<select id="selectWorkGroupMenu" resultMap="workGroupMenuResult" cacheModel="workGroup-cache">
		SELECT w.WORK_GROUP_ID,
			   m.MENU_ID,
			   w.AUTHORIZATION_ID,
			   m.KO_LABEL,
			   m.EN_LABEL,
			   m.LABEL,
			   r.DESCRIPTION,
			   m.MENU_SEQUENCE,
			   m.MENU_URL,
			   m.MENU_LEVEL,
			   r.UPPER_SYS_RESOURCE_ID,
			   w.FIRST_REG_DATETIME, w.FIRST_REGR_ID, w.LAST_MOD_DATETIME, w.LAST_MODR_ID
		FROM <include refid="tableWorkGroupMenu"/> w WITH(NOLOCK)
			 , <include refid="tableMenu"/> m WITH(NOLOCK)
	 		 , <include refid="tableSysResource"/> r WITH(NOLOCK)
	 	<dynamic prepend="WHERE">
			w.SYS_RESOURCE_ID = m.MENU_ID 
			AND m.USE_YN = 1 
			AND w.SYS_RESOURCE_ID = r.SYS_RESOURCE_ID 
			AND r.DELETE_YN = 0
			<isNotEmpty  property="workGroupId">
				AND w.WORK_GROUP_ID = #workGroupId#
			</isNotEmpty>
			<isNotEmpty property="menuIds">
				AND w.SYS_RESOURCE_ID IN
				<iterate open="(" close=")" conjunction = "," property="menuIds">
					#menuIds[]#
				</iterate>
			</isNotEmpty>
		</dynamic>	 
	 	ORDER BY m.MENU_SEQUENCE	 
	</select>
	
	<insert id="insertWorkGroupMenu"  parameterClass="workGroupMenu" >
		INSERT INTO <include refid="tableWorkGroupMenu"/>	
			( <include refid="columnsWorkGroupMenu"/> )
		VALUES(#workGroupId#, 
		       CASE WHEN #menuId# = '' THEN NULL ELSE #menuId# END,
		       CASE WHEN #authorizationType# = '' THEN NULL ELSE #authorizationType# END,
		       #firstRegDatetime,jdbcType=TIMESTAMP#, #firstRegrId#, #lastModDatetime,jdbcType=TIMESTAMP#, #lastModrId#)
	</insert>
	
	<update id="updateWorkGroupMenu"  parameterClass="workGroupMenu" >
		UPDATE <include refid="tableWorkGroupMenu"/> SET	
			LAST_MOD_DATETIME=#lastModDatetime,jdbcType=TIMESTAMP#, LAST_MODR_ID=#lastModrId#
		WHERE WORK_GROUP_ID=#workGroupId# AND SYS_RESOURCE_ID = #menuId# AND AUTHORIZATION_ID = #authorizationType#
	</update>
	
	<delete id="deleteWorkGroupMenu">
		DELETE FROM <include refid="tableWorkGroupMenu"/>
		<dynamic prepend="WHERE">
			<isNotEmpty prepend="AND" property="workGroupId">
				WORK_GROUP_ID = #workGroupId#
			</isNotEmpty>
			<isNotEmpty prepend="AND" property="menuId">
				SYS_RESOURCE_ID = #menuId#
			</isNotEmpty>
			<isNotEmpty prepend="AND" property="authorizationType">
				AUTHORIZATION_ID = #authorizationType#
			</isNotEmpty>
		</dynamic>	 
	</delete>
	
	<select id="selectWorkGroupRole" resultMap="workGroupRoleResult" cacheModel="workGroup-cache">
		SELECT 
		<include refid="columnsWorkGroupRole"/>
		FROM <include refid="tableWorkGroupRole"/> WITH(NOLOCK)
		<include refid="conditionWorkGroupRole"/>
		<dynamic>
			<isNotEmpty prepend="ORDER BY" property="orderBy">
				$orderBy$
			</isNotEmpty>
		</dynamic>
	</select>
	
	<select id="countWorkGroupRole" resultClass="int" cacheModel="workGroup-cache">
		SELECT COUNT(1) AS TOTAL
		FROM <include refid="tableWorkGroupRole"/> WITH(NOLOCK)
		<include refid="conditionWorkGroupRole"/> 
	</select>
	
	<insert id="insertWorkGroupRole"  parameterClass="workGroupRole">
		INSERT INTO <include refid="tableWorkGroupRole"/>	
			( <include refid="columnsWorkGroupRole"/> )
		VALUES(#workGroupId#, #workGroupRoleId#, #roleId#,
		       #firstRegrId#, #firstRegDatetime,jdbcType=TIMESTAMP#, 
		       #lastModrId#, #lastModDatetime,jdbcType=TIMESTAMP#)	
	</insert>
	
	<update id="updateWorkGroupRole"  parameterClass="workGroupRole">
		UPDATE <include refid="tableWorkGroupRole"/> 
		   SET USER_ID = #userId#, 
		       ROLE_ID = #roleId#, 
			   LAST_MODR_ID = #lastModrId#, 
			   LAST_MOD_DATETIME = #lastModDatetime,jdbcType=TIMESTAMP# 
		WHERE WORK_GROUP_ID = #workGroupId# 
		  AND USER_ROLE_ID = #workGroupRoleId# 
	</update>
	
	<delete id="deleteWorkGroupRole">
		DELETE FROM <include refid="tableWorkGroupRole"/>
		<dynamic prepend="WHERE">
			<isPropertyAvailable property="workGroupId">
				<isNotNull prepend="AND">
					WORK_GROUP_ID = #workGroupId#
				</isNotNull>
			</isPropertyAvailable>
			<isPropertyAvailable property="workGroupRoleId">
				<isNotEmpty prepend="AND" property="workGroupRoleId">
					USER_ROLE_ID = #workGroupRoleId#
				</isNotEmpty>
			</isPropertyAvailable>
			<isPropertyAvailable property="workGroupIds">
				<isNotNull prepend="AND WORK_GROUP_ID IN" property="workGroupIds">
					<iterate property="workGroupIds" open="(" conjunction="," close=")">
						#workGroupIds[]#
					</iterate>
				</isNotNull>
			</isPropertyAvailable>
		</dynamic>
	</delete>
	
</sqlMap>