<?xml version="1.0" encoding="UTF-8" ?>
<!DOCTYPE sqlMap PUBLIC "-//ibatis.apache.org//DTD SQL Map 2.0//EN"
"http://ibatis.apache.org/dtd/sql-map-2.dtd">

<sqlMap namespace="com.nsc.keyMgmt.entity">

	<!-- Use type aliases to avoid typing the full classname every time. -->
	<typeAlias alias="license" type="com.nsc.keyMgmt.entity.License"/>
	
	<resultMap id="licenseResult" class="license">
		<result property="licenseId" column="LICENSE_ID"/>
		<result property="licenseKey" column="LICENSE_KEY"/>
		<result property="installSiteNm" column="INSTALL_SITE_NAME"/>
		<result property="macAddress" column="MAC_ADDRESS"/>
		<result property="trialYn" column="TRIAL_YN"/>
		<result property="installDate" column="INSTALL_DATE" />
		<result property="expireYn" column="EXPIRE_YN" />
		<result property="contactUserNm" column="CONTACT_USER_NM" />
		<result property="versionInfo" column="VERSION_INFO" />
		<result property="createDate" column="CREATE_DATE" />
	</resultMap>
		
	<select id="selectLicenseKeyList" resultMap="licenseResult">
		SELECT LICENSE_ID, LICENSE_KEY, INSTALL_SITE_NAME, MAC_ADDRESS, TRIAL_YN, 
		       INSTALL_DATE, EXPIRE_YN, CONTACT_USER_NM, VERSION_INFO,
		       CONVERT(VARCHAR(10), CREATE_DATE, 121) AS CREATE_DATE
		  FROM (
			   SELECT t1.*
			     FROM (
						SELECT ROW_NUMBER() OVER(ORDER BY INSTALL_DATE DESC) AS RNUM,
						       LICENSE_ID, LICENSE_KEY, INSTALL_SITE_NAME, MAC_ADDRESS, TRIAL_YN, 
							   INSTALL_DATE, EXPIRE_YN, CONTACT_USER_NM, VERSION_INFO, CREATE_DATE
                          FROM ZZT_SYSTEM_KEY WITH(NOLOCK)
						 WHERE DELETE_YN = 'N'
						<isNotEmpty prepend="AND" property="installSiteName">
							INSTALL_SITE_NAME LIKE '%' + #installSiteName# + '%'
						</isNotEmpty>
						<isNotEmpty prepend="AND" property="expireYn">
							EXPIRE_YN = #expireYn#
						</isNotEmpty>
			          ) t1
			    WHERE t1.RNUM <![CDATA[<=]]> ($pageSize$*$pageIndex$) 
		        ) T 
		 WHERE RNUM <![CDATA[>]]> ($pageSize$*$pageIndex$) - $pageSize$
		 ORDER BY INSTALL_DATE DESC
	</select>
	
	<select id="countLicenseKey" resultClass="int">
		SELECT COUNT(1) AS TOTAL
		  FROM ZZT_SYSTEM_KEY WITH(NOLOCK)
		 WHERE DELETE_YN = 'N'
		<isNotEmpty prepend="AND" property="installSiteName">
			INSTALL_SITE_NAME LIKE '%' + #installSiteName# + '%'
		</isNotEmpty>
		<isNotEmpty prepend="AND" property="expireYn">
			EXPIRE_YN = #expireYn#
		</isNotEmpty>
	</select>
	
	<select id="selectAllLicenseKeyList" resultMap="licenseResult">
		SELECT LICENSE_ID, LICENSE_KEY, INSTALL_SITE_NAME, MAC_ADDRESS, TRIAL_YN, 
			   INSTALL_DATE, EXPIRE_YN, CONTACT_USER_NM, VERSION_INFO, 
			   CONVERT(VARCHAR(10), CREATE_DATE, 121) AS CREATE_DATE
	      FROM ZZT_SYSTEM_KEY WITH(NOLOCK)
		 WHERE DELETE_YN = 'N'
		<isNotEmpty prepend="AND" property="installSiteName">
			INSTALL_SITE_NAME LIKE '%' + #installSiteName# + '%'
		</isNotEmpty>
		<isNotEmpty prepend="AND" property="expireYn">
			EXPIRE_YN = #expireYn#
		</isNotEmpty>
		ORDER BY INSTALL_DATE DESC
	</select>
	
	<insert id="insertLicenseKey"  parameterClass="license" >
		INSERT INTO ZZT_SYSTEM_KEY(LICENSE_ID, LICENSE_KEY, INSTALL_SITE_NAME, MAC_ADDRESS, TRIAL_YN, 
		       INSTALL_DATE, EXPIRE_YN, CONTACT_USER_NM, VERSION_INFO, DELETE_YN, CREATE_DATE )
		VALUES(#licenseId#, #licenseKey#, 
			 CASE WHEN #installSiteNm# = '' THEN NULL ELSE #installSiteNm# END,
			 #macAddress#, #trialYn#, #installDate#, #expireYn#, 
			 CASE WHEN #contactUserNm# = '' THEN NULL ELSE #contactUserNm# END,
			 CASE WHEN #versionInfo# = '' THEN NULL ELSE #versionInfo# END,
			 'N', GETDATE())	
	</insert>
	
	<update id="updateLicenseKey"  parameterClass="license" >
		UPDATE ZZT_SYSTEM_KEY
		   SET INSTALL_SITE_NAME = CASE WHEN #installSiteNm# = '' THEN NULL ELSE #installSiteNm# END,
		       EXPIRE_YN         = #expireYn#,
		       CONTACT_USER_NM   = CASE WHEN #contactUserNm# = '' THEN NULL ELSE #contactUserNm# END,
		       VERSION_INFO      = CASE WHEN #versionInfo# = '' THEN NULL ELSE #versionInfo# END
		 WHERE LICENSE_ID = #licenseId#
	</update>
	
	<update id="deleteLicenseKey"  parameterClass="license" >
		UPDATE ZZT_SYSTEM_KEY
		   SET DELETE_YN = 'Y'
		 WHERE LICENSE_ID = #licenseId#
	</update>
	
</sqlMap>