<?xml version="1.0" encoding="UTF-8" ?>
<!DOCTYPE sqlMap PUBLIC "-//ibatis.apache.org//DTD SQL Map 2.0//EN"
"http://ibatis.apache.org/dtd/sql-map-2.dtd">

<sqlMap namespace="com.nsc.server.entity.ServerInfo">

	<!-- Use type aliases to avoid typing the full classname every time. -->
	<typeAlias alias="server" type="com.nsc.server.entity.ServerInfo"/>
	<typeAlias alias="instanceGroup" type="com.nsc.server.entity.InstanceGroup"/>
	<typeAlias alias="instance" type="com.nsc.server.entity.InstanceServer"/>
	
	<resultMap id="serverResult" class="server">
		<result property="serverId" column="SERVER_ID"/>
		<result property="serviceLayer" column="SERVICE_LAYER"/>
		<result property="serviceLayerName" column="SERVICE_LAYER_NAME"/>
		<result property="serverIp" column="SERVER_IP"/>
		<result property="serverName" column="SERVER_NAME"/>
		<result property="serverDescription" column="SERVER_DESCRIPTION"/>
		<result property="useCpu" column="CPU_USED"/>
		<result property="useMemory" column="MEMORY_USED"/>
		<result property="useDisk" column="DISK_USED"/>
		<result property="totalMemory" column="TOTAL_MEMORY"/>
		<result property="sortSeq" column="SORT_SEQ"/>
	</resultMap>
	
	<resultMap id="serverCurrentResult" class="server">
		<result property="serverName" column="SERVER_NAME" />
		<result property="serverIp" column="SERVER_IP" />
		<result property="useCpu" column="CPU_USED" />
		<result property="useMemory" column="MEMORY_USED" />
		<result property="useDisk" column="DISK_USED" />
		<result property="totalMemory" column="TOTAL_MEMORY" />
	</resultMap>
	
	<resultMap id="instanceGroupResult" class="instanceGroup">
		<result property="instanceId" column="INSTANCE_ID" />
		<result property="serviceLayer" column="SERVICE_LAYER" />
		<result property="serviceLayerName" column="SERVICE_LAYER_NAME" />
		<result property="groupName" column="GROUP_NAME" />
		<result property="description" column="DESCRIPTION" />
	</resultMap>
	
	<resultMap id="instanceServerResult" class="instance">
		<result property="instanceId" column="INSTANCE_ID" />
		<result property="instanceSeq" column="INSTANCE_SEQ" />
		<result property="instanceName" column="INSTANCE_NAME" />
		<result property="hostName" column="HOST_NAME" />
		<result property="protocol" column="PROTOCOL" />
		<result property="ipAddress" column="IP" />
		<result property="port" column="PORT" />
		<result property="serviceLayer" column="SERVICE_LAYER" />
		<result property="serviceLayerName" column="SERVICE_LAYER_NAME" />
		<result property="instanceUser" column="INSTANCE_USER" />
		<result property="instancePW" column="INSTANCE_PASSWORD" />
		<result property="serverDescription" column="DESCRIPTION" />
		<result property="version" column="VERSION" />
		<result property="serverId" column="SERVER_ID" />
		<result property="serverName" column="SERVER_NAME" />
		<result property="brokerName" column="BROKER_NAME" />
		<result property="brokerIP" column="BROKER_IP" />
		<result property="brokerPort" column="BROKER_PORT" />
		<result property="activeMode" column="ACTIVE_MODE" />
		<result property="activeModeName" column="ACTIVE_MODE_NAME" />
		<result property="monitor" column="MONITOR" />
		<result property="instanceType" column="INSTANCE_TYPE" />
		<result property="instanceTypeName" column="INSTANCE_TYPE_NAME" />
	</resultMap>
	
	<select id="selectServerListAll" resultMap="serverResult">
		SELECT SERVER_ID, SERVICE_LAYER, SERVER_IP, SERVER_NAME, SERVER_DESCRIPTION, CPU_USED, MEMORY_USED, DISK_USED, TOTAL_MEMORY, SORT_SEQ,
		       (SELECT CASE WHEN #lang# = 'ko' THEN CODE_NAME_KO ELSE CODE_NAME_EN END
		          FROM ZZT_TCM_CODE WITH(NOLOCK) WHERE CODE_GROUP = 'SVRGROUP' AND CODE = A.SERVICE_LAYER) AS SERVICE_LAYER_NAME
		  FROM ZZT_SERVER_INFO A WITH(NOLOCK)
		 <dynamic prepend="WHERE">
		 	<isNotEmpty prepend="AND" property="serviceLayer">
				A.SERVICE_LAYER = #serviceLayer#
			</isNotEmpty>			
		 </dynamic>
		ORDER BY SORT_SEQ, SERVER_NAME
	</select>
	
	<select id="selectServerList" resultMap="serverResult">
		SELECT SERVER_ID, SERVICE_LAYER, SERVER_IP, SERVER_NAME, SERVER_DESCRIPTION, CPU_USED, MEMORY_USED, DISK_USED, TOTAL_MEMORY, SORT_SEQ,
			   (SELECT CASE WHEN #lang# = 'ko' THEN CODE_NAME_KO ELSE CODE_NAME_EN END
				  FROM ZZT_TCM_CODE WITH(NOLOCK) WHERE CODE_GROUP = 'SVRGROUP' AND CODE = T.SERVICE_LAYER) AS SERVICE_LAYER_NAME
		  FROM (
				SELECT t1.*
				  FROM (
						SELECT ROW_NUMBER() OVER(ORDER BY A.SORT_SEQ) AS RNUM,
							   SERVER_ID, SERVICE_LAYER, SERVER_IP, SERVER_NAME, SERVER_DESCRIPTION, CPU_USED, MEMORY_USED, DISK_USED, TOTAL_MEMORY, SORT_SEQ
						  FROM ZZT_SERVER_INFO A WITH(NOLOCK)
						 <dynamic prepend="WHERE">
							<isNotEmpty prepend="AND" property="serverName">
								A.SERVER_NAME LIKE '%' + #serverName# + '%'
							</isNotEmpty>
							<isNotEmpty prepend="AND" property="serverIp">
								A.SERVER_IP LIKE '%' + #serverIp# + '%'
							</isNotEmpty>
							<isNotEmpty prepend="AND" property="serviceLayer">
								A.SERVICE_LAYER = #serviceLayer#
							</isNotEmpty>
						 </dynamic>
						) t1
				 WHERE t1.RNUM <![CDATA[<=]]> ($pageSize$*$pageIndex$)
				) T
		 WHERE RNUM <![CDATA[>]]> ($pageSize$*$pageIndex$) - $pageSize$	
		ORDER BY T.SORT_SEQ
	</select>
	
	<select id="countServerList" resultClass="int">
		SELECT COUNT(1) AS TOTAL
		  FROM ZZT_SERVER_INFO WITH(NOLOCK)
		 <dynamic prepend="WHERE">
		 	<isNotEmpty prepend="AND" property="serverName">
				SERVER_NAME LIKE '%' + #serverName# + '%'
			</isNotEmpty>
			<isNotEmpty prepend="AND" property="serverIp">
				SERVER_IP LIKE '%' + #serverIp# + '%'
			</isNotEmpty>
		 </dynamic>
	</select>
	
	<select id="selectServerDuplicateCheck" parameterClass="server" resultClass="int">
		SELECT COUNT(1) AS CNT
		  FROM ZZT_SERVER_INFO WITH(NOLOCK)
		 <dynamic prepend="WHERE">
		 	<isNotEmpty prepend="AND" property="serverIp">
				SERVER_IP = #serverIp#
			</isNotEmpty>
			<isNotEmpty prepend="AND" property="serviceLayer">
				SERVICE_LAYER = #serviceLayer#
			</isNotEmpty>
		 </dynamic>
	</select>
	
	<insert id="insertServerInfo" parameterClass="server">
		INSERT INTO ZZT_SERVER_INFO(SERVER_ID, SERVICE_LAYER, SERVER_IP, SERVER_NAME, SERVER_DESCRIPTION, TOTAL_MEMORY, SORT_SEQ)
		VALUES(#serverId#, #serviceLayer#, #serverIp#, #serverName#, 
			CASE WHEN #serverDescription# = '' THEN NULL ELSE #serverDescription# END,
			CASE WHEN #totalMemory# = '' THEN NULL ELSE #totalMemory# END,
			CASE WHEN #sortSeq# = '' THEN NULL ELSE #sortSeq# END
			)
	</insert>
	
	<update id="updateServerInfo" parameterClass="server">
		UPDATE ZZT_SERVER_INFO
		   SET SERVICE_LAYER = #serviceLayer#,
		       SERVER_IP = #serverIp#,
		       SERVER_NAME = #serverName#,
		       SERVER_DESCRIPTION = CASE WHEN #serverDescription# = '' THEN NULL ELSE #serverDescription# END,
		       TOTAL_MEMORY = CASE WHEN #totalMemory# = '' THEN NULL ELSE #totalMemory# END,
		       SORT_SEQ = CASE WHEN #sortSeq# = '' THEN NULL ELSE #sortSeq# END
		 WHERE SERVER_ID = #serverId#
	</update>
	
	<select id="countInstanceServerCheck" resultClass="int">
		SELECT COUNT(1) AS CNT
		  FROM ZZT_INSTANCE_SERVER WITH(NOLOCK)
		 <isPropertyAvailable property="servers">
			<isNotNull prepend="WHERE SERVER_ID IN" property="servers">
				<iterate property="servers" open="(" conjunction="," close=")">
					#servers[]#
				</iterate>
			</isNotNull>
		</isPropertyAvailable>
	</select>
	
	<delete id="deleteServerInfo">
		DELETE FROM ZZT_SERVER_INFO WHERE SERVER_ID = #serverId#
	</delete>
	
	<select id="selectServers" resultMap="serverCurrentResult">
		/* ==IGNORE_LOG== */
		SELECT SERVER_NAME, SERVER_IP, 
		       ISNULL(CPU_USED, '0') CPU_USED, 
		       ISNULL(MEMORY_USED, '0') MEMORY_USED, 
		       ISNULL(DISK_USED, '0') DISK_USED, 
		       ISNULL(TOTAL_MEMORY, '2') TOTAL_MEMORY
		  FROM ZZT_SERVER_INFO WITH(NOLOCK)
		  <dynamic prepend="WHERE">
		 	<isNotEmpty prepend="AND" property="serviceLayer">
				SERVICE_LAYER = #serviceLayer#
			</isNotEmpty>			
		 </dynamic>
		 ORDER BY SORT_SEQ
	</select>
	
	<update id="updateServerStatus" parameterClass="server">
		/* ==IGNORE_LOG== */
		UPDATE ZZT_SERVER_INFO
		   SET CPU_USED = CASE WHEN #useCpu# = '' THEN NULL ELSE #useCpu# END,
		       MEMORY_USED = CASE WHEN #useMemory# = '' THEN NULL ELSE #useMemory# END,
		       DISK_USED = CASE WHEN #useDisk# = '' THEN NULL ELSE #useDisk# END
		       <isNotEmpty property="totalMemory">
		       , TOTAL_MEMORY = CASE WHEN #totalMemory# = '' THEN NULL ELSE #totalMemory# END
		       </isNotEmpty>
		 WHERE SERVER_IP = #serverIp#
	</update>
	
	<update id="updateAllServerInfo">
		/* ==IGNORE_LOG== */
		UPDATE ZZT_SERVER_INFO
		   SET CPU_USED = '0',
		       MEMORY_USED = '0',
		       DISK_USED = '0'
	</update>
	
	<select id="selectInstanceGroupList" resultMap="instanceGroupResult">
		SELECT T.INSTANCE_ID, T.SERVICE_LAYER, T.GROUP_NAME, T.DESCRIPTION,
		       (SELECT CASE WHEN #lang# = 'ko' THEN CODE_NAME_KO ELSE CODE_NAME_EN END
				  FROM ZZT_TCM_CODE WITH(NOLOCK) WHERE CODE_GROUP = 'SVRGROUP' AND CODE = T.SERVICE_LAYER) AS SERVICE_LAYER_NAME
		  FROM (
				SELECT t1.*
				  FROM (
						SELECT ROW_NUMBER() OVER(ORDER BY A.INSTANCE_ID) AS RNUM,
							   A.INSTANCE_ID, A.SERVICE_LAYER, A.GROUP_NAME, A.DESCRIPTION
						  FROM ZZT_INSTANCE_GROUP A WITH(NOLOCK)
						 <dynamic prepend="WHERE">
							<isNotEmpty prepend="AND" property="serviceLayer">
								A.SERVICE_LAYER = #serviceLayer#
							</isNotEmpty>
						 </dynamic>
						) t1
				 WHERE t1.RNUM <![CDATA[<=]]> ($pageSize$*$pageIndex$)
				) T
		 WHERE RNUM <![CDATA[>]]> ($pageSize$*$pageIndex$) - $pageSize$
		ORDER BY T.INSTANCE_ID
	</select>
	
	<select id="countInstanceGroupList" resultClass="int">
		SELECT COUNT(1) AS TOTAL
		  FROM ZZT_INSTANCE_GROUP WITH(NOLOCK)
		 <dynamic prepend="WHERE">
		 	<isNotEmpty prepend="AND" property="serviceLayer">
				SERVICE_LAYER = #serviceLayer#
			</isNotEmpty>
		 </dynamic>
	</select>
		
	<select id="selectInstanceServerList" resultMap="instanceServerResult">
		SELECT T.INSTANCE_ID, T.INSTANCE_SEQ, T.INSTANCE_NAME, T.HOST_NAME, T.PROTOCOL, T.IP, T.PORT,
			   T.SERVICE_LAYER, T.INSTANCE_USER, T.INSTANCE_PASSWORD, T.DESCRIPTION, T.VERSION,
			   T.SERVER_ID, T.BROKER_NAME, T.BROKER_IP, T.BROKER_PORT, T.ACTIVE_MODE, T.MONITOR,
			   T.INSTANCE_TYPE,
			   (SELECT CASE WHEN #lang# = 'ko' THEN CODE_NAME_KO ELSE CODE_NAME_EN END
				  FROM ZZT_TCM_CODE WITH(NOLOCK) WHERE CODE_GROUP = 'ISTTYPE' AND CODE = T.INSTANCE_TYPE) AS INSTANCE_TYPE_NAME,
			   (SELECT CASE WHEN #lang# = 'ko' THEN CODE_NAME_KO ELSE CODE_NAME_EN END
				  FROM ZZT_TCM_CODE WITH(NOLOCK) WHERE CODE_GROUP = 'SVRGROUP' AND CODE = T.SERVICE_LAYER) AS SERVICE_LAYER_NAME,
			   (SELECT SERVER_NAME FROM ZZT_SERVER_INFO WITH(NOLOCK) WHERE SERVER_ID = T.SERVER_ID) SERVER_NAME,
			   (SELECT CASE WHEN #lang# = 'ko' THEN CODE_NAME_KO ELSE CODE_NAME_EN END
				  FROM ZZT_TCM_CODE WITH(NOLOCK) WHERE CODE_GROUP = 'ACTMOD' AND CODE = T.ACTIVE_MODE) AS ACTIVE_MODE_NAME
		  FROM (
				SELECT t1.*
				  FROM (
						SELECT ROW_NUMBER() OVER(ORDER BY A.INSTANCE_ID) AS RNUM,
							   A.INSTANCE_ID, A.INSTANCE_SEQ, A.INSTANCE_NAME, A.HOST_NAME, A.PROTOCOL, A.IP, A.PORT,
							   A.SERVICE_LAYER, A.INSTANCE_USER, A.INSTANCE_PASSWORD, A.DESCRIPTION, A.VERSION,
							   A.SERVER_ID, A.BROKER_NAME, A.BROKER_IP, A.BROKER_PORT, A.ACTIVE_MODE, A.MONITOR, A.INSTANCE_TYPE
						  FROM ZZT_INSTANCE_SERVER A WITH(NOLOCK)
						 <dynamic prepend="WHERE">
							<isNotEmpty prepend="AND" property="instanceId">
								A.INSTANCE_ID = #instanceId#
							</isNotEmpty>
							<isNotEmpty prepend="AND" property="serviceLayer">
								A.SERVICE_LAYER = #serviceLayer#
							</isNotEmpty>
						 </dynamic>
						) t1
				 WHERE t1.RNUM <![CDATA[<=]]> ($pageSize$*$pageIndex$)
				) T
		 WHERE RNUM <![CDATA[>]]> ($pageSize$*$pageIndex$) - $pageSize$
	    ORDER BY T.INSTANCE_ID
	</select>
	
<!-- 	
	<select id="selectInstanceServerList" resultMap="instanceServerResult">
		SELECT T.INSTANCE_ID, T.INSTANCE_SEQ, T.INSTANCE_NAME, T.HOST_NAME, T.PROTOCOL, T.IP, T.PORT,
			   T.SERVICE_LAYER, T.INSTANCE_USER, T.INSTANCE_PASSWORD, T.DESCRIPTION, T.VERSION,
			   T.SERVER_ID, T.BROKER_NAME, T.BROKER_IP, T.BROKER_PORT, T.ACTIVE_MODE, T.MONITOR,
			   (SELECT CASE WHEN #lang# = 'ko' THEN CODE_NAME_KO ELSE CODE_NAME_EN END
				  FROM ZZT_TCM_CODE WITH(NOLOCK) WHERE CODE_GROUP = 'SVRGROUP' AND CODE = T.SERVICE_LAYER) AS SERVICE_LAYER_NAME,
			   (SELECT SERVER_NAME FROM ZZT_SERVER_INFO WITH(NOLOCK) WHERE SERVER_ID = T.SERVER_ID) SERVER_NAME,
			   (SELECT CASE WHEN #lang# = 'ko' THEN CODE_NAME_KO ELSE CODE_NAME_EN END
				  FROM ZZT_TCM_CODE WITH(NOLOCK) WHERE CODE_GROUP = 'ACTMOD' AND CODE = T.ACTIVE_MODE) AS ACTIVE_MODE_NAME
		  FROM (
				SELECT t1.*
				  FROM (
						SELECT ROW_NUMBER() OVER(ORDER BY A.INSTANCE_ID) AS RNUM,
							   A.INSTANCE_ID, A.INSTANCE_SEQ, A.INSTANCE_NAME, A.HOST_NAME, A.PROTOCOL, A.IP, A.PORT,
							   A.SERVICE_LAYER, A.INSTANCE_USER, A.INSTANCE_PASSWORD, A.DESCRIPTION, A.VERSION,
							   A.SERVER_ID, A.BROKER_NAME, A.BROKER_IP, A.BROKER_PORT, A.ACTIVE_MODE, A.MONITOR
						  FROM ZZT_INSTANCE_SERVER A WITH(NOLOCK)
						 <dynamic prepend="WHERE">
							<isNotEmpty prepend="AND" property="instanceId">
								A.INSTANCE_ID = #instanceId#
							</isNotEmpty>
							<isNotEmpty prepend="AND" property="serviceLayer">
								A.SERVICE_LAYER = #serviceLayer#
							</isNotEmpty>
						 </dynamic>
						) t1
				 WHERE t1.RNUM <![CDATA[<=]]> ($pageSize$*$pageIndex$)
				) T
		 WHERE RNUM <![CDATA[>]]> ($pageSize$*$pageIndex$) - $pageSize$
	    ORDER BY T.INSTANCE_ID
	</select>
 -->	
	
	
	
	<select id="countInstanceServerList" resultClass="int">
		SELECT COUNT(1) AS TOTAL
		  FROM ZZT_INSTANCE_SERVER WITH(NOLOCK)
		 <dynamic prepend="WHERE">
		 	<isNotEmpty prepend="AND" property="instanceId">
				INSTANCE_ID = #instanceId#
			</isNotEmpty>
			<isNotEmpty prepend="AND" property="serviceLayer">
				SERVICE_LAYER = #serviceLayer#
			</isNotEmpty>
		 </dynamic>
	</select>
	
	<insert id="insertInstanceGroup" parameterClass="instanceGroup">
		INSERT INTO ZZT_INSTANCE_GROUP(INSTANCE_ID, SERVICE_LAYER, GROUP_NAME, DESCRIPTION)
		SELECT ISNULL(MAX(INSTANCE_ID),0) + 1 AS INSTANCE_ID,
		       #serviceLayer# AS SERVICE_LAYER,
			   #groupName# AS GROUP_NAME,
			   #description# AS DESCRIPTION
		  FROM ZZT_INSTANCE_GROUP WITH(NOLOCK)
	</insert>
	
	<update id="updateInstanceGroup" parameterClass="instanceGroup">
		UPDATE ZZT_INSTANCE_GROUP
		   SET SERVICE_LAYER = #serviceLayer#,
		       GROUP_NAME = CASE WHEN #groupName# = '' THEN NULL ELSE #groupName# END,
		       DESCRIPTION = CASE WHEN #description# = '' THEN NULL ELSE #description# END
		 WHERE INSTANCE_ID = #instanceId#
	</update>
	
	<select id="countInstanceNameCheck" resultClass="int">
		SELECT COUNT(1) AS CNT
		  FROM ZZT_INSTANCE_SERVER WITH(NOLOCK)
		 WHERE INSTANCE_NAME = #instanceName#
	</select>
	
	<insert id="insertInstanceServer" parameterClass="instance">
		INSERT INTO ZZT_INSTANCE_SERVER(INSTANCE_ID, INSTANCE_SEQ, INSTANCE_NAME, HOST_NAME, PROTOCOL, IP, PORT, SERVICE_LAYER,
		     INSTANCE_USER, INSTANCE_PASSWORD, DESCRIPTION, VERSION, SERVER_ID, BROKER_NAME, BROKER_IP, BROKER_PORT, 
		     ACTIVE_MODE, MONITOR, INSTANCE_TYPE, CREATE_DATE)
		SELECT #instanceId# AS INSTANCE_ID,
		       ISNULL(MAX(INSTANCE_SEQ),0) + 1 AS INSTANCE_SEQ,
		       CASE WHEN #instanceName# = '' THEN NULL ELSE #instanceName# END AS INSTANCE_NAME,
		       CASE WHEN #hostName# = '' THEN NULL ELSE #hostName# END AS HOST_NAME,
		       CASE WHEN #protocol# = '' THEN NULL ELSE #protocol# END AS PROTOCOL,
		       CASE WHEN #ipAddress# = '' THEN NULL ELSE #ipAddress# END AS IP,
		       CASE WHEN #port# = '' THEN NULL ELSE #port# END AS PORT,
		       CASE WHEN #serviceLayer# = '' THEN NULL ELSE #serviceLayer# END AS SERVICE_LAYER,
		       CASE WHEN #instanceUser# = '' THEN NULL ELSE #instanceUser# END AS INSTANCE_USER,
		       CASE WHEN #instancePW# = '' THEN NULL ELSE #instancePW# END AS INSTANCE_PASSWORD,
		       CASE WHEN #serverDescription# = '' THEN NULL ELSE #serverDescription# END AS DESCRIPTION,
		       CASE WHEN #version# = '' THEN NULL ELSE #version# END AS VERSION,
		       CASE WHEN #serverId# = '' THEN NULL ELSE #serverId# END AS SERVER_ID,
		       CASE WHEN #brokerName# = '' THEN NULL ELSE #brokerName# END AS BROKER_NAME,
		       CASE WHEN #brokerIP# = '' THEN NULL ELSE #brokerIP# END AS BROKER_IP,
		       CASE WHEN #brokerPort# = '' THEN NULL ELSE #brokerPort# END AS BROKER_PORT,
		       CASE WHEN #activeMode# = '' THEN NULL ELSE #activeMode# END AS ACTIVE_MODE,
		       CASE WHEN #monitor# = '' THEN NULL ELSE #monitor# END AS MONITOR,
		       CASE WHEN #instanceType# = '' THEN NULL ELSE #instanceType# END AS INSTANCE_TYPE,
		       GETDATE() AS CREATE_DATE
		  FROM ZZT_INSTANCE_SERVER WITH(NOLOCK)
		 WHERE INSTANCE_ID = #instanceId#
	</insert>
	
	
<!-- 	
	<insert id="insertInstanceServer" parameterClass="instance">
		INSERT INTO ZZT_INSTANCE_SERVER(INSTANCE_ID, INSTANCE_SEQ, INSTANCE_NAME, HOST_NAME, PROTOCOL, IP, PORT, SERVICE_LAYER,
		     INSTANCE_USER, INSTANCE_PASSWORD, DESCRIPTION, VERSION, SERVER_ID, BROKER_NAME, BROKER_IP, BROKER_PORT, 
		     ACTIVE_MODE, MONITOR, CREATE_DATE)
		SELECT #instanceId# AS INSTANCE_ID,
		       ISNULL(MAX(INSTANCE_SEQ),0) + 1 AS INSTANCE_SEQ,
		       CASE WHEN #instanceName# = '' THEN NULL ELSE #instanceName# END AS INSTANCE_NAME,
		       CASE WHEN #hostName# = '' THEN NULL ELSE #hostName# END AS HOST_NAME,
		       CASE WHEN #protocol# = '' THEN NULL ELSE #protocol# END AS PROTOCOL,
		       CASE WHEN #ipAddress# = '' THEN NULL ELSE #ipAddress# END AS IP,
		       CASE WHEN #port# = '' THEN NULL ELSE #port# END AS PORT,
		       CASE WHEN #serviceLayer# = '' THEN NULL ELSE #serviceLayer# END AS SERVICE_LAYER,
		       CASE WHEN #instanceUser# = '' THEN NULL ELSE #instanceUser# END AS INSTANCE_USER,
		       CASE WHEN #instancePW# = '' THEN NULL ELSE #instancePW# END AS INSTANCE_PASSWORD,
		       CASE WHEN #serverDescription# = '' THEN NULL ELSE #serverDescription# END AS DESCRIPTION,
		       CASE WHEN #version# = '' THEN NULL ELSE #version# END AS VERSION,
		       CASE WHEN #serverId# = '' THEN NULL ELSE #serverId# END AS SERVER_ID,
		       CASE WHEN #brokerName# = '' THEN NULL ELSE #brokerName# END AS BROKER_NAME,
		       CASE WHEN #brokerIP# = '' THEN NULL ELSE #brokerIP# END AS BROKER_IP,
		       CASE WHEN #brokerPort# = '' THEN NULL ELSE #brokerPort# END AS BROKER_PORT,
		       CASE WHEN #activeMode# = '' THEN NULL ELSE #activeMode# END AS ACTIVE_MODE,
		       CASE WHEN #monitor# = '' THEN NULL ELSE #monitor# END AS MONITOR,
		       GETDATE() AS CREATE_DATE
		  FROM ZZT_INSTANCE_SERVER WITH(NOLOCK)
		 WHERE INSTANCE_ID = #instanceId#
	</insert>
 -->	
	
	
	
	<update id="updateInstanceServer" parameterClass="instance">
		UPDATE ZZT_INSTANCE_SERVER
		   SET INSTANCE_NAME = CASE WHEN #instanceName# = '' THEN NULL ELSE #instanceName# END,
		       HOST_NAME = CASE WHEN #hostName# = '' THEN NULL ELSE #hostName# END,
		       PROTOCOL = CASE WHEN #protocol# = '' THEN NULL ELSE #protocol# END,
		       IP = CASE WHEN #ipAddress# = '' THEN NULL ELSE #ipAddress# END,
		       PORT = CASE WHEN #port# = '' THEN NULL ELSE #port# END,
		       SERVICE_LAYER = CASE WHEN #serviceLayer# = '' THEN NULL ELSE #serviceLayer# END,
		       INSTANCE_USER = CASE WHEN #instanceUser# = '' THEN NULL ELSE #instanceUser# END,
		       INSTANCE_PASSWORD = CASE WHEN #instancePW# = '' THEN NULL ELSE #instancePW# END,
		       DESCRIPTION = CASE WHEN #serverDescription# = '' THEN NULL ELSE #serverDescription# END,
		       VERSION = CASE WHEN #version# = '' THEN NULL ELSE #version# END,
		       SERVER_ID = CASE WHEN #serverId# = '' THEN NULL ELSE #serverId# END,
		       BROKER_NAME = CASE WHEN #brokerName# = '' THEN NULL ELSE #brokerName# END,
		       BROKER_IP = CASE WHEN #brokerIP# = '' THEN NULL ELSE #brokerIP# END,
		       BROKER_PORT = CASE WHEN #brokerPort# = '' THEN NULL ELSE #brokerPort# END,
		       ACTIVE_MODE = CASE WHEN #activeMode# = '' THEN NULL ELSE #activeMode# END,
		       MONITOR = CASE WHEN #monitor# = '' THEN NULL ELSE #monitor# END,
		       MODIFY_DATE = GETDATE()
		 WHERE INSTANCE_ID = #instanceId#
		   AND INSTANCE_SEQ = #instanceSeq#
	</update>
	
	<select id="countInstanceMappingCheck" resultClass="int">
		SELECT COUNT(1) AS CNT
		  FROM ZZT_INSTANCE_SERVER WITH(NOLOCK)
		 <isPropertyAvailable property="groups">
			<isNotNull prepend="WHERE INSTANCE_ID IN" property="groups">
				<iterate property="groups" open="(" conjunction="," close=")">
					#groups[]#
				</iterate>
			</isNotNull>
		</isPropertyAvailable>
	</select>
	
	<delete id="deleteInstanceLogSummary">
		DELETE FROM ZZT_LOG_SUMMARY WHERE INSTANCE_ID = #instanceId#
	</delete>
	
	<delete id="deleteInstanceLogSnapshot">
		DELETE FROM ZZT_LOG_SNAPSHOT WHERE INSTANCE_ID = #instanceId#
	</delete>
	
	<delete id="deleteInstanceLogHeader">
		DELETE FROM ZZT_LOG_HEADER WHERE INSTANCE_ID = #instanceId#
	</delete>
	
	<delete id="deleteInstanceLogInstance">
		DELETE FROM ZZT_LOG_INSTANCE_D WHERE INSTANCE_ID = #instanceId#
	</delete>
	
	<delete id="deleteInstanceGroup">
		DELETE FROM ZZT_INSTANCE_GROUP WHERE INSTANCE_ID = #instanceId#
	</delete>
	
	<delete id="deleteInstanceStatus">
		DELETE FROM ZZT_INSTANCE_STATUS WHERE INSTANCE_ID = #instanceId# AND INSTANCE_SEQ = #instanceSeq#
	</delete>
	
	<delete id="deleteInstanceRunningService">
		DELETE FROM ZZT_RUNNING_SERVICE WHERE INSTANCE_ID = #instanceId# AND INSTANCE_SEQ = #instanceSeq#
	</delete>
	
	<delete id="deleteInstanceServer">
		DELETE FROM ZZT_INSTANCE_SERVER WHERE INSTANCE_ID = #instanceId# AND INSTANCE_SEQ = #instanceSeq#
	</delete>
	
	<select id="selectInstanceGroup" resultMap="instanceGroupResult">
		SELECT A.INSTANCE_ID, A.SERVICE_LAYER, A.GROUP_NAME, A.DESCRIPTION,
		       (SELECT CASE WHEN #lang# = 'ko' THEN CODE_NAME_KO ELSE CODE_NAME_EN END
		          FROM ZZT_TCM_CODE WITH(NOLOCK) WHERE CODE_GROUP = 'SVRGROUP' AND CODE = A.SERVICE_LAYER) AS SERVICE_LAYER_NAME
		  FROM ZZT_INSTANCE_GROUP A WITH(NOLOCK)
		 <dynamic prepend="WHERE">
		 	<isNotEmpty prepend="AND" property="serviceLayer">
				A.SERVICE_LAYER = #serviceLayer#
			</isNotEmpty>
		 </dynamic>
		ORDER BY A.INSTANCE_ID
	</select>
	
	<resultMap id="instanceObjectResult" class="java.util.HashMap">
		<result property="path" column="PATH" nullValue="" />
		<result property="user" column="INSTANCE_USER" nullValue="" />
		<result property="password" column="INSTANCE_PASSWORD" nullValue="" />
	</resultMap>
	
	<select id="selectInstanceObjectList" resultMap="instanceObjectResult">
		SELECT (PROTOCOL + '://' + IP + ':' + PORT) AS PATH, INSTANCE_USER, INSTANCE_PASSWORD
		  FROM ZZT_INSTANCE_SERVER WITH(NOLOCK)
		<dynamic prepend="WHERE">
			<isNotEmpty prepend="AND" property="instanceId">
			   INSTANCE_ID = #instanceId# 
			</isNotEmpty>
			<isNotEmpty prepend="AND" property="serviceLayer">
			   SERVICE_LAYER = #serviceLayer# 
			</isNotEmpty>
		</dynamic>
		ORDER BY INSTANCE_ID
	</select>
	
	<!-- REQ-190031 : "서비스 로그" 실행권한이 없는 경우 Log History 화면에서 결과 항목이 Error 일때 보이는 "Close" 버튼도 안보이게 변경 부탁 드립니다. -->
	<select id="selectAuthCheckList" resultClass="java.util.HashMap">
		SELECT * 
		  FROM ZZT_WORK_AUTHORIZATION 
		 WHERE SYS_RESOURCE_ID IN ('AWSr8qSAAAGoHzTd') 
		   AND WORK_GROUP_ID = #workGroupId#
	</select>
	
</sqlMap>