<?xml version="1.0" encoding="UTF-8" ?>
<!DOCTYPE sqlMap PUBLIC "-//ibatis.apache.org//DTD SQL Map 2.0//EN"
"http://ibatis.apache.org/dtd/sql-map-2.dtd">

<sqlMap namespace="com.nsc.common.entity.SysResource">

	<!-- Use type aliases to avoid typing the full classname every time. -->
	<typeAlias alias="sysResource" type="com.nsc.common.entity.SysResource"/>
	
	<resultMap id="sysResourceResult"  extends="com.nsc.common.markedObjectResult" class="sysResource" >
		<result property="sysResourceId" column="SYS_RESOURCE_ID"/>
		<result property="sysResourceTypeCodeId" column="SYS_RESOURCE_TYPE_CODE_ID" />
		<result property="sysResourceName" column="SYS_RESOURCE_NAME"/>
		<result property="description" column="DESCRIPTION"/>
		<result property="upperSysResourceId" column="UPPER_SYS_RESOURCE_ID"/>
		<result property="deleted" column="DELETE_YN"/>
	</resultMap>

	<sql id="tableSysResource">ZZT_SYS_RESOURCE</sql>
	<sql id="columnsSysResource">
		<include refid="tableSysResource"/>.SYS_RESOURCE_ID, 
		<include refid="tableSysResource"/>.UPPER_SYS_RESOURCE_ID, 
		<include refid="tableSysResource"/>.SYS_RESOURCE_TYPE_CODE_ID,
		<include refid="tableSysResource"/>.SYS_RESOURCE_NAME,
		<include refid="tableSysResource"/>.DESCRIPTION,
		<include refid="tableSysResource"/>.DELETE_YN,
		<include refid="tableSysResource"/>.FIRST_REG_DATETIME,
		<include refid="tableSysResource"/>.FIRST_REGR_ID,
		<include refid="tableSysResource"/>.LAST_MOD_DATETIME,
		<include refid="tableSysResource"/>.LAST_MODR_ID
	</sql> 
	
	<sql id="conditionSysResource">
		<dynamic prepend="WHERE">
			<isNotNull prepend="AND" property="sysResourceId">
				SYS_RESOURCE_ID = #sysResourceId#
			</isNotNull>
			<isNotNull prepend="AND" property="sysResourceName">
				SYS_RESOURCE_NAME = #sysResourceName#
			</isNotNull>
	        <isNotEmpty prepend="AND" property="sysResourceTypeCodeId">
				SYS_RESOURCE_TYPE_CODE_ID = #sysResourceTypeCodeId#
			</isNotEmpty>
			<isNotNull prepend="AND" property="deleted">
				<include refid="tableSysResource"/>.DELETE_YN = #deleted#
			</isNotNull>
			<isNotNull prepend="AND" property="sysResourceIds">
				SYS_RESOURCE_ID IN
				<iterate open="(" close=")" conjunction = "," property="sysResourceIds">
					 #sysResourceIds[]#
				</iterate>
			</isNotNull>
			<isPropertyAvailable property="sysResourceTypeCodeIds">
				<isNotEmpty prepend="AND" property="sysResourceTypeCodeIds">
					SYS_RESOURCE_TYPE_CODE_ID IN
					<iterate open="(" close=")" conjunction = "," property="sysResourceTypeCodeIds">
						 #sysResourceTypeCodeIds[]#
					</iterate>
				</isNotEmpty>
				<isEmpty prepend="AND" property="sysResourceTypeCodeIds">
					1=0
				</isEmpty>
			</isPropertyAvailable>
		</dynamic>
	</sql> 
	
	<select id="selectSysResource"  resultMap="sysResourceResult">
		SELECT 
		<include refid="columnsSysResource"/>
		FROM <include refid="tableSysResource"/> WITH(NOLOCK)
		<include refid="conditionSysResource"/>
		<dynamic>
			<isNotEmpty prepend="ORDER BY" property="orderBy">
				$orderBy$
			</isNotEmpty>
		</dynamic>
	</select>
	<select id="countSysResource" resultClass="int">
		SELECT COUNT(1) AS TOTAL
		FROM <include refid="tableSysResource"/> WITH(NOLOCK)
		<include refid="conditionSysResource"/> 
	</select>
	
	<select id="selectResourceName"  resultMap="sysResourceResult">
		WITH CTE_SYS_RESOURCE
		AS
		(
		SELECT 1 AS LEVEL, *
		  FROM ZZT_SYS_RESOURCE
		 WHERE UPPER_SYS_RESOURCE_ID IS NOT NULL
		   AND DELETE_YN <![CDATA[<>]]> '1'
		   AND SYS_RESOURCE_ID = #sysResourceId#
		UNION ALL
		SELECT LEVEL + 1, A.*
		  FROM ZZT_SYS_RESOURCE A INNER JOIN CTE_SYS_RESOURCE B
		                             ON B.UPPER_SYS_RESOURCE_ID = A.SYS_RESOURCE_ID
		 WHERE A.DELETE_YN <![CDATA[<>]]> 1
		   AND A.UPPER_SYS_RESOURCE_ID IS NOT NULL
		)
		SELECT listResource.SYS_RESOURCE_ID, listResource.SYS_RESOURCE_TYPE_CODE_ID
			, MENU.LABEL SYS_RESOURCE_NAME, listResource.DESCRIPTION
			, listResource.UPPER_SYS_RESOURCE_ID, listResource.DELETE_YN
			, listResource.FIRST_REG_DATETIME, listResource.FIRST_REGR_ID
			, listResource.LAST_MOD_DATETIME, listResource.LAST_MODR_ID
		FROM CTE_SYS_RESOURCE listResource WITH(NOLOCK) INNER JOIN ZZT_MENU MENU WITH(NOLOCK)
		                                      ON listResource.SYS_RESOURCE_ID = MENU.MENU_ID
		ORDER BY LEVEL DESC
	</select>
	
	<insert id="insertSysResource"  parameterClass="sysResource" >
		INSERT INTO ZZT_SYS_RESOURCE (SYS_RESOURCE_ID, UPPER_SYS_RESOURCE_ID, SYS_RESOURCE_TYPE_CODE_ID, SYS_RESOURCE_NAME, 
			DESCRIPTION, DELETE_YN, FIRST_REGR_ID, FIRST_REG_DATETIME)
		VALUES( #sysResourceId#,
				CASE WHEN #upperSysResourceId# = '' THEN NULL ELSE #upperSysResourceId# END,
				CASE WHEN #sysResourceTypeCodeId# = '' THEN NULL ELSE #sysResourceTypeCodeId# END,
				CASE WHEN #sysResourceName# = '' THEN NULL ELSE #sysResourceName# END,
				CASE WHEN #description# = '' THEN NULL ELSE #description# END,
				CASE WHEN #deleted# = '' THEN NULL ELSE #deleted# END,
				#firstRegrId#,
			    #firstRegDatetime,jdbcType=TIMESTAMP#
			  ) 
	</insert>
	
	<update id="updateSysResource"  parameterClass="sysResource">
		UPDATE ZZT_SYS_RESOURCE SET
			SYS_RESOURCE_TYPE_CODE_ID = CASE WHEN #sysResourceTypeCodeId# = '' THEN NULL ELSE #sysResourceTypeCodeId# END,
			SYS_RESOURCE_NAME		  = CASE WHEN #sysResourceName# = '' THEN NULL ELSE #sysResourceName# END,
			DESCRIPTION				  = CASE WHEN #description# = '' THEN NULL ELSE #description# END,
			DELETE_YN				  = CASE WHEN #deleted# = '' THEN NULL ELSE #deleted# END,
			LAST_MODR_ID			  = #lastModrId#,
			LAST_MOD_DATETIME		  = #lastModDatetime,jdbcType=TIMESTAMP#
		WHERE SYS_RESOURCE_ID = #sysResourceId#
	</update>
	
	<delete id="deleteSysResource"  >
		DELETE FROM ZZT_SYS_RESOURCE
		<include refid="conditionSysResource"/>
	</delete>
	
</sqlMap> 
