<?xml version="1.0" encoding="UTF-8"?>
<Configuration>
	<Appenders>
  		<Console name="console" target="SYSTEM_OUT">
            <PatternLayout pattern="[%-5p] %d{yyyy-MM-dd HH:mm:ss} %c %n%m%n" />
			<!-- <Filters>
   				<MarkerFilter marker="StringToMatch" onMatch="DENY" onMismatch="ACCEPT"/>
   				<MarkerFilter marker="AcceptOnMatch" onMatch="DENY" onMismatch="ACCEPT"/>
			</Filters>  -->
    	</Console>
    
    	<RollingFile name="logfile-daily" fileName="D:/20.Local/80.install/01.iChain/iChain4/logs/iChain.log" filePattern="D:/20.Local/80.install/01.iChain/iChain4/logs/iChain.log.%d{yyyy-MM-dd}">
  			<PatternLayout pattern="%d %-5p [%t] %-17c{2} (%13F:%L) %3x - %m%n"></PatternLayout>
  			<Policies>
        		<TimeBasedTriggeringPolicy interval="1" modulate="true" />
      		</Policies>
      		<!-- <Filters>
   				<MarkerFilter marker="StringToMatch" onMatch="DENY" onMismatch="ACCEPT"/>
   				<MarkerFilter marker="AcceptOnMatch" onMatch="DENY" onMismatch="ACCEPT"/>
			</Filters>  -->
    	</RollingFile>
     	<RollingFile name="AccessLog" fileName="D:/20.Local/80.install/01.iChain/iChain4/logs/AccessLog2.log" filePattern="D:/20.Local/80.install/01.iChain/iChain4/logs/AccessLog2.log.%d{yyyy-MM-dd}">
  			<PatternLayout pattern="%d %-5p [%t] %-17c{2} (%13F:%L) %3x - %m%n"></PatternLayout>
  			<Policies>
        		<TimeBasedTriggeringPolicy interval="1" modulate="true" />
      		</Policies>
    	</RollingFile>
     	<RollingFile name="LogInOut" fileName="D:/20.Local/80.install/01.iChain/iChain4/logs/LogInOut.log" filePattern="D:/20.Local/80.install/01.iChain/iChain4/logs/LogInOut.log.%d{yyyy-MM-dd}">
  			<PatternLayout pattern="%d %-5p [%t] %-17c{2} (%13F:%L) %3x - %m%n"></PatternLayout>
  			<Policies>
        		<TimeBasedTriggeringPolicy interval="1" modulate="true" />
      		</Policies>
    	</RollingFile>
	</Appenders>
	<!-- NSC logger -->
	<Loggers>
		<Logger name="nsc.log" level= "DEBUG" additivity="false">	
        	<AppenderRef ref="console"/>
        	<AppenderRef ref="logfile-daily"/>
    	</Logger> 
    
		<Logger name="com.nsc" level= "DEBUG" additivity="false">
        	<AppenderRef ref="console"/>
        	<AppenderRef ref="logfile-daily"/>
    	</Logger>   
    
    	<Logger name="com.nsc.common.AccessLog" level= "DEBUG" additivity="false">	
        	<AppenderRef ref="console"/>
        	<AppenderRef ref="AccessLog"/>
    	</Logger>   
    
    	<Logger name="com.nsc.common.LogInOut" level= "DEBUG" additivity="false">	
        	<AppenderRef ref="console"/>
        	<AppenderRef ref="LogInOut"/>
    	</Logger>  
    
		<Logger name="org.springframework.context" level= "WARN" additivity="false">
			<AppenderRef ref="console" />
			<AppenderRef ref="logfile-daily"/>
		</Logger>
	
		<Logger name="org.springframework.web" level= "WARN" additivity="false">
			<AppenderRef ref="console" />
			<AppenderRef ref="logfile-daily"/>
		</Logger>
	
		<Logger name="com.nsc.jdbc.support.CompleteQueryPostProcessor" level= "INFO" additivity="false">
    		<AppenderRef ref="console" />
    		<AppenderRef ref="logfile-daily"/>
		</Logger>

		<Logger name="com.nsc.jdbc.support.InjectionPatternPostProcessor" level= "WARN" additivity="false">
	    	<AppenderRef ref="console" />
		</Logger>
	
		<Logger name="com.opensymphony.oscache" level= "WARN" additivity="false">
			<AppenderRef ref="console" />
			<AppenderRef ref="logfile-daily"/>
		</Logger>
    	<Root level="INFO">
    		<AppenderRef ref="console"/>
    		<AppenderRef ref="logfile-daily"/>
    	</Root>
    </Loggers>
</Configuration>
