<beans xmlns="http://www.springframework.org/schema/beans"
	xmlns:xsi="http://www.w3.org/2001/XMLSchema-instance"
	xsi:schemaLocation="http://www.springframework.org/schema/beans http://www.springframework.org/schema/beans/spring-beans-4.3.xsd">
	<bean id="messageSource"
		class="org.springframework.context.support.ReloadableResourceBundleMessageSource">
		<property name="basenames">
			<list>
			    <value>classpath:message/message-nsc</value>
			</list>
		</property>
		<property name="defaultEncoding" value="UTF-8"/>
		<!-- message 를 reload 시간을 설정 하려면 값을 변경 하세요 단위는 second 입니다. -->
		<property name="cacheSeconds" value="-1"/>
	</bean>
</beans> 