<?xml version="1.0" encoding="UTF-8"?>
<beans xmlns="http://www.springframework.org/schema/beans"
	xmlns:xsi="http://www.w3.org/2001/XMLSchema-instance" xmlns:context="http://www.springframework.org/schema/context"
	xmlns:aop="http://www.springframework.org/schema/aop"
	xsi:schemaLocation="http://www.springframework.org/schema/beans http://www.springframework.org/schema/beans/spring-beans-4.3.xsd
		http://www.springframework.org/schema/context http://www.springframework.org/schema/context/spring-context-4.3.xsd
		http://www.springframework.org/schema/aop http://www.springframework.org/schema/aop/spring-aop-4.3.xsd"
	default-init-method="init">

	<!--AOP(Aspect Oriented Programming) -->
	<aop:aspectj-autoproxy />

	<!-- Menu Load Aspect -->
	<bean id="menuLoadAspect" class="com.nsc.auth.MenuLoadAspect" />
	<aop:config>
		<aop:pointcut id="menuLoadMethod"
			expression="execution(* com.nsc.menu.IMenuService.*(..))" />
		<aop:advisor advice-ref="menuLoadAspect" pointcut-ref="menuLoadMethod" />
	</aop:config>

	<!-- Logging Aspect -->
	<bean id="loggingAspect" class="com.nsc.common.aspect.LoggingAspect" />
	<aop:config>
		<aop:pointcut id="loggingPointcut" expression="execution(* com.nsc..*Impl.*(..) ) &amp;&amp; !within(com.nsc..SessionHolderImpl || com.nsc..SystemUsersServiceImpl || com.nsc..MenuServiceImpl || com.nsc..RoleServiceImpl || com.nsc..VariablesServiceImpl)" />
		<aop:aspect ref="loggingAspect">
			<aop:before pointcut-ref="loggingPointcut" method="beforeLogging" />
		</aop:aspect>
	</aop:config>
	
	<bean id="batchLoggerAspect" class="com.nsc.common.aspect.BatchLoggerAspect" />
	
</beans>