<?xml version="1.0" encoding="UTF-8"?>
<beans xmlns="http://www.springframework.org/schema/beans"
	xmlns:xsi="http://www.w3.org/2001/XMLSchema-instance" 
	xmlns:tx="http://www.springframework.org/schema/tx"
	xmlns:util="http://www.springframework.org/schema/util" 
	xmlns:aop="http://www.springframework.org/schema/aop"
	xsi:schemaLocation="http://www.springframework.org/schema/beans http://www.springframework.org/schema/beans/spring-beans-4.3.xsd
						http://www.springframework.org/schema/tx http://www.springframework.org/schema/tx/spring-tx-4.3.xsd
						http://www.springframework.org/schema/util http://www.springframework.org/schema/util/spring-util-4.3.xsd
						http://www.springframework.org/schema/aop http://www.springframework.org/schema/aop/spring-aop-4.3.xsd">

	<util:properties id="contextProperties" location="classpath:context.properties" />
	
	<bean id="dataSource" class="org.apache.commons.dbcp.BasicDataSource" destroy-method="close">
		<property name="driverClassName" value="#{contextProperties.driver}" />
		<property name="url" value="#{contextProperties.url}" />
		<property name="username" value="#{contextProperties.username}" />
		<property name="password" value="#{contextProperties.password}" />
		<property name="maxActive" value="50"/>
		<property name="maxIdle" value="30"/>
		<property name="maxWait" value="10000"/>
		<property name="removeAbandoned" value="true"/>
		<property name="removeAbandonedTimeout" value="10"/>
		<property name="validationQuery" value="SELECT 1 FROM ZZT_SYS" />
		<property name="testOnBorrow" value="true" />
	</bean>
	
	<bean id="txManager" class="org.springframework.jdbc.datasource.DataSourceTransactionManager">
		<property name="dataSource" ref="dataSource" />
	</bean>
	
	<tx:annotation-driven transaction-manager="txManager" />
	
</beans>
