<?xml version="1.0" encoding="utf-8"?>
<beans xmlns="http://www.springframework.org/schema/beans" xmlns:xsi="http://www.w3.org/2001/XMLSchema-instance" xmlns:tx="http://www.springframework.org/schema/tx"
	xmlns:util="http://www.springframework.org/schema/util" xmlns:aop="http://www.springframework.org/schema/aop"
	xsi:schemaLocation="http://www.springframework.org/schema/beans http://www.springframework.org/schema/beans/spring-beans-4.3.xsd 
	http://www.springframework.org/schema/tx http://www.springframework.org/schema/tx/spring-tx-4.3.xsd 
	http://www.springframework.org/schema/util http://www.springframework.org/schema/util/spring-util-4.3.xsd 
	http://www.springframework.org/schema/aop http://www.springframework.org/schema/aop/spring-aop-4.3.xsd">
 
    <bean id="sqlMap" class="org.springframework.orm.ibatis.SqlMapClientFactoryBean">
        <property name="configLocation">
	        <value>classpath:sql/ibatis2/oracle/SqlMapConfig.xml</value>
	        <!-- <value>classpath:sql/ibatis2/mysql/SqlMapConfig.xml</value> -->
	        <!-- <value>classpath:sql/ibatis2/mssql/SqlMapConfig.xml</value> -->
	        <!-- <value>classpath:sql/ibatis2/tibero/SqlMapConfig.xml</value> -->
        </property>
        <property name="dataSource" ref="dataSource" />
    </bean>
</beans>
