<?xml version="1.0" encoding="UTF-8"?>
<beans xmlns="http://www.springframework.org/schema/beans"
	xmlns:xsi="http://www.w3.org/2001/XMLSchema-instance" xmlns:context="http://www.springframework.org/schema/context"
	xmlns:aop="http://www.springframework.org/schema/aop"
	xsi:schemaLocation="http://www.springframework.org/schema/beans http://www.springframework.org/schema/beans/spring-beans-4.3.xsd
		http://www.springframework.org/schema/context http://www.springframework.org/schema/context/spring-context-4.3.xsd
		http://www.springframework.org/schema/aop http://www.springframework.org/schema/aop/spring-aop-4.3.xsd" default-init-method="init" >

	<!--AOP(Aspect Oriented Programming)-->
	<aop:aspectj-autoproxy />

	<!-- BeanUtils Converter -->
	<bean class="com.nsc.common.util.DataConverter"></bean>
	<bean class="com.nsc.common.impl.VariablesServiceImpl"></bean>
	<!-- Bean Scan Definition -->
	<context:component-scan base-package="com.nsc" use-default-filters="true">
		<context:include-filter type="annotation" expression="org.springframework.stereotype.Service" />
		<context:include-filter type="annotation" expression="org.springframework.stereotype.Repository" />
		<context:include-filter type="annotation" expression="org.springframework.stereotype.Component" />
		<context:exclude-filter type="annotation" expression="org.springframework.stereotype.Controller" />
	</context:component-scan>
	
	<!-- Upload File Size Definition -->
	<bean id="multipartResolver"
		class="org.springframework.web.multipart.commons.CommonsMultipartResolver">
		<property name="maxUploadSize">
		<!-- 파일 업로드 최대 용량 단위 byte -->
			<value>#{configProperties['common.upload.limit.size']}</value>
		</property>
	</bean>
	<bean name="UUIdGenerationService" class="com.nsc.common.util.CommonUUIdGenService">
	</bean>
	
</beans>