<?xml version="1.0" encoding="UTF-8"?>
<beans xmlns="http://www.springframework.org/schema/beans"
	xmlns:xsi="http://www.w3.org/2001/XMLSchema-instance" xmlns:context="http://www.springframework.org/schema/context"
	xmlns:mvc="http://www.springframework.org/schema/mvc" xmlns:aop="http://www.springframework.org/schema/aop"
	xsi:schemaLocation="http://www.springframework.org/schema/beans http://www.springframework.org/schema/beans/spring-beans-4.3.xsd
		http://www.springframework.org/schema/context http://www.springframework.org/schema/context/spring-context-4.3.xsd
		http://www.springframework.org/schema/mvc http://www.springframework.org/schema/mvc/spring-mvc-4.3.xsd
		http://www.springframework.org/schema/aop http://www.springframework.org/schema/aop/spring-aop-4.3.xsd" >

	<mvc:annotation-driven />
	
	<!-- <mvc:annotation-driven /> -->
	<mvc:default-servlet-handler />
	
	<context:component-scan base-package="com.nsc" use-default-filters="false">
		<context:include-filter type="annotation" expression="org.springframework.stereotype.Controller" />
	</context:component-scan>
	
	<bean name="NscPostProcessor" class="com.nsc.common.NscPostProcessor" />
	
	<!-- <bean class="org.springframework.web.servlet.mvc.annotation.DefaultAnnotationHandlerMapping" /> -->
	
	<bean class="org.springframework.web.servlet.mvc.annotation.DefaultAnnotationHandlerMapping">
		<property name="alwaysUseFullPath" value="true" />
	</bean>
	
	<bean class="org.springframework.web.servlet.mvc.annotation.AnnotationMethodHandlerAdapter">
		<property name="alwaysUseFullPath" value="true" />
	</bean>
	
	<bean id="exceptionResolver"
		class="org.springframework.web.servlet.handler.SimpleMappingExceptionResolver">
		<property name="exceptionMappings">
			<props>
				<prop key="com.nsc.identity.WatingUserException">        <!-- 사용자가 등록 신청을 했지만 아직 승인이 나지 않아 승인대기 중이라는 화면으로간다. -->
					/identity/anonymous/userWatingError
				</prop>
				<prop key="com.nsc.identity.ExpireUserException">        <!-- 사용자가 사용자가 퇴직 전배등의 사유로 Inactive 된경우 -->
					/identity/anonymous/expireUser
				</prop>
				<prop key="com.nsc.identity.InactiveUserException">        <!-- 사용자가 사용자가 퇴직 전배등의 사유로 Inactive 된경우 -->
					/identity/anonymous/inActiveUser
				</prop>
				<prop key="com.nsc.identity.UnknowUserException">        <!-- 사용자 로그인 시 토근값 및 랜덤키가 변경되어 재 로그인이 필요할 경우 -->
					/identity/anonymous/unknowUser
				</prop>
				<prop key="com.nsc.identity.WrongPasswordException">        <!-- ID/Pass 가 틀린경우 -->
					/identity/anonymous/wrongPassword
				</prop>
				<prop key="com.nsc.auth.AccessDeniedException">        <!-- 권한이 없는 경우 -->
					/identity/anonymous/accessDenied
				</prop>
				<prop key="defaultErrorView">/identity/anonymous/errorPage</prop>
			</props>
		</property>
	</bean>

	<bean id="localeResolver"
		class="org.springframework.web.servlet.i18n.SessionLocaleResolver">
		<property name="defaultLocale" value="#{configProperties['common.default.locale']}" />
	</bean>

	<bean id="tilesViewResolver" class="org.springbyexample.web.servlet.view.tiles2.TilesUrlBasedViewResolver">
        <property name="viewClass" value="org.springbyexample.web.servlet.view.tiles2.DynamicTilesView" />
        <property name="prefix" value="/WEB-INF/jsp/"/>
        <property name="suffix" value=".jsp"/>
    	<property name="tilesDefinitionDelimiter" value="." />
    	<property name="tilesBodyAttributeName" value="body" />
    	<property name="cache" value="false" />
    </bean>

	<bean id="tilesConfigurer"
		class="org.springframework.web.servlet.view.tiles2.TilesConfigurer">
		<property name="definitions">
			<list>
			<value>/WEB-INF/tiles-definitions/tiles-*.xml</value>
			</list>
		</property>
	</bean>
	
	<mvc:interceptors>
		<bean class="com.nsc.common.ui.InjectDefaultVariablesInterceptor" />
	</mvc:interceptors>
		
</beans>
