<?xml version="1.0" encoding="UTF-8"?>
<beans xmlns="http://www.springframework.org/schema/beans"
	xmlns:xsi="http://www.w3.org/2001/XMLSchema-instance" xmlns:context="http://www.springframework.org/schema/context"
	xmlns:websocket="http://www.springframework.org/schema/websocket"
	xsi:schemaLocation="http://www.springframework.org/schema/beans http://www.springframework.org/schema/beans/spring-beans-4.3.xsd
		http://www.springframework.org/schema/context http://www.springframework.org/schema/context/spring-context-4.3.xsd
		http://www.springframework.org/schema/websocket http://www.springframework.org/schema/websocket/spring-websocket-4.3.xsd" >

	<bean id="broadCastHandler" class="com.nsc.common.websocket.BroadCastHandler"></bean>
	<bean id="receiveSockHandler" class="com.nsc.common.websocket.ReceiveSockHandler"></bean>
	
	<websocket:handlers allowed-origins="*">
		<websocket:mapping path="/websocket/echo" handler="broadCastHandler" />
		<websocket:sockjs />
	</websocket:handlers>
	
	<websocket:handlers allowed-origins="*">
		<websocket:mapping path="/websocket/message" handler="receiveSockHandler" />
	</websocket:handlers>
	
	
</beans>
