<?xml version="1.0" encoding="UTF-8" ?>
<!DOCTYPE sqlMap PUBLIC "-//ibatis.apache.org//DTD SQL Map 2.0//EN"
"http://ibatis.apache.org/dtd/sql-map-2.dtd">

<sqlMap namespace="com.nsc.common.entity.AttachFile">

	<typeAlias alias="file" type="com.nsc.common.entity.AttachFile"/>

	<resultMap id="fileMap"  class="file" >
		<result property="fileId" column="FILE_ID"/>
		<result property="fileName" column="FILE_NAME"/>
		<result property="filePathName" column="FILE_PATH_NAME"/>
		<result property="fileSize" column="FILE_SIZE"/>
		<result property="ownerObjectPkId" column="OWNER_OBJECT_PK_ID"/>
		<result property="fileExtensionName" column="FILE_EXTENSION_NAME"/>
		<result property="firstRegDatetime" column="FIRST_REG_DATETIME" jdbcType="TIMESTAMP" />
		<result property="firstRegrId" column="FIRST_REGR_ID"/>
		<result property="lastModDatetime" column="LAST_MOD_DATETIME" jdbcType="TIMESTAMP" />
		<result property="lastModrId" column="LAST_MODR_ID"/>
		<result property="fileMimeTypeName" column="FILE_MIME_TYPE_NAME"/>
		<result property="deleted" column="DELETE_YN"/>
		<result property="downloadType" column="DOWNLOAD_TYPE"/>
	</resultMap>
	
	<select id="selectFileInfo" resultMap="fileMap">
		SELECT FILE_ID,FILE_NAME, FILE_PATH_NAME, FILE_SIZE, OWNER_OBJECT_PK_ID, FILE_EXTENSION_NAME 
		     , FIRST_REG_DATETIME, FIRST_REGR_ID, LAST_MOD_DATETIME, LAST_MODR_ID
		     , FILE_MIME_TYPE_NAME, DELETE_YN, DOWNLOAD_TYPE 
		 FROM ZZT_ATTACH_FILE
		WHERE (DELETE_YN IS NULL OR DELETE_YN <![CDATA[!=]]> '1')
		<dynamic>
			<isNotNull prepend="AND"  property="fileId">
			   FILE_ID = #fileId# 
			</isNotNull>
			<isNotNull prepend="AND"  property="refId">
			   OWNER_OBJECT_PK_ID = #refId# 
			</isNotNull>
			<isNotNull prepend="AND"  property="downloadType">
			   DOWNLOAD_TYPE = #downloadType#
			</isNotNull>
		</dynamic>
		ORDER BY FIRST_REG_DATETIME
	</select>
	
	<insert id="insertFileInfo" parameterClass="file">
		INSERT INTO ZZT_ATTACH_FILE(FILE_ID, FILE_NAME, FILE_PATH_NAME, FILE_SIZE, OWNER_OBJECT_PK_ID, FILE_EXTENSION_NAME, DOWNLOAD_TYPE, DELETE_YN, FIRST_REGR_ID, FIRST_REG_DATETIME)
		VALUES(#fileId#, #fileName#, #filePathName#, #fileSize#, #ownerObjectPkId#, #fileExtensionName#, #downloadType#, '0', #firstRegrId#, #firstRegDatetime,jdbcType=TIMESTAMP#)
	</insert>
	
	<update id="updateFileRefInfo" parameterClass="java.util.HashMap">
		UPDATE ZZT_ATTACH_FILE SET OWNER_OBJECT_PK_ID = #ownerObjectPkId#, FILE_PATH_NAME = #filePathName# 
		 WHERE FILE_ID = #fileId# 
		<dynamic>
			<isNotNull prepend="AND" property="downloadType">
			DOWNLOAD_TYPE = #downloadType#
			</isNotNull>
		</dynamic>
	</update>
	
	<update id="updateDeleteFileInfo" parameterClass="java.util.HashMap">
		UPDATE ZZT_ATTACH_FILE SET DELETE_YN='1' 
		 WHERE OWNER_OBJECT_PK_ID = #ownerObjectPkId# 
		<dynamic>
			<isPropertyAvailable property="files">
				<isNotNull prepend="AND FILE_ID NOT IN" property="files">
					<iterate property="files" open="(" conjunction="," close=")">
						#files[].fileId#
					</iterate>
				</isNotNull>
			</isPropertyAvailable>
			<isNotNull prepend="AND" property="downloadType">
				DOWNLOAD_TYPE = #downloadType#
			</isNotNull>
		</dynamic>
	</update>
	
<!-- REQ-210002 서비스 등록 첨부 파일 삭제 - 누락된 fileId 파라미터 추가-->
	<delete id="deleteFileInfo" parameterClass="java.util.HashMap">
		DELETE FROM ZZT_ATTACH_FILE
		 WHERE OWNER_OBJECT_PK_ID = #ownerObjectPkId# 
		   AND DOWNLOAD_TYPE = #downloadType#
		   <isNotNull prepend="AND" property="fileId">
		   FILE_ID = #fileId#
		   </isNotNull> 
		   <isNotNull prepend="AND" property="filesName">
		   FILE_NAME = #filesName#
		   </isNotNull>
	</delete>
	
</sqlMap>