<?xml version="1.0" encoding="UTF-8" ?>
<!DOCTYPE sqlMap PUBLIC "-//ibatis.apache.org//DTD SQL Map 2.0//EN"
"http://ibatis.apache.org/dtd/sql-map-2.dtd">

<sqlMap namespace="com.nsc.server.entity.ServerInfo">

	<!-- Use type aliases to avoid typing the full classname every time. -->
	<typeAlias alias="server" type="com.nsc.server.entity.ServerInfo"/>
	<typeAlias alias="instanceGroup" type="com.nsc.server.entity.InstanceGroup"/>
	<typeAlias alias="instance" type="com.nsc.server.entity.InstanceServer"/>
	
	<resultMap id="serverResult" class="server">
		<result property="serverId" column="SERVER_ID"/>
		<result property="serviceLayer" column="SERVICE_LAYER"/>
		<result property="serviceLayerName" column="SERVICE_LAYER_NAME"/>
		<result property="serverIp" column="SERVER_IP"/>
		<result property="serverName" column="SERVER_NAME"/>
		<result property="serverDescription" column="SERVER_DESCRIPTION"/>
		<result property="useCpu" column="CPU_USED"/>
		<result property="useMemory" column="MEMORY_USED"/>
		<result property="useDisk" column="DISK_USED"/>
		<result property="totalMemory" column="TOTAL_MEMORY"/>
		<result property="sortSeq" column="SORT_SEQ"/>
	</resultMap>
	
	<resultMap id="serverCurrentResult" class="server">
		<result property="serverName" column="SERVER_NAME" />
		<result property="serverIp" column="SERVER_IP" />
		<result property="useCpu" column="CPU_USED" />
		<result property="useMemory" column="MEMORY_USED" />
		<result property="useDisk" column="DISK_USED" />
		<result property="totalMemory" column="TOTAL_MEMORY" />
	</resultMap>
	
	<resultMap id="instanceGroupResult" class="instanceGroup">
		<result property="instanceId" column="INSTANCE_ID" />
		<result property="serviceLayer" column="SERVICE_LAYER" />
		<result property="serviceLayerName" column="SERVICE_LAYER_NAME" />
		<result property="groupName" column="GROUP_NAME" />
		<result property="description" column="DESCRIPTION" />
	</resultMap>
	
	<resultMap id="instanceServerResult" class="instance">
		<result property="instanceId" column="INSTANCE_ID" />
		<result property="instanceSeq" column="INSTANCE_SEQ" />
		<result property="instanceName" column="INSTANCE_NAME" />
		<result property="hostName" column="HOST_NAME" />
		<result property="protocol" column="PROTOCOL" />
		<result property="ipAddress" column="IP" />
		<result property="port" column="PORT" />
		<result property="serviceLayer" column="SERVICE_LAYER" />
		<result property="serviceLayerName" column="SERVICE_LAYER_NAME" />
		<result property="instanceUser" column="INSTANCE_USER" />
		<result property="instancePW" column="INSTANCE_PASSWORD" />
		<result property="serverDescription" column="DESCRIPTION" />
		<result property="version" column="VERSION" />
		<result property="serverId" column="SERVER_ID" />
		<result property="serverName" column="SERVER_NAME" />
		<result property="brokerName" column="BROKER_NAME" />
		<result property="brokerIP" column="BROKER_IP" />
		<result property="brokerPort" column="BROKER_PORT" />
		<result property="activeMode" column="ACTIVE_MODE" />
		<result property="activeModeName" column="ACTIVE_MODE_NAME" />
		<result property="monitor" column="MONITOR" />
		<result property="instanceType" column="INSTANCE_TYPE" />
		<result property="instanceTypeName" column="INSTANCE_TYPE_NAME" />
	</resultMap>
	
	<select id="selectServerListAll" resultMap="serverResult">
		SELECT SERVER_ID, SERVICE_LAYER, SERVER_IP, SERVER_NAME, SERVER_DESCRIPTION, CPU_USED, MEMORY_USED, DISK_USED, TOTAL_MEMORY, SORT_SEQ,
		       (SELECT DECODE(#lang#, 'ko', CODE_NAME_KO, CODE_NAME_EN) 
		          FROM ZZT_TCM_CODE WHERE CODE_GROUP = 'SVRGROUP' AND CODE = A.SERVICE_LAYER) AS SERVICE_LAYER_NAME
		  FROM ZZT_SERVER_INFO A
		 <dynamic prepend="WHERE">
		 	<isNotEmpty prepend="AND" property="serviceLayer">
				A.SERVICE_LAYER = #serviceLayer#
			</isNotEmpty>			
		 </dynamic>
		ORDER BY SORT_SEQ, SERVER_NAME
	</select>
	
	<select id="selectServerList" resultMap="serverResult">
	SELECT SERVER_ID, SERVICE_LAYER, SERVER_IP, SERVER_NAME, SERVER_DESCRIPTION, 
	       CPU_USED, MEMORY_USED, DISK_USED, TOTAL_MEMORY, SORT_SEQ, SERVICE_LAYER_NAME
	  FROM (
			SELECT ROWNUM AS RNUM, Z.*
			  FROM (
					SELECT SERVER_ID, SERVICE_LAYER, SERVER_IP, SERVER_NAME, SERVER_DESCRIPTION, CPU_USED, MEMORY_USED, DISK_USED, TOTAL_MEMORY, SORT_SEQ,
					       (SELECT DECODE(#lang#, 'ko', CODE_NAME_KO, CODE_NAME_EN) 
					          FROM ZZT_TCM_CODE WHERE CODE_GROUP = 'SVRGROUP' AND CODE = A.SERVICE_LAYER) AS SERVICE_LAYER_NAME
					  FROM ZZT_SERVER_INFO A
					 <dynamic prepend="WHERE">
					 	<isNotEmpty prepend="AND" property="serverName">
							A.SERVER_NAME LIKE '%' || #serverName# || '%'
						</isNotEmpty>
						<isNotEmpty prepend="AND" property="serverIp">
							A.SERVER_IP LIKE '%' || #serverIp# || '%'
						</isNotEmpty>
						<isNotEmpty prepend="AND" property="serviceLayer">
							A.SERVICE_LAYER = #serviceLayer#
						</isNotEmpty>
					 </dynamic>
					ORDER BY A.SORT_SEQ, A.SERVER_NAME
					) Z
			WHERE ROWNUM <![CDATA[<=]]> ($pageSize$*$pageIndex$)
			) T
	 WHERE RNUM <![CDATA[>]]> ($pageSize$*$pageIndex$) - $pageSize$		
	 ORDER BY SORT_SEQ, SERVER_NAME
	</select>
	
	<select id="countServerList" resultClass="int">
		SELECT COUNT(1) AS TOTAL
		  FROM ZZT_SERVER_INFO
		 <dynamic prepend="WHERE">
		 	<isNotEmpty prepend="AND" property="serverName">
				SERVER_NAME LIKE '%' || #serverName# || '%'
			</isNotEmpty>
			<isNotEmpty prepend="AND" property="serverIp">
				SERVER_IP LIKE '%' || #serverIp# || '%'
			</isNotEmpty>
		 </dynamic>
	</select>
	
	<select id="selectServerDuplicateCheck" parameterClass="server" resultClass="int">
		SELECT COUNT(1) AS CNT
		  FROM ZZT_SERVER_INFO
		 <dynamic prepend="WHERE">
		 	<isNotEmpty prepend="AND" property="serverIp">
				SERVER_IP = #serverIp#
			</isNotEmpty>
			<isNotEmpty prepend="AND" property="serviceLayer">
				SERVICE_LAYER = #serviceLayer#
			</isNotEmpty>
		 </dynamic>
	</select>
	 
	<insert id="insertServerInfo" parameterClass="server">
		INSERT INTO ZZT_SERVER_INFO(SERVER_ID, SERVICE_LAYER, SERVER_IP, SERVER_NAME, SERVER_DESCRIPTION, TOTAL_MEMORY, SORT_SEQ)
		VALUES(#serverId#, #serviceLayer#, #serverIp#, #serverName#, #serverDescription#, #totalMemory#, #sortSeq#)
	</insert>
	
	<update id="updateServerInfo" parameterClass="server">
		UPDATE ZZT_SERVER_INFO
		   SET SERVICE_LAYER = #serviceLayer#,
		       SERVER_IP = #serverIp#,
		       SERVER_NAME = #serverName#,
		       SERVER_DESCRIPTION = #serverDescription#,
		       TOTAL_MEMORY = #totalMemory#,
		       SORT_SEQ = #sortSeq#
		 WHERE SERVER_ID = #serverId#
	</update>
	
	<select id="countInstanceServerCheck" resultClass="int">
		SELECT COUNT(1) AS CNT
		  FROM ZZT_INSTANCE_SERVER
		 <isPropertyAvailable property="servers">
			<isNotNull prepend="WHERE SERVER_ID IN" property="servers">
				<iterate property="servers" open="(" conjunction="," close=")">
					#servers[]#
				</iterate>
			</isNotNull>
		</isPropertyAvailable>
	</select>
	
	<delete id="deleteServerInfo">
		DELETE FROM ZZT_SERVER_INFO WHERE SERVER_ID = #serverId#
	</delete>
	
	<select id="selectServers" resultMap="serverCurrentResult">
		/* ==IGNORE_LOG== */
		SELECT SERVER_NAME, SERVER_IP, 
		       NVL(CPU_USED, '0') CPU_USED, 
		       NVL(MEMORY_USED, '0') MEMORY_USED, 
		       NVL(DISK_USED, '0') DISK_USED, 
		       NVL(TOTAL_MEMORY, '2') TOTAL_MEMORY
		  FROM ZZT_SERVER_INFO
		 <dynamic prepend="WHERE">
		 	<isNotEmpty prepend="AND" property="serviceLayer">
				SERVICE_LAYER = #serviceLayer#
			</isNotEmpty>			
		 </dynamic>
		 ORDER BY SORT_SEQ
	</select>
	
	<update id="updateServerStatus" parameterClass="server">
		/* ==IGNORE_LOG== */
		UPDATE ZZT_SERVER_INFO
		   SET CPU_USED = #useCpu#,
		       MEMORY_USED = #useMemory#,
		       DISK_USED = #useDisk#
		       <isNotEmpty property="totalMemory">
		       , TOTAL_MEMORY = #totalMemory#
		       </isNotEmpty>
		 WHERE SERVER_IP = #serverIp#
	</update>
	
	<update id="updateAllServerInfo">
		/* ==IGNORE_LOG== */
		UPDATE ZZT_SERVER_INFO
		   SET CPU_USED = '0',
		       MEMORY_USED = '0',
		       DISK_USED = '0'
		 WHERE SERVER_ID IS NOT NULL
	</update>
	
	<select id="selectInstanceGroupList" resultMap="instanceGroupResult">
	SELECT INSTANCE_ID, SERVICE_LAYER, GROUP_NAME, DESCRIPTION, SERVICE_LAYER_NAME
	  FROM (
			SELECT ROWNUM AS RNUM, Z.*
			  FROM (
					SELECT A.INSTANCE_ID, A.SERVICE_LAYER, A.GROUP_NAME, A.DESCRIPTION,
					       (SELECT DECODE(#lang#, 'ko', CODE_NAME_KO, CODE_NAME_EN) 
					          FROM ZZT_TCM_CODE WHERE CODE_GROUP = 'SVRGROUP' AND CODE = A.SERVICE_LAYER) AS SERVICE_LAYER_NAME
					  FROM ZZT_INSTANCE_GROUP A
					 <dynamic prepend="WHERE">
					 	<isNotEmpty prepend="AND" property="serviceLayer">
							A.SERVICE_LAYER = #serviceLayer#
						</isNotEmpty>
					 </dynamic>
					ORDER BY A.INSTANCE_ID
					) Z
			  WHERE ROWNUM <![CDATA[<=]]> ($pageSize$*$pageIndex$)
			) T
	 WHERE RNUM <![CDATA[>]]> ($pageSize$*$pageIndex$) - $pageSize$	  
	 ORDER BY INSTANCE_ID
	</select>
	
	<select id="countInstanceGroupList" resultClass="int">
		SELECT COUNT(1) AS TOTAL
		  FROM ZZT_INSTANCE_GROUP
		 <dynamic prepend="WHERE">
		 	<isNotEmpty prepend="AND" property="serviceLayer">
				SERVICE_LAYER = #serviceLayer#
			</isNotEmpty>
		 </dynamic>
	</select>
	
	<select id="selectInstanceServerList" resultMap="instanceServerResult">
	SELECT INSTANCE_ID, INSTANCE_SEQ, INSTANCE_NAME, HOST_NAME, PROTOCOL, IP, PORT,
	       SERVICE_LAYER, INSTANCE_USER, INSTANCE_PASSWORD, DESCRIPTION, VERSION,
	       SERVER_ID, BROKER_NAME, BROKER_IP, BROKER_PORT, ACTIVE_MODE, MONITOR, INSTANCE_TYPE, INSTANCE_TYPE_NAME,
	       SERVICE_LAYER_NAME, SERVER_NAME, ACTIVE_MODE_NAME
	  FROM (
			SELECT ROWNUM AS RNUM, Z.*
			  FROM (
					SELECT A.INSTANCE_ID, A.INSTANCE_SEQ, A.INSTANCE_NAME, A.HOST_NAME, A.PROTOCOL, A.IP, A.PORT,
					       A.SERVICE_LAYER, A.INSTANCE_USER, A.INSTANCE_PASSWORD, A.DESCRIPTION, A.VERSION,
					       A.SERVER_ID, A.BROKER_NAME, A.BROKER_IP, A.BROKER_PORT, A.ACTIVE_MODE, A.MONITOR,
					       A.INSTANCE_TYPE,
					       (SELECT DECODE(#lang#, 'ko', CODE_NAME_KO, CODE_NAME_EN) 
					          FROM ZZT_TCM_CODE WHERE CODE_GROUP = 'ISTTYPE' AND CODE = A.INSTANCE_TYPE) AS INSTANCE_TYPE_NAME,
					       (SELECT DECODE(#lang#, 'ko', CODE_NAME_KO, CODE_NAME_EN) 
					          FROM ZZT_TCM_CODE WHERE CODE_GROUP = 'SVRGROUP' AND CODE = A.SERVICE_LAYER) AS SERVICE_LAYER_NAME,
					       (SELECT SERVER_NAME FROM ZZT_SERVER_INFO WHERE SERVER_ID = A.SERVER_ID) SERVER_NAME,
					       (SELECT DECODE(#lang#, 'ko', CODE_NAME_KO, CODE_NAME_EN) 
					          FROM ZZT_TCM_CODE WHERE CODE_GROUP = 'ACTMOD' AND CODE = A.ACTIVE_MODE) AS ACTIVE_MODE_NAME
					  FROM ZZT_INSTANCE_SERVER A
					 <dynamic prepend="WHERE">
					 	<isNotEmpty prepend="AND" property="instanceId">
							A.INSTANCE_ID = #instanceId#
						</isNotEmpty>
						<isNotEmpty prepend="AND" property="serviceLayer">
							A.SERVICE_LAYER = #serviceLayer#
						</isNotEmpty>
					 </dynamic>
					ORDER BY A.INSTANCE_ID
				  ) Z
			WHERE ROWNUM <![CDATA[<=]]> ($pageSize$*$pageIndex$)	  
			) T
	 WHERE RNUM <![CDATA[>]]> ($pageSize$*$pageIndex$) - $pageSize$
	 ORDER BY INSTANCE_ID
	</select>
	
	<select id="countInstanceServerList" resultClass="int">
		SELECT COUNT(1) AS TOTAL
		  FROM ZZT_INSTANCE_SERVER A
		 <dynamic prepend="WHERE">
		 	<isNotEmpty prepend="AND" property="instanceId">
				A.INSTANCE_ID = #instanceId#
			</isNotEmpty>
			<isNotEmpty prepend="AND" property="serviceLayer">
				A.SERVICE_LAYER = #serviceLayer#
			</isNotEmpty>
		 </dynamic>
	</select>
	
	<insert id="insertInstanceGroup" parameterClass="instanceGroup">
		INSERT INTO ZZT_INSTANCE_GROUP(INSTANCE_ID, SERVICE_LAYER, GROUP_NAME, DESCRIPTION)
		SELECT NVL(MAX(INSTANCE_ID),0) + 1 AS INSTANCE_ID,
		       #serviceLayer# AS SERVICE_LAYER,
			   #groupName# AS GROUP_NAME,
			   #description# AS DESCRIPTION
		  FROM ZZT_INSTANCE_GROUP
	</insert>
	
	<update id="updateInstanceGroup" parameterClass="instanceGroup">
		UPDATE ZZT_INSTANCE_GROUP
		   SET SERVICE_LAYER = #serviceLayer#,
		       GROUP_NAME = #groupName#,
		       DESCRIPTION = #description#
		 WHERE INSTANCE_ID = #instanceId#
	</update>
	
	<select id="countInstanceNameCheck" resultClass="int">
		SELECT COUNT(1) AS CNT
		  FROM ZZT_INSTANCE_SERVER
		 WHERE INSTANCE_NAME = #instanceName#
	</select>
	
	<insert id="insertInstanceServer" parameterClass="instance">
		INSERT INTO ZZT_INSTANCE_SERVER(INSTANCE_ID, INSTANCE_SEQ, INSTANCE_NAME, HOST_NAME, IP, PROTOCOL, PORT, SERVICE_LAYER,
		     INSTANCE_USER, INSTANCE_PASSWORD, DESCRIPTION, VERSION, SERVER_ID, BROKER_NAME, BROKER_IP, BROKER_PORT, 
		     ACTIVE_MODE, MONITOR, INSTANCE_TYPE, CREATE_DATE)
		SELECT #instanceId# AS INSTANCE_ID,
		       NVL(MAX(INSTANCE_SEQ),0) + 1 AS INSTANCE_SEQ,
		       #instanceName# AS INSTANCE_NAME,
		       #hostName# AS HOST_NAME,
		       #ipAddress# AS IP,
		       #protocol# AS PROTOCOL,
		       #port# AS PORT,
		       #serviceLayer# AS SERVICE_LAYER,
		       #instanceUser# AS INSTANCE_USER,
		       #instancePW# AS INSTANCE_PASSWORD,
		       #serverDescription# AS DESCRIPTION,
		       #version# AS VERSION,
		       #serverId# AS SERVER_ID,
		       #brokerName# AS BROKER_NAME,
		       #brokerIP# AS BROKER_IP,
		       #brokerPort# AS BROKER_PORT,
		       #activeMode# AS ACTIVE_MODE,
		       #monitor# AS MONITOR,
		       #instanceType# AS INSTANCE_TYPE,
		       SYSDATE AS CREATE_DATE
		  FROM ZZT_INSTANCE_SERVER
		 WHERE INSTANCE_ID = #instanceId#
	</insert>
	
	<update id="updateInstanceServer" parameterClass="instance">
		UPDATE ZZT_INSTANCE_SERVER
		   SET INSTANCE_NAME = #instanceName#,
		       HOST_NAME = #hostName#,
		       PROTOCOL = #protocol#,
		       IP = #ipAddress#,
		       PORT = #port#,
		       SERVICE_LAYER = #serviceLayer#,
		       INSTANCE_USER = #instanceUser#,
		       INSTANCE_PASSWORD = #instancePW#,
		       DESCRIPTION = #serverDescription#,
		       VERSION = #version#,
		       SERVER_ID = #serverId#,
		       BROKER_NAME = #brokerName#,
		       BROKER_IP = #brokerIP#,
		       BROKER_PORT = #brokerPort#,
		       ACTIVE_MODE = #activeMode#,
		       MONITOR = #monitor#,
		       MODIFY_DATE = SYSDATE
		 WHERE INSTANCE_ID = #instanceId#
		   AND INSTANCE_SEQ = #instanceSeq#
	</update>
	
	<select id="countInstanceMappingCheck" resultClass="int">
		SELECT COUNT(1) AS CNT
		  FROM ZZT_INSTANCE_SERVER
		 <isPropertyAvailable property="groups">
			<isNotNull prepend="WHERE INSTANCE_ID IN" property="groups">
				<iterate property="groups" open="(" conjunction="," close=")">
					#groups[]#
				</iterate>
			</isNotNull>
		</isPropertyAvailable>
	</select>
	
	<delete id="deleteInstanceLogSummary">
		DELETE FROM ZZT_LOG_SUMMARY WHERE INSTANCE_ID = #instanceId#
	</delete>
	
	<delete id="deleteInstanceLogSnapshot">
		DELETE FROM ZZT_LOG_SNAPSHOT WHERE INSTANCE_ID = #instanceId#
	</delete>
	
	<delete id="deleteInstanceLogHeader">
		DELETE FROM ZZT_LOG_HEADER WHERE INSTANCE_ID = #instanceId#
	</delete>
	
	<delete id="deleteInstanceLogInstance">
		DELETE FROM ZZT_LOG_INSTANCE_D WHERE INSTANCE_ID = #instanceId#
	</delete>
	
	<delete id="deleteInstanceGroup">
		DELETE FROM ZZT_INSTANCE_GROUP WHERE INSTANCE_ID = #instanceId#
	</delete>
	
	<delete id="deleteInstanceStatus">
		DELETE FROM ZZT_INSTANCE_STATUS WHERE INSTANCE_ID = #instanceId# AND INSTANCE_SEQ = #instanceSeq#
	</delete>
	
	<delete id="deleteInstanceRunningService">
		DELETE FROM ZZT_RUNNING_SERVICE WHERE INSTANCE_ID = #instanceId# AND INSTANCE_SEQ = #instanceSeq#
	</delete>
	
	<delete id="deleteInstanceServer">
		DELETE FROM ZZT_INSTANCE_SERVER WHERE INSTANCE_ID = #instanceId# AND INSTANCE_SEQ = #instanceSeq#
	</delete>
	
	<select id="selectInstanceGroup" resultMap="instanceGroupResult">
		SELECT A.INSTANCE_ID, A.SERVICE_LAYER, A.GROUP_NAME, A.DESCRIPTION,
		       (SELECT DECODE(#lang#, 'ko', CODE_NAME_KO, CODE_NAME_EN) 
		          FROM ZZT_TCM_CODE WHERE CODE_GROUP = 'SVRGROUP' AND CODE = A.SERVICE_LAYER) AS SERVICE_LAYER_NAME
		  FROM ZZT_INSTANCE_GROUP A
		 <dynamic prepend="WHERE">
		 	<isNotEmpty prepend="AND" property="serviceLayer">
				A.SERVICE_LAYER = #serviceLayer#
			</isNotEmpty>
		 </dynamic>
		ORDER BY A.INSTANCE_ID
	</select>
	
	<resultMap id="instanceObjectResult" class="java.util.HashMap">
		<result property="path" column="PATH" nullValue="" />
		<result property="user" column="INSTANCE_USER" nullValue="" />
		<result property="password" column="INSTANCE_PASSWORD" nullValue="" />
	</resultMap>
	
	<select id="selectInstanceObjectList" resultMap="instanceObjectResult">
		SELECT (PROTOCOL || '://' || IP || ':' || PORT) AS PATH, INSTANCE_USER, INSTANCE_PASSWORD
		  FROM ZZT_INSTANCE_SERVER
		<dynamic prepend="WHERE">
			<isNotEmpty prepend="AND" property="instanceId">
			   INSTANCE_ID = #instanceId# 
			</isNotEmpty>
			<isNotEmpty prepend="AND" property="serviceLayer">
			   SERVICE_LAYER = #serviceLayer# 
			</isNotEmpty>
		</dynamic>
		ORDER BY INSTANCE_ID
	</select>
	
	<!-- REQ-190031 : "서비스 로그" 실행권한이 없는 경우 Log History 화면에서 결과 항목이 Error 일때 보이는 "Close" 버튼도 안보이게 변경 부탁 드립니다. -->
	<select id="selectAuthCheckList" resultClass="java.util.HashMap">
		SELECT * 
		  FROM ZZT_WORK_AUTHORIZATION 
		 WHERE SYS_RESOURCE_ID IN ('AWSr8qSAAAGoHzTd') 
		   AND WORK_GROUP_ID = #workGroupId#
	</select>
</sqlMap>