<?xml version="1.0" encoding="UTF-8" ?>
<!DOCTYPE sqlMap PUBLIC "-//ibatis.apache.org//DTD SQL Map 2.0//EN"
"http://ibatis.apache.org/dtd/sql-map-2.dtd">

<sqlMap namespace="com.nsc.system.entity.PhysicalSystem">

	<!-- Use type aliases to avoid typing the full classname every time. -->
	<typeAlias alias="physical" type="com.nsc.system.entity.PhysicalSystem"/> 
	<typeAlias alias="logicalSystem" type="com.nsc.system.entity.LogicalSystem"/>
		
	<resultMap id="physicalResult" class="physical">
		<result property="physicalCode" column="PHYSICAL_CODE"/>
		<result property="physicalName" column="PHYSICAL_NAME"/>
		<result property="physicalType" column="PHYSICAL_TYPE"/>
		<result property="physicalTypeName" column="PHYSICAL_TYPE_NAME"/>
		<result property="typicalCode" column="TYPICAL_CODE"/>
		<result property="physicalIp" column="IP_ADDRESS"/>
		<result property="physicalPort" column="PORT"/>
		<result property="userName" column="USER_NAME"/>
		<result property="department" column="DEPARTMENT"/>
		<result property="phoneNumber" column="PHONE_NUMBER" />
		<result property="mobileNumber" column="MOBILE_NUMBER"/>
	</resultMap>
	
	<resultMap id="logicalSystemTreeResult" class="logicalSystem">
		<result property="systemCode"       column="SYSTEM_CODE"/>
		<result property="parentSystemCode" column="PARENT_SYSTEM_CODE"/>
		<result property="systemName"       column="SYSTEM_NAME"/>
		<result property="createDate"     	column="CREATE_DATE" jdbcType="TIMESTAMP"/>
		<result property="modifyDate"     	column="MODIFY_DATE" jdbcType="TIMESTAMP"/>
		<result property="leaf"         	column="ISLEAF"/>
	</resultMap>
		
	<select id="selectPhysicalList" resultMap="physicalResult">
	SELECT PHYSICAL_CODE, PHYSICAL_NAME, PHYSICAL_TYPE, PHYSICAL_TYPE_NAME,
	       TYPICAL_CODE, IP_ADDRESS, PORT, USER_NAME, DEPARTMENT, PHONE_NUMBER, MOBILE_NUMBER
	  FROM (
			SELECT ROWNUM AS RNUM, Z.*
			  FROM (
					SELECT A.PHYSICAL_CODE, A.PHYSICAL_NAME, A.PHYSICAL_TYPE,
					       (SELECT DECODE(#lang#, 'ko', CODE_NAME_KO, CODE_NAME_EN) 
					          FROM ZZT_TCM_CODE WHERE CODE_GROUP = 'PHYTYPE' AND CODE = A.PHYSICAL_TYPE) AS PHYSICAL_TYPE_NAME,
					       A.TYPICAL_CODE, A.IP_ADDRESS, A.PORT, A.USER_NAME, A.DEPARTMENT, A.PHONE_NUMBER, A.MOBILE_NUMBER
					  FROM ZZT_PHYSICAL_SYSTEM A
					 <dynamic prepend="WHERE">
					 	<isNotEmpty prepend="AND" property="physicalCode">
							A.PHYSICAL_CODE LIKE '%' || #physicalCode# || '%'
						</isNotEmpty>
						<isNotEmpty prepend="AND" property="physicalName">
							A.PHYSICAL_NAME LIKE '%' || #physicalName# || '%'
						</isNotEmpty>
					 </dynamic>
					ORDER BY A.PHYSICAL_CODE
				  ) Z
			 WHERE ROWNUM <![CDATA[<=]]> ($pageSize$*$pageIndex$)
			) T
	 WHERE RNUM <![CDATA[>]]> ($pageSize$*$pageIndex$) - $pageSize$
	 ORDER BY PHYSICAL_CODE	 
	</select>
	
	<select id="countPhysicalList" resultClass="int">
		SELECT COUNT(1) AS TOTAL
		  FROM ZZT_PHYSICAL_SYSTEM
		 <dynamic prepend="WHERE">
		 	<isNotEmpty prepend="AND" property="physicalCode">
				PHYSICAL_CODE LIKE '%' || #physicalCode# || '%'
			</isNotEmpty>
			<isNotEmpty prepend="AND" property="physicalName">
				PHYSICAL_NAME LIKE '%' || #physicalName# || '%'
			</isNotEmpty>
		 </dynamic>
	</select>
	
	<select id="countSubServiceMasterCheck" resultClass="int">
		SELECT COUNT(1) AS CNT
		  FROM ZZT_SUB_SERVICE_MASTER
		 <isPropertyAvailable property="physicalCodes">
			<isNotNull prepend="WHERE PHYSICAL_CODE IN" property="physicalCodes">
				<iterate property="physicalCodes" open="(" conjunction="," close=")">
					#physicalCodes[]#
				</iterate>
			</isNotNull>
		</isPropertyAvailable>
	</select>
	
	<select id="countRelationMasterCheck" resultClass="int">
		SELECT COUNT(1) AS CNT
		  FROM ZZT_SYSTEM_RELATION
		 <isPropertyAvailable property="physicalCodes">
			<isNotNull prepend="WHERE PHYSICAL_CODE IN" property="physicalCodes">
				<iterate property="physicalCodes" open="(" conjunction="," close=")">
					#physicalCodes[]#
				</iterate>
			</isNotNull>
		</isPropertyAvailable>
	</select>
	
	<select id="selectPhysicalDuplicateCheck" parameterClass="physical" resultClass="int">
		SELECT COUNT(1) AS CNT
		  FROM ZZT_PHYSICAL_SYSTEM
		 WHERE PHYSICAL_CODE = #physicalCode#
	</select>
	
	<insert id="insertPhysicalSystem" parameterClass="physical">
		INSERT INTO ZZT_PHYSICAL_SYSTEM(PHYSICAL_CODE, PHYSICAL_NAME, PHYSICAL_TYPE, TYPICAL_CODE, IP_ADDRESS, 
			PORT, USER_NAME, DEPARTMENT, PHONE_NUMBER, MOBILE_NUMBER, CREATE_DATE)
		VALUES(#physicalCode#, #physicalName#, #physicalType#, #typicalCode#, #physicalIp#, 
			#physicalPort#, #userName#, #department#, #phoneNumber#, #mobileNumber#, SYSDATE)
	</insert>
	
	<update id="updatePhysicalSystem" parameterClass="physical">
		UPDATE ZZT_PHYSICAL_SYSTEM
		   SET PHYSICAL_NAME = #physicalName#,
		       PHYSICAL_TYPE = #physicalType#,
		       TYPICAL_CODE = #typicalCode#,
		       IP_ADDRESS = #physicalIp#,
		       PORT = #physicalPort#,
		       USER_NAME = #userName#,
		       DEPARTMENT = #department#,
		       PHONE_NUMBER = #phoneNumber#,
		       MOBILE_NUMBER = #mobileNumber#,
		       MODIFY_DATE = SYSDATE
		 WHERE PHYSICAL_CODE = #physicalCode#
	</update>
	
	<delete id="deletePhysicalSystem">
		DELETE FROM ZZT_PHYSICAL_SYSTEM WHERE PHYSICAL_CODE = #physicalCode#
	</delete>
	
	<!-- REQ-190028 -->
	<select id="selectLogicalTreeList" resultMap="logicalSystemTreeResult">
		SELECT B.*, (CASE WHEN B.COUNT <![CDATA[>]]> 0 THEN 0 ELSE 1 END) ISLEAF 
		FROM (
			SELECT SYSTEM_CODE, PARENT_SYSTEM_CODE, SYSTEM_NAME, CREATE_DATE, MODIFY_DATE,
					(SELECT COUNT(*) FROM ZZT_SYSTEM_MASTER WHERE PARENT_SYSTEM_CODE = A.SYSTEM_CODE AND SYSTEM_CODE <![CDATA[<>]]> PARENT_SYSTEM_CODE) AS COUNT
			FROM ZZT_SYSTEM_MASTER A
			WHERE PARENT_SYSTEM_CODE =  #header#
		    ) B
		ORDER BY SYSTEM_CODE
	</select>
	
	<select id="selectSystemRelation" resultMap="physicalResult">
		SELECT A.PHYSICAL_CODE, A.PHYSICAL_NAME, A.PHYSICAL_TYPE,
		       (SELECT DECODE(#lang#, 'ko', CODE_NAME_KO, CODE_NAME_EN) 
		          FROM ZZT_TCM_CODE WHERE CODE_GROUP = 'PHYTYPE' AND CODE = A.PHYSICAL_TYPE) AS PHYSICAL_TYPE_NAME,
		       A.TYPICAL_CODE, A.IP_ADDRESS, A.PORT, A.USER_NAME, A.DEPARTMENT, A.PHONE_NUMBER, A.MOBILE_NUMBER
		  FROM ZZT_PHYSICAL_SYSTEM A
		 WHERE A.PHYSICAL_CODE IN (SELECT PHYSICAL_CODE 
		                             FROM ZZT_SYSTEM_RELATION 
		                            WHERE SYSTEM_CODE = #systemCode#
		                            <isNotEmpty prepend="AND" property="systemName">
										PHYSICAL_NAME LIKE '%' || #systemName# || '%'
									</isNotEmpty>
		                           )
	</select>
	
	<delete id="deleteSystemRelation">
		DELETE FROM ZZT_SYSTEM_RELATION WHERE SYSTEM_CODE = #systemCode#
	</delete>
	
	<delete id="deleteLogicalSystem">
		DELETE FROM ZZT_SYSTEM_MASTER WHERE SYSTEM_CODE = #systemCode#
	</delete>
	
	<statement id="saveLogicalSystem" parameterClass="logicalSystem">
		<![CDATA[
		MERGE INTO ZZT_SYSTEM_MASTER A
		USING (
		      SELECT #systemCode# AS SYSTEM_CODE,
		             #parentSystemCode# AS PARENT_SYSTEM_CODE,
		             #systemName# AS SYSTEM_NAME
		        FROM DUAL
		      ) B
		  ON (A.SYSTEM_CODE = B.SYSTEM_CODE)
		WHEN MATCHED THEN
		  UPDATE
		     SET A.PARENT_SYSTEM_CODE = B.PARENT_SYSTEM_CODE,
			     A.SYSTEM_NAME = B.SYSTEM_NAME,
			     A.MODIFY_DATE = SYSDATE
		WHEN NOT MATCHED THEN
		  INSERT (A.SYSTEM_CODE, A.PARENT_SYSTEM_CODE, A.SYSTEM_NAME, A.CREATE_DATE)
		  VALUES (B.SYSTEM_CODE, B.PARENT_SYSTEM_CODE, B.SYSTEM_NAME, SYSDATE)
		  ]]>
	</statement>
	
	<select id="selectPhysicalListPopup" resultMap="physicalResult">
	SELECT PHYSICAL_CODE, PHYSICAL_NAME, PHYSICAL_TYPE, PHYSICAL_TYPE_NAME,
		   TYPICAL_CODE, IP_ADDRESS, PORT, USER_NAME, DEPARTMENT, PHONE_NUMBER, MOBILE_NUMBER
	  FROM (
			SELECT ROWNUM AS RNUM, Z.*
			  FROM (
					SELECT A.PHYSICAL_CODE, A.PHYSICAL_NAME, A.PHYSICAL_TYPE,
					       (SELECT DECODE(#lang#, 'ko', CODE_NAME_KO, CODE_NAME_EN) 
					          FROM ZZT_TCM_CODE WHERE CODE_GROUP = 'PHYTYPE' AND CODE = A.PHYSICAL_TYPE) AS PHYSICAL_TYPE_NAME,
					       A.TYPICAL_CODE, A.IP_ADDRESS, A.PORT, A.USER_NAME, A.DEPARTMENT, A.PHONE_NUMBER, A.MOBILE_NUMBER
					  FROM ZZT_PHYSICAL_SYSTEM A
					 <dynamic prepend="WHERE">
					 	<isNotEmpty prepend="AND" property="physicalCode">
							A.PHYSICAL_CODE LIKE '%' || #physicalCode# || '%'
						</isNotEmpty>
						<isNotEmpty prepend="AND" property="systemCode">
							A.PHYSICAL_CODE NOT IN (SELECT PHYSICAL_CODE FROM ZZT_SYSTEM_RELATION WHERE SYSTEM_CODE = #systemCode#)
						</isNotEmpty>
						<isNotEmpty prepend="AND" property="physicalType">
							A.PHYSICAL_TYPE = #physicalType#
						</isNotEmpty>
					 </dynamic>
					ORDER BY A.PHYSICAL_CODE
					) Z
				WHERE ROWNUM <![CDATA[<=]]> ($pageSize$*$pageIndex$)	
			) T
		WHERE RNUM <![CDATA[>]]> ($pageSize$*$pageIndex$) - $pageSize$
		ORDER BY PHYSICAL_CODE
	</select>
	
	<select id="countPhysicalListPopup" resultClass="int">
		SELECT COUNT(1) AS TOTAL
		  FROM ZZT_PHYSICAL_SYSTEM
		 <dynamic prepend="WHERE">
		 	<isNotEmpty prepend="AND" property="physicalCode">
				PHYSICAL_CODE LIKE '%' || #physicalCode# || '%'
			</isNotEmpty>
			<isNotEmpty prepend="AND" property="systemCode">
				PHYSICAL_CODE NOT IN (SELECT PHYSICAL_CODE FROM ZZT_SYSTEM_RELATION WHERE SYSTEM_CODE = #systemCode#)
			</isNotEmpty>
			<isNotEmpty prepend="AND" property="physicalType">
				PHYSICAL_TYPE = #physicalType#
			</isNotEmpty>
		 </dynamic>
	</select>
	
	<insert id="insertSystemRelation">
		INSERT INTO ZZT_SYSTEM_RELATION (SYSTEM_CODE, PHYSICAL_CODE)
		VALUES(#systemCode#, #physicalCode#)
	</insert>
	
	<delete id="deletePhysicalRelation">
		DELETE FROM ZZT_SYSTEM_RELATION WHERE SYSTEM_CODE = #systemCode# AND PHYSICAL_CODE = #physicalCode#
	</delete>
	
	<!-- REQ-190028 -->
	<select id="selectPhysicalSystems" resultMap="physicalResult">
		SELECT A.PHYSICAL_CODE, A.PHYSICAL_NAME, A.PHYSICAL_TYPE,
		       (SELECT DECODE(#lang#, 'ko', CODE_NAME_KO, CODE_NAME_EN) 
		          FROM ZZT_TCM_CODE WHERE CODE_GROUP = 'PHYTYPE' AND CODE = A.PHYSICAL_TYPE) AS PHYSICAL_TYPE_NAME,
		       A.TYPICAL_CODE, A.IP_ADDRESS, A.PORT, A.USER_NAME, A.DEPARTMENT, A.PHONE_NUMBER, A.MOBILE_NUMBER
		  FROM ZZT_PHYSICAL_SYSTEM A
		  <dynamic prepend="WHERE">
		  	<isNotEmpty prepend="AND" property="physicalCode">
		  		PHYSICAL_CODE = #physicalCode#
		  	</isNotEmpty>
		  </dynamic>
		ORDER BY A.PHYSICAL_NAME
	</select>
	
	<!-- REQ-200407 -->
	<select id="selectCheckLogicalCount" resultClass="int">
		SELECT COUNT(1) AS CNT
		  FROM ZZT_SYSTEM_MASTER
		    WHERE SYSTEM_CODE = #systemCode# 
	</select>
	
</sqlMap>